Año,Mes,Bodega,Unidad,Linea,Grupo,Subgrupo3,Cod_solo,Codigo,Serie_lote,vencimiento_lote,Descripción,Unidad_Medida_corep,Stock,Stock Pedido,Stock Real,Costo_promedio,Costo Total,Precio Venta,costo ultimo,Fecha Ingreso Lote,stock minimo,stock maximo,alterno,ubicacion,ubicacion2,ubicacion3,fecha_creacion,Dias_inventario,ultima_venta,ultima_compra,Proveedor,und,und_cant1,dias_reposicion,no_pedir,promocion,calificacion_abc,desc_color,porcentaje_iva,Controlado,Notas,und2,und_cant2,und3,und_cant3,und4,und_cant4,Motivo_UIO,Motivo_GYE
2026,2,2025 - TALLER INOPERATIVO GYE,CODIFICACION,VIDEOJET,MÁQUINAS,,383430,383430 (19093004C51ZH),19093004C51ZH,,"VJ1040, 2M STRAIGHT UMBILICAL, IP43, 60 MICRON, 2 LINE - W/O P/H STAND",Unidad,1.0000,0.0000,1.0000,2884.0201,2884.02,0.0100,2700.0000,2019-05-10 00:00:00,,,,,,,2021-07-22,2472,,2019-05-13 00:00:00,,Und,1,,,,,,15.00,NO,Creado automaticamente,,0E-16,,0E-16,,0E-16,,
2026,2,8003 - REMISIONES GUAYAQUIL,CODIFICACION,VIDEOJET,MÁQUINAS,,383430,383430 (21277001C51ZH),21277001C51ZH,,"VJ1040, 2M STRAIGHT UMBILICAL, IP43, 60 MICRON, 2 LINE - W/O P/H STAND",Unidad,1.0000,0.0000,1.0000,3090.2800,3090.28,0.0100,2700.0000,2021-12-13 12:38:39.360000,,,,,,,2021-07-22,1525,,2021-12-15 08:30:25,,Und,1,,,,,,15.00,NO,Creado automaticamente,,0E-16,,0E-16,,0E-16,,
2026,2,1030 - BODEGA DISPONIBLE PARA LA VENTA UIO,CODIFICACION,VIDEOJET,MÁQUINAS,,383430,383430 (21277002C51ZH),21277002C51ZH,,"VJ1040, 2M STRAIGHT UMBILICAL, IP43, 60 MICRON, 2 LINE - W/O P/H STAND",Unidad,1.0000,0.0000,1.0000,3090.2800,3090.28,0.0100,2700.0000,2021-12-13 12:38:39.360000,,,,,,,2021-07-22,1525,,2021-12-15 08:30:25,,Und,1,,,,,,15.00,NO,Creado automaticamente,,0E-16,,0E-16,,0E-16,,
2026,2,8003 - REMISIONES GUAYAQUIL,CODIFICACION,VIDEOJET,MÁQUINAS,,383430,383430 (21277003C51ZH),21277003C51ZH,,"VJ1040, 2M STRAIGHT UMBILICAL, IP43, 60 MICRON, 2 LINE - W/O P/H STAND",Unidad,1.0000,0.0000,1.0000,3090.2800,3090.28,0.0100,2700.0000,2021-12-13 12:38:39.373000,,,,,,,2021-07-22,1525,,2021-12-15 08:30:25,,Und,1,,,,,,15.00,NO,Creado automaticamente,,0E-16,,0E-16,,0E-16,,
2026,2,1031 - BODEGA EQUIPOS USADOS  OPERATIVOS UIO,CODIFICACION,VIDEOJET,MÁQUINAS,,383430,383430 (21277004C51ZH),21277004C51ZH,,"VJ1040, 2M STRAIGHT UMBILICAL, IP43, 60 MICRON, 2 LINE - W/O P/H STAND",Unidad,1.0000,0.0000,1.0000,3090.2800,3090.28,0.0100,2700.0000,2021-12-13 12:38:39.373000,,,,,,,2021-07-22,1525,,2021-12-15 08:30:25,,Und,1,,,,,,15.00,NO,Creado automaticamente,,0E-16,,0E-16,,0E-16,,
2026,2,1030 - BODEGA DISPONIBLE PARA LA VENTA UIO,CODIFICACION,VIDEOJET,MÁQUINAS,,383430,383430 (21277005C51ZH),21277005C51ZH,,"VJ1040, 2M STRAIGHT UMBILICAL, IP43, 60 MICRON, 2 LINE - W/O P/H STAND",Unidad,1.0000,0.0000,1.0000,3090.2400,3090.24,0.0100,2700.0000,2021-12-13 12:38:39.373000,,,,,,,2021-07-22,1525,,2021-12-15 08:30:25,,Und,1,,,,,,15.00,NO,Creado automaticamente,,0E-16,,0E-16,,0E-16,,
2026,2,2025 - TALLER INOPERATIVO GYE,CODIFICACION,VIDEOJET,MÁQUINAS,6230,407805,407805 (2233414002TZH),2233414002TZH,10/03/2023,VJ6230 PRINTER - LH,Unidad,1.0000,0.0000,1.0000,2563.8000,2563.80,0.0100,2347.0600,2023-03-10 17:47:32.840000,,,,,,,2021-07-22,1071,,2023-03-14 06:41:38,VIDEOJET TECHNOLOGIES INT.,Und,1,,,,,COMPRA EXTERIOR,15.00,NO,,,0E-16,,0E-16,,0E-16,,
2026,2,2030 - BODEGA DISPONIBLE PARA LA VENTA GYE,CODIFICACION,VIDEOJET,MÁQUINAS,6230,407805,407805 (2430514001TZH),2430514001TZH,,VJ6230 PRINTER - LH,Unidad,1.0000,0.0000,1.0000,2631.1600,2631.16,0.0100,2347.0600,2024-12-01 09:02:31.050000,1.0000,2.0000,,,,,2021-07-22,441,,2024-12-03 07:11:26,VIDEOJET TECHNOLOGIES INT.,Und,1,,,,,COMPRA EXTERIOR,15.00,NO,,,0E-16,,0E-16,,0E-16,,
2026,2,2030 - BODEGA DISPONIBLE PARA LA VENTA GYE,CODIFICACION,VIDEOJET,MÁQUINAS,6230,407805,407805 (2515014019TZH),2515014019TZH,,VJ6230 PRINTER - LH,Unidad,1.0000,0.0000,1.0000,2565.9200,2565.92,0.0100,2347.0600,2025-08-05 14:44:57.050000,1.0000,2.0000,,,,,2021-07-22,193,,2025-08-08 08:01:31,VIDEOJET TECHNOLOGIES INT.,Und,1,,,,,COMPRA EXTERIOR,15.00,NO,,,0E-16,,0E-16,,0E-16,,
2026,2,8002 - REMISIONES QUITO,CODIFICACION,VIDEOJET,MÁQUINAS,6230,407805,407805 (2515014020TZH),2515014020TZH,,VJ6230 PRINTER - LH,Unidad,1.0000,0.0000,1.0000,2565.9200,2565.92,0.0100,2347.0600,2025-08-05 14:44:57.050000,,,,,,,2021-07-22,193,,2025-08-08 08:01:31,VIDEOJET TECHNOLOGIES INT.,Und,1,,,,,COMPRA EXTERIOR,15.00,NO,,,0E-16,,0E-16,,0E-16,,
2026,2,8003 - REMISIONES GUAYAQUIL,CODIFICACION,VIDEOJET,MÁQUINAS,6230,407805,407805 (2515014022TZH),2515014022TZH,,VJ6230 PRINTER - LH,Unidad,1.0000,0.0000,1.0000,2565.9200,2565.92,0.0100,2347.0600,2025-08-05 14:44:57.067000,,,,,,,2021-07-22,193,,2025-08-08 08:01:31,VIDEOJET TECHNOLOGIES INT.,Und,1,,,,,COMPRA EXTERIOR,15.00,NO,,,0E-16,,0E-16,,0E-16,,
2026,2,1031 - BODEGA EQUIPOS USADOS  OPERATIVOS UIO,CODIFICACION,VIDEOJET,MÁQUINAS,,407764,407764 (2523711002TZH),2523711002TZH,,VJ DATAFLEX 6330 PRINTER - RH 53MM,Unidad,1.0000,0.0000,1.0000,4748.9700,4748.97,0.0100,4247.6600,2025-10-07 17:04:27.923000,,,,,,,2021-07-22,124,,2025-10-16 12:09:44,,Und,1,,,,,,15.00,NO,,,0E-16,,0E-16,,0E-16,,
2026,2,2030 - BODEGA DISPONIBLE PARA LA VENTA GYE,CODIFICACION,VIDEOJET,CINTAS,,15-U110KQ5-1200,15-U110KQ5-1200,,,"Black, Ultra TTO RIBBON, 110mm x 1200M",Unidad,81.0000,36.0000,117.0000,91.6302,10720.73,160.8000,83.3940,,,,,B1-P39-F4,B1-P39-F5,,2025-08-20,89,2025-11-06 06:25:14,2025-11-20 09:17:20,CORPORACION DE REPRESENTACIONES Y SERVICIOS TECNICOS COREPTEC S.A.,Und,1,,,,,,15.00,NO,,,0E-16,,0E-16,,0E-16,,
2026,2,1030 - BODEGA DISPONIBLE PARA LA VENTA UIO,CODIFICACION,VIDEOJET,CINTAS,,14-E55KQ10-830,14-E55KQ10-830,,,"LPA RIBBON, BLACK, 55 mm x 830 M",Unidad,52.0000,0.0000,52.0000,9.8666,513.06,34.8900,9.4160,,21.0000,41.0000,,P34-N02,,,2025-08-20,6,2022-03-03 12:09:08,2026-02-11 14:53:36.280000,CORPORACION DE REPRESENTACIONES Y SERVICIOS TECNICOS COREPTEC S.A.,Und,1,,,,C,COMPRA EXTERIOR,15.00,NO,,,0E-16,,0E-16,,0E-16,,
2026,2,2030 - BODEGA DISPONIBLE PARA LA VENTA GYE,CODIFICACION,VIDEOJET,CINTAS,,14-E55KQ10-830,14-E55KQ10-830,,,"LPA RIBBON, BLACK, 55 mm x 830 M",Unidad,95.0000,0.0000,95.0000,9.8666,937.33,34.8900,9.4160,,18.0000,36.0000,,B1-P42-F4,,,2025-08-20,6,2026-01-12 13:22:37,2026-02-11 14:53:36.280000,CORPORACION DE REPRESENTACIONES Y SERVICIOS TECNICOS COREPTEC S.A.,Und,1,,,,,COMPRA EXTERIOR,15.00,NO,,,0E-16,,0E-16,,0E-16,,
2026,2,8001 - TRANSFERENCIAS EN TRÁNSITO,CODIFICACION,VIDEOJET,CINTAS,,14-E55KQ10-830,14-E55KQ10-830,,,"LPA RIBBON, BLACK, 55 mm x 830 M",Unidad,104.0000,0.0000,104.0000,9.8666,1026.13,34.8900,9.4160,,,,,,,,2025-08-20,6,,2026-02-11 14:53:36.280000,CORPORACION DE REPRESENTACIONES Y SERVICIOS TECNICOS COREPTEC S.A.,Und,1,,,,,COMPRA EXTERIOR,15.00,NO,,,0E-16,,0E-16,,0E-16,,
2026,2,8002 - REMISIONES QUITO,CODIFICACION,VIDEOJET,CINTAS,,14-E55KQ10-830,14-E55KQ10-830,,,"LPA RIBBON, BLACK, 55 mm x 830 M",Unidad,29.0000,0.0000,29.0000,9.8666,286.13,34.8900,9.4160,,,,,,,,2025-08-20,6,2026-01-31 04:52:10,2026-02-11 14:53:36.280000,CORPORACION DE REPRESENTACIONES Y SERVICIOS TECNICOS COREPTEC S.A.,Und,1,,,,,COMPRA EXTERIOR,15.00,NO,,,0E-16,,0E-16,,0E-16,,
2026,2,8003 - REMISIONES GUAYAQUIL,CODIFICACION,VIDEOJET,CINTAS,,14-E55KQ10-830,14-E55KQ10-830,,,"LPA RIBBON, BLACK, 55 mm x 830 M",Unidad,56.0000,0.0000,56.0000,9.8666,552.53,34.8900,9.4160,,,,,,,,2025-08-20,6,2026-01-31 04:09:00,2026-02-11 14:53:36.280000,CORPORACION DE REPRESENTACIONES Y SERVICIOS TECNICOS COREPTEC S.A.,Und,1,,,,,COMPRA EXTERIOR,15.00,NO,,,0E-16,,0E-16,,0E-16,,
2026,2,1030 - BODEGA DISPONIBLE PARA LA VENTA UIO,CODIFICACION,VIDEOJET,CINTAS,,14-E76KQ10-830,14-E76KQ10-830,,,"LPA RIBBON, BLACK, 76 mm x 830 M",Unidad,17.0000,0.0000,17.0000,15.3596,261.11,55.9500,13.6600,,1.0000,1.0000,,P33-N01,,,2025-08-20,109,,2025-10-31 07:25:22,CORPORACION DE REPRESENTACIONES Y SERVICIOS TECNICOS COREPTEC S.A.,Und,1,,,,C,,15.00,NO,,,0E-16,,0E-16,,0E-16,,
2026,2,2030 - BODEGA DISPONIBLE PARA LA VENTA GYE,CODIFICACION,VIDEOJET,CINTAS,,15-P110KQ5,15-P110KQ5,,,"THERMAL TRANSFER RIBBON, BLACK, 110 MM X 450 M, SUPER STANDARD",Unidad,2.0000,0.0000,2.0000,56.9491,113.90,189.9100,56.9500,,0.0000,0.0000,,B1-P40-F1,,,2025-08-20,204,,2025-07-28 03:32:49,CORPORACION DE REPRESENTACIONES Y SERVICIOS TECNICOS COREPTEC S.A.,Und,1,,,,N,,15.00,NO,,,0E-16,,0E-16,,0E-16,,
2026,2,2030 - BODEGA DISPONIBLE PARA LA VENTA GYE,CODIFICACION,VIDEOJET,CINTAS,,15-S110KQ5,15-S110KQ5,,,"THERMAL TRANSFER RIBBON, BLACK, 110MM X 600M, STANDARD",Unidad,2.0000,0.0000,2.0000,28.0745,56.15,117.0600,31.2700,,4.0000,8.0000,,B1-P41-F3,,,2025-08-20,204,,2025-07-28 03:32:49,CORPORACION DE REPRESENTACIONES Y SERVICIOS TECNICOS COREPTEC S.A.,Und,1,,,,N,,15.00,NO,,,0E-16,,0E-16,,0E-16,,
2026,2,2030 - BODEGA DISPONIBLE PARA LA VENTA GYE,CODIFICACION,VIDEOJET,CINTAS,,15-P30KQ25,15-P30KQ25,,,"THERMAL TRANSFER RIBBON, BLACK, 30 M X 900 M, SUPER STANDARD",Unidad,33.0000,0.0000,33.0000,35.4859,1171.03,90.9400,33.4816,,,,,B1-P40-F4,,,2025-08-20,109,2023-02-01 05:36:13,2025-10-31 07:25:22,CORPORACION DE REPRESENTACIONES Y SERVICIOS TECNICOS COREPTEC S.A.,Und,1,,,,N,,15.00,NO,,,0E-16,,0E-16,,0E-16,,
2026,2,1030 - BODEGA DISPONIBLE PARA LA VENTA UIO,CODIFICACION,VIDEOJET,CINTAS,,15-P30KQ25,15-P30KQ25,,,"THERMAL TRANSFER RIBBON, BLACK, 30 M X 900 M, SUPER STANDARD",Unidad,65.0000,0.0000,65.0000,35.4859,2306.58,90.9400,33.4816,,,,,P33-N01,,,2025-08-20,109,2025-11-12 06:09:51,2025-10-31 07:25:22,CORPORACION DE REPRESENTACIONES Y SERVICIOS TECNICOS COREPTEC S.A.,Und,1,,,,B,,15.00,NO,,,0E-16,,0E-16,,0E-16,,
2026,2,2030 - BODEGA DISPONIBLE PARA LA VENTA GYE,CODIFICACION,VIDEOJET,CINTAS,,15-R30KQ25,15-R30KQ25,,,"THERMAL TRANSFER RIBBON, BLACK, 30MM X 900M, PREMIUM",Unidad,10.0000,0.0000,10.0000,31.8986,318.99,75.3800,28.9544,,,,,B1-P40-F3,,,2025-08-20,89,,2025-11-20 09:17:20,CORPORACION DE REPRESENTACIONES Y SERVICIOS TECNICOS COREPTEC S.A.,Und,1,,,,N,,15.00,NO,,,0E-16,,0E-16,,0E-16,,
2026,2,1030 - BODEGA DISPONIBLE PARA LA VENTA UIO,CODIFICACION,VIDEOJET,CINTAS,,15-R30KQ25,15-R30KQ25,,,"THERMAL TRANSFER RIBBON, BLACK, 30MM X 900M, PREMIUM",Unidad,10.0000,0.0000,10.0000,31.8986,318.99,75.3800,28.9544,,,,,P34-N01,,,2025-08-20,89,2026-01-21 07:35:25,2025-11-20 09:17:20,CORPORACION DE REPRESENTACIONES Y SERVICIOS TECNICOS COREPTEC S.A.,Und,1,,,,,,15.00,NO,,,0E-16,,0E-16,,0E-16,,
2026,2,8001 - TRANSFERENCIAS EN TRÁNSITO,CODIFICACION,VIDEOJET,CINTAS,,15-R30KQ25,15-R30KQ25,,,"THERMAL TRANSFER RIBBON, BLACK, 30MM X 900M, PREMIUM",Unidad,15.0000,0.0000,15.0000,31.8986,478.48,75.3800,28.9544,,,,,,,,2025-08-20,89,,2025-11-20 09:17:20,CORPORACION DE REPRESENTACIONES Y SERVICIOS TECNICOS COREPTEC S.A.,Und,1,,,,,,15.00,NO,,,0E-16,,0E-16,,0E-16,,
2026,2,2030 - BODEGA DISPONIBLE PARA LA VENTA GYE,CODIFICACION,VIDEOJET,CINTAS,,15-P33KQ25-550,15-P33KQ25-550,,,"THERMAL TRANSFER RIBBON, BLACK, 33 MM X 550 M, SUPER STANDARD",Unidad,124.0000,0.0000,124.0000,25.3200,3139.68,53.0600,21.9568,,,1.0000,,B1-P41-F3,,,2025-08-20,109,2025-09-08 06:56:13,2025-10-31 07:25:22,CORPORACION DE REPRESENTACIONES Y SERVICIOS TECNICOS COREPTEC S.A.,Und,1,,,,N,,15.00,NO,,,0E-16,,0E-16,,0E-16,,
2026,2,1030 - BODEGA DISPONIBLE PARA LA VENTA UIO,CODIFICACION,VIDEOJET,CINTAS,,15-P33KQ25-550,15-P33KQ25-550,,,"THERMAL TRANSFER RIBBON, BLACK, 33 MM X 550 M, SUPER STANDARD",Unidad,94.0000,0.0000,94.0000,25.3200,2380.08,53.0600,21.9568,,13.0000,25.0000,,P34-N03,,,2025-08-20,109,2024-03-13 17:53:42,2025-10-31 07:25:22,CORPORACION DE REPRESENTACIONES Y SERVICIOS TECNICOS COREPTEC S.A.,Und,1,,,,N,,15.00,NO,,,0E-16,,0E-16,,0E-16,,
2026,2,2030 - BODEGA DISPONIBLE PARA LA VENTA GYE,CODIFICACION,VIDEOJET,CINTAS,,15-S55KQ10,15-S55KQ10,,,"THERMAL TRANSFER RIBBON, BLACK, 55MM X 1000M, STANDARD",Unidad,230.0000,0.0000,230.0000,37.3520,8590.96,84.2900,34.1120,,,,12345,B1-P40-F5,B1-P47-F1,,2025-08-20,208,2026-01-20 08:06:34,2025-07-24 15:48:24,CORPORACION DE REPRESENTACIONES Y SERVICIOS TECNICOS COREPTEC S.A.,Und,1,,,,B,,15.00,NO,,,0E-16,,0E-16,,0E-16,,
2026,2,1030 - BODEGA DISPONIBLE PARA LA VENTA UIO,CODIFICACION,VIDEOJET,CINTAS,,15-S55KQ10,15-S55KQ10,,,"THERMAL TRANSFER RIBBON, BLACK, 55MM X 1000M, STANDARD",Unidad,151.0000,0.0000,151.0000,37.3520,5640.15,84.2900,34.1120,,35.0000,71.0000,12345,P33-N03,,,2025-08-20,208,2025-11-10 08:09:08,2025-07-24 15:48:24,CORPORACION DE REPRESENTACIONES Y SERVICIOS TECNICOS COREPTEC S.A.,Und,1,,,,,,15.00,NO,,,0E-16,,0E-16,,0E-16,,
2026,2,8003 - REMISIONES GUAYAQUIL,CODIFICACION,VIDEOJET,CINTAS,,15-S55KQ10,15-S55KQ10,,,"THERMAL TRANSFER RIBBON, BLACK, 55MM X 1000M, STANDARD",Unidad,1.0000,0.0000,1.0000,37.3520,37.35,84.2900,34.1120,,,,12345,,,,2025-08-20,208,2023-11-30 07:08:08,2025-07-24 15:48:24,CORPORACION DE REPRESENTACIONES Y SERVICIOS TECNICOS COREPTEC S.A.,Und,1,,,,,,15.00,NO,,,0E-16,,0E-16,,0E-16,,
2026,2,1030 - BODEGA DISPONIBLE PARA LA VENTA UIO,CODIFICACION,VIDEOJET,CINTAS,,15-P55KQ10-600,15-P55KQ10-600,,,"THERMAL TRANSFER RIBBON, BLACK, 55MM X 600M, SUPER STANDARD",Unidad,1.0000,0.0000,1.0000,41.3094,41.31,89.5800,37.5100,,5.0000,10.0000,,P33-N03,,,2025-08-20,677,2026-02-03 10:27:06,2024-04-11 15:20:51,CORPORACION DE REPRESENTACIONES Y SERVICIOS TECNICOS COREPTEC S.A.,Und,1,,,,,,15.00,NO,,,0E-16,,0E-16,,0E-16,,
2026,2,2030 - BODEGA DISPONIBLE PARA LA VENTA GYE,CODIFICACION,VIDEOJET,CINTAS,,15-P33MWQ25,15-P33MWQ25,,,"THERMAL TRANSFER RIBBON, MET. WHITE, 33 mm X 900 M, SUPER STANDARD",Unidad,200.0000,0.0000,200.0000,26.5173,5303.46,64.9800,25.7364,,78.0000,156.0000,,B1-P47-F2,,,2025-08-20,6,2024-10-02 06:29:37,2026-02-11 14:53:36.280000,CORPORACION DE REPRESENTACIONES Y SERVICIOS TECNICOS COREPTEC S.A.,Und,1,,,,N,,15.00,NO,,,0E-16,,0E-16,,0E-16,,
2026,2,2030 - BODEGA DISPONIBLE PARA LA VENTA GYE,CODIFICACION,VIDEOJET,CINTAS,,15-U110KQ5-700,15-U110KQ5-700,,,"TT RIBBON, BLACK, 110 MM X 700 M, ULTRA",Unidad,376.0000,0.0000,376.0000,46.2277,17381.62,120.3900,41.3620,,21.0000,41.0000,,B1-P41-F1,B1-P49-F1,,2025-08-20,68,2026-02-05 06:58:43,2025-12-11 07:08:30,CORPORACION DE REPRESENTACIONES Y SERVICIOS TECNICOS COREPTEC S.A.,Und,1,,,,C,,15.00,NO,,,0E-16,,0E-16,,0E-16,,
2026,2,1030 - BODEGA DISPONIBLE PARA LA VENTA UIO,CODIFICACION,VIDEOJET,CINTAS,,15-U110KQ5-700,15-U110KQ5-700,,,"TT RIBBON, BLACK, 110 MM X 700 M, ULTRA",Unidad,13.0000,0.0000,13.0000,46.2277,600.96,120.3900,41.3620,,,,,P34-N02,,,2025-08-20,68,2025-11-18 05:51:29,2025-12-11 07:08:30,CORPORACION DE REPRESENTACIONES Y SERVICIOS TECNICOS COREPTEC S.A.,Und,1,,,,,,15.00,NO,,,0E-16,,0E-16,,0E-16,,
2026,2,8003 - REMISIONES GUAYAQUIL,CODIFICACION,VIDEOJET,CINTAS,,15-U110KQ5-700,15-U110KQ5-700,,,"TT RIBBON, BLACK, 110 MM X 700 M, ULTRA",Unidad,1.0000,0.0000,1.0000,46.2277,46.23,120.3900,41.3620,,,,,,,,2025-08-20,68,2025-04-29 08:36:11,2025-12-11 07:08:30,CORPORACION DE REPRESENTACIONES Y SERVICIOS TECNICOS COREPTEC S.A.,Und,1,,,,,,15.00,NO,,,0E-16,,0E-16,,0E-16,,
2026,2,1030 - BODEGA DISPONIBLE PARA LA VENTA UIO,CODIFICACION,VIDEOJET,CINTAS,,15-U22KQ25-700,15-U22KQ25-700,,,"TT RIBBON, BLACK, 22 MM X 700 M, ULTRA",Unidad,82.0000,0.0000,82.0000,12.0437,987.58,24.9200,11.0352,,2.0000,4.0000,,P34-N02,,,2025-08-20,109,2026-02-02 06:59:31,2025-10-31 07:25:22,CORPORACION DE REPRESENTACIONES Y SERVICIOS TECNICOS COREPTEC S.A.,Und,1,,,,B,,15.00,NO,,,0E-16,,0E-16,,0E-16,,
2026,2,2030 - BODEGA DISPONIBLE PARA LA VENTA GYE,CODIFICACION,VIDEOJET,CINTAS,,15-U22KQ25-700,15-U22KQ25-700,,,"TT RIBBON, BLACK, 22 MM X 700 M, ULTRA",Unidad,25.0000,0.0000,25.0000,12.0437,301.09,24.9200,11.0352,,,,,B1-P45-F2,,,2025-08-20,109,2021-07-20 06:18:16,2025-10-31 07:25:22,CORPORACION DE REPRESENTACIONES Y SERVICIOS TECNICOS COREPTEC S.A.,Und,1,,,,C,,15.00,NO,,,0E-16,,0E-16,,0E-16,,
2026,2,2030 - BODEGA DISPONIBLE PARA LA VENTA GYE,CODIFICACION,VIDEOJET,CINTAS,,15-U30KQ25-700,15-U30KQ25-700,,,"TT RIBBON, BLACK, 30 MM X 700 M, ULTRA",Unidad,325.0000,0.0000,325.0000,12.6150,4099.88,32.3900,12.0728,,19.0000,38.0000,,B1-P41-F4,,,2025-08-20,6,2025-12-10 05:09:19,2026-02-11 14:53:36.280000,CORPORACION DE REPRESENTACIONES Y SERVICIOS TECNICOS COREPTEC S.A.,Und,1,,,,,,15.00,NO,,,0E-16,,0E-16,,0E-16,,
2026,2,1030 - BODEGA DISPONIBLE PARA LA VENTA UIO,CODIFICACION,VIDEOJET,CINTAS,,15-U30KQ25-700,15-U30KQ25-700,,,"TT RIBBON, BLACK, 30 MM X 700 M, ULTRA",Unidad,91.0000,0.0000,91.0000,12.6150,1147.97,32.3900,12.0728,,1.0000,2.0000,,P33-N02,,,2025-08-20,6,2026-02-06 08:11:02,2026-02-11 14:53:36.280000,CORPORACION DE REPRESENTACIONES Y SERVICIOS TECNICOS COREPTEC S.A.,Und,1,,,,A,,15.00,NO,,,0E-16,,0E-16,,0E-16,,
2026,2,2020 - TALLER OPERATIVO GYE,CODIFICACION,VIDEOJET,CINTAS,,15-U30KQ25-700,15-U30KQ25-700,,,"TT RIBBON, BLACK, 30 MM X 700 M, ULTRA",Unidad,1.0000,0.0000,1.0000,12.6150,12.62,32.3900,12.0728,,,,,,,,2025-08-20,6,,2026-02-11 14:53:36.280000,CORPORACION DE REPRESENTACIONES Y SERVICIOS TECNICOS COREPTEC S.A.,Und,1,,,,,,15.00,NO,,,0E-16,,0E-16,,0E-16,,
2026,2,8002 - REMISIONES QUITO,CODIFICACION,VIDEOJET,CINTAS,,15-U30KQ25-700,15-U30KQ25-700,,,"TT RIBBON, BLACK, 30 MM X 700 M, ULTRA",Unidad,20.0000,0.0000,20.0000,12.6150,252.30,32.3900,12.0728,,,,,,,,2025-08-20,6,2024-10-31 10:17:48,2026-02-11 14:53:36.280000,CORPORACION DE REPRESENTACIONES Y SERVICIOS TECNICOS COREPTEC S.A.,Und,1,,,,,,15.00,NO,,,0E-16,,0E-16,,0E-16,,
2026,2,2030 - BODEGA DISPONIBLE PARA LA VENTA GYE,CODIFICACION,VIDEOJET,CINTAS,,15-U33KQ25-700,15-U33KQ25-700,,,"TT RIBBON, BLACK, 33 MM X 700 M, ULTRA",Unidad,25.0000,0.0000,25.0000,14.0578,351.45,33.4700,12.6848,,6.0000,12.0000,,B1-P43-F5,,,2025-08-20,265,2025-11-19 12:04:35,2025-05-28 03:01:38,CORPORACION DE REPRESENTACIONES Y SERVICIOS TECNICOS COREPTEC S.A.,Und,1,,,,C,,15.00,NO,,,0E-16,,0E-16,,0E-16,,
2026,2,2030 - BODEGA DISPONIBLE PARA LA VENTA GYE,CODIFICACION,VIDEOJET,CINTAS,,15-R33KQ25-500,15-R33KQ25-500,,,"TT RIBBON, BLACK, 33mm x 500M, PREMIUM",Unidad,17.0000,0.0000,17.0000,17.8178,302.90,45.1400,17.6948,,,,,B1-P43-F5,,,2025-08-20,109,2025-05-22 06:51:18,2025-10-31 07:25:22,CORPORACION DE REPRESENTACIONES Y SERVICIOS TECNICOS COREPTEC S.A.,Und,1,,,,,,15.00,NO,,,0E-16,,0E-16,,0E-16,,
2026,2,1030 - BODEGA DISPONIBLE PARA LA VENTA UIO,CODIFICACION,VIDEOJET,CINTAS,,15-R33KQ25-500,15-R33KQ25-500,,,"TT RIBBON, BLACK, 33mm x 500M, PREMIUM",Unidad,67.0000,0.0000,67.0000,17.8178,1193.79,45.1400,17.6948,,,,,P33-N01,,,2025-08-20,109,2025-06-20 08:16:37,2025-10-31 07:25:22,CORPORACION DE REPRESENTACIONES Y SERVICIOS TECNICOS COREPTEC S.A.,Und,1,,,,C,,15.00,NO,,,0E-16,,0E-16,,0E-16,,
2026,2,8001 - TRANSFERENCIAS EN TRÁNSITO,CODIFICACION,VIDEOJET,CINTAS,,15-R33KQ25-500,15-R33KQ25-500,,,"TT RIBBON, BLACK, 33mm x 500M, PREMIUM",Unidad,25.0000,0.0000,25.0000,17.8178,445.45,45.1400,17.6948,,,,,,,,2025-08-20,109,,2025-10-31 07:25:22,CORPORACION DE REPRESENTACIONES Y SERVICIOS TECNICOS COREPTEC S.A.,Und,1,,,,,,15.00,NO,,,0E-16,,0E-16,,0E-16,,
2026,2,8002 - REMISIONES QUITO,CODIFICACION,VIDEOJET,CINTAS,,15-R33KQ25-500,15-R33KQ25-500,,,"TT RIBBON, BLACK, 33mm x 500M, PREMIUM",Unidad,1.0000,0.0000,1.0000,17.8178,17.82,45.1400,17.6948,,,,,,,,2025-08-20,109,2023-01-31 03:55:56,2025-10-31 07:25:22,CORPORACION DE REPRESENTACIONES Y SERVICIOS TECNICOS COREPTEC S.A.,Und,1,,,,,,15.00,NO,,,0E-16,,0E-16,,0E-16,,
2026,2,2030 - BODEGA DISPONIBLE PARA LA VENTA GYE,CODIFICACION,VIDEOJET,CINTAS,,15-S33KQ25-600,15-S33KQ25-600,,,"TT RIBBON, BLACK, 33mm x 600M, STANDARD",Unidad,2.0000,0.0000,2.0000,13.6295,27.26,36.9400,12.1300,,0.0000,1.0000,,B1-P41-F3,,,2025-08-20,889,2025-08-01 10:18:10,2023-09-12 09:03:04,CORPORACION DE REPRESENTACIONES Y SERVICIOS TECNICOS COREPTEC S.A.,Und,1,,,,B,,15.00,NO,,,0E-16,,0E-16,,0E-16,,
2026,2,1030 - BODEGA DISPONIBLE PARA LA VENTA UIO,CODIFICACION,VIDEOJET,CINTAS,,15-S33KQ25-600,15-S33KQ25-600,,,"TT RIBBON, BLACK, 33mm x 600M, STANDARD",Unidad,8.0000,0.0000,8.0000,13.6295,109.04,36.9400,12.1300,,,,,P34-N01,,,2025-08-20,889,2025-09-01 10:10:46,2023-09-12 09:03:04,CORPORACION DE REPRESENTACIONES Y SERVICIOS TECNICOS COREPTEC S.A.,Und,1,,,,B,,15.00,NO,,,0E-16,,0E-16,,0E-16,,
2026,2,2030 - BODEGA DISPONIBLE PARA LA VENTA GYE,CODIFICACION,VIDEOJET,CINTAS,,15-U55KQ10-1200,15-U55KQ10-1200,,,"TT RIBBON, BLACK, 55 MM X 1200 M, ULTRA",Unidad,406.0000,0.0000,406.0000,40.6816,16516.73,101.1600,36.7260,,5.0000,10.0000,,B1-P39-F3,,,2025-08-20,68,2026-01-16 10:47:25,2025-12-11 07:08:30,CORPORACION DE REPRESENTACIONES Y SERVICIOS TECNICOS COREPTEC S.A.,Und,1,,,,A,,15.00,NO,,,0E-16,,0E-16,,0E-16,,
2026,2,1030 - BODEGA DISPONIBLE PARA LA VENTA UIO,CODIFICACION,VIDEOJET,CINTAS,,15-U55KQ10-1200,15-U55KQ10-1200,,,"TT RIBBON, BLACK, 55 MM X 1200 M, ULTRA",Unidad,26.0000,0.0000,26.0000,40.6816,1057.72,101.1600,36.7260,,18.0000,36.0000,,P34-N02,,,2025-08-20,68,2026-02-13 09:32:50,2025-12-11 07:08:30,CORPORACION DE REPRESENTACIONES Y SERVICIOS TECNICOS COREPTEC S.A.,Und,1,,,,N,,15.00,NO,,,0E-16,,0E-16,,0E-16,,
2026,2,8003 - REMISIONES GUAYAQUIL,CODIFICACION,VIDEOJET,CINTAS,,15-U55KQ10-1200,15-U55KQ10-1200,,,"TT RIBBON, BLACK, 55 MM X 1200 M, ULTRA",Unidad,21.0000,0.0000,21.0000,40.6816,854.31,101.1600,36.7260,,,,,,,,2025-08-20,68,2025-10-26 19:51:34,2025-12-11 07:08:30,CORPORACION DE REPRESENTACIONES Y SERVICIOS TECNICOS COREPTEC S.A.,Und,1,,,,,,15.00,NO,,,0E-16,,0E-16,,0E-16,,
2026,2,8002 - REMISIONES QUITO,CODIFICACION,VIDEOJET,CINTAS,,15-U55KQ10-1200,15-U55KQ10-1200,,,"TT RIBBON, BLACK, 55 MM X 1200 M, ULTRA",Unidad,8.0000,0.0000,8.0000,40.6816,325.45,101.1600,36.7260,,,,,,,,2025-08-20,68,2026-01-31 04:52:10,2025-12-11 07:08:30,CORPORACION DE REPRESENTACIONES Y SERVICIOS TECNICOS COREPTEC S.A.,Und,1,,,,,,15.00,NO,,,0E-16,,0E-16,,0E-16,,
2026,2,8003 - REMISIONES GUAYAQUIL,CODIFICACION,VIDEOJET,CINTAS,,15-S33BWQ25-450,15-S33BWQ25-450,,,"TT RIBBON, Brilliant WHITE, 33MM X 450M, STANDARD",Unidad,1.0000,0.0000,1.0000,19.8765,19.88,40.3000,16.8500,,,,,,,,2025-08-20,302,2024-09-30 03:14:30,2025-04-21 06:53:26,CORPORACION DE REPRESENTACIONES Y SERVICIOS TECNICOS COREPTEC S.A.,Und,1,,,,,,15.00,NO,,,0E-16,,0E-16,,0E-16,,
2026,2,2030 - BODEGA DISPONIBLE PARA LA VENTA GYE,CODIFICACION,VIDEOJET,CINTAS,,15-S33BWQ25-450,15-S33BWQ25-450,,,"TT RIBBON, Brilliant WHITE, 33MM X 450M, STANDARD",Unidad,58.0000,0.0000,58.0000,19.8765,1152.84,40.3000,16.8500,,5.0000,10.0000,,B1-P40-F3,,,2025-08-20,302,2026-02-13 14:17:14,2025-04-21 06:53:26,CORPORACION DE REPRESENTACIONES Y SERVICIOS TECNICOS COREPTEC S.A.,Und,1,,,,C,,15.00,NO,,,0E-16,,0E-16,,0E-16,,
2026,2,1030 - BODEGA DISPONIBLE PARA LA VENTA UIO,CODIFICACION,VIDEOJET,CINTAS,,15-S33BWQ25-450,15-S33BWQ25-450,,,"TT RIBBON, Brilliant WHITE, 33MM X 450M, STANDARD",Unidad,206.0000,0.0000,206.0000,19.8765,4094.56,40.3000,16.8500,,,,,P33-N03,,,2025-08-20,302,2021-08-23 11:59:14,2025-04-21 06:53:26,CORPORACION DE REPRESENTACIONES Y SERVICIOS TECNICOS COREPTEC S.A.,Und,1,,,,C,,15.00,NO,,,0E-16,,0E-16,,0E-16,,
2026,2,1030 - BODEGA DISPONIBLE PARA LA VENTA UIO,CODIFICACION,VIDEOJET,CINTAS,,15-R33WQ25-500,15-R33WQ25-500,,,"TT RIBBON, WHITE, 33mm x 500M, PREMIUM",Unidad,6.0000,0.0000,6.0000,27.8810,167.29,78.0600,27.8800,,,,,P34-N01,,,2025-08-20,1113,,2023-01-31 16:09:26,CORPORACION DE REPRESENTACIONES Y SERVICIOS TECNICOS COREPTEC S.A.,Und,1,,,,N,,15.00,NO,,,0E-16,,0E-16,,0E-16,,
2026,2,2030 - BODEGA DISPONIBLE PARA LA VENTA GYE,CODIFICACION,VIDEOJET,CINTAS,,15-R33WQ25-500,15-R33WQ25-500,,,"TT RIBBON, WHITE, 33mm x 500M, PREMIUM",Unidad,21.0000,0.0000,21.0000,27.8810,585.50,78.0600,27.8800,,1.0000,2.0000,,B1-P43-F3,,,2025-08-20,1113,2021-12-09 09:54:40,2023-01-31 16:09:26,CORPORACION DE REPRESENTACIONES Y SERVICIOS TECNICOS COREPTEC S.A.,Und,1,,,,N,,15.00,NO,,,0E-16,,0E-16,,0E-16,,
2026,2,8002 - REMISIONES QUITO,CODIFICACION,VIDEOJET,ACCESORIOS,,401016-1580CR,401016-1580CR,,,CONSOLA ACERO INOXIDABLE CERRADA RUEDAS VJ1580,Unidad,3.0000,0.0000,3.0000,103.1556,309.47,251.5900,105.0000,,,,,,,,2025-01-16,197,2025-11-30 11:33:43,2025-08-04 09:39:00,CORPORACION DE REPRESENTACIONES Y SERVICIOS TECNICOS COREPTEC S.A.,Und,1,,,,,,15.00,NO,,,0E-16,,0E-16,,0E-16,,
2026,2,4030 - BODEGA DISPONIBLE PARA LA VENTA MANTA,CODIFICACION,VIDEOJET,ACCESORIOS,,401016-1580CR,401016-1580CR,,,CONSOLA ACERO INOXIDABLE CERRADA RUEDAS VJ1580,Unidad,1.0000,0.0000,1.0000,103.1556,103.16,251.5900,105.0000,,0.0000,0.0000,,,,,2025-01-16,197,2021-10-14 17:56:40,2025-08-04 09:39:00,CORPORACION DE REPRESENTACIONES Y SERVICIOS TECNICOS COREPTEC S.A.,Und,1,,,,C,,15.00,NO,,,0E-16,,0E-16,,0E-16,,
2026,2,8004 - REMISIONES MANTA,CODIFICACION,VIDEOJET,ACCESORIOS,,401016-1580CR,401016-1580CR,,,CONSOLA ACERO INOXIDABLE CERRADA RUEDAS VJ1580,Unidad,1.0000,0.0000,1.0000,103.1556,103.16,251.5900,105.0000,,,,,,,,2025-01-16,197,2024-09-19 04:19:37,2025-08-04 09:39:00,CORPORACION DE REPRESENTACIONES Y SERVICIOS TECNICOS COREPTEC S.A.,Und,1,,,,,,15.00,NO,,,0E-16,,0E-16,,0E-16,,
2026,2,8004 - REMISIONES MANTA,CODIFICACION,VIDEOJET,ACCESORIOS,,SCV-001,SCV-001,,,SOPORTE CABEZAL,Unidad,1.0000,0.0000,1.0000,93.3150,93.32,312.3800,95.0000,,,,,,,,2025-01-16,197,2024-08-27 16:41:22,2025-08-04 09:39:00,CORPORACION DE REPRESENTACIONES Y SERVICIOS TECNICOS COREPTEC S.A.,Und,1,,,,,,15.00,NO,,,0E-16,,0E-16,,0E-16,,
2026,2,8003 - REMISIONES GUAYAQUIL,CODIFICACION,VIDEOJET,ACCESORIOS,,SCV-001,SCV-001,,,SOPORTE CABEZAL,Unidad,1.0000,0.0000,1.0000,93.3150,93.32,312.3800,95.0000,,,,,,,,2025-01-16,197,2025-12-31 13:00:13,2025-08-04 09:39:00,CORPORACION DE REPRESENTACIONES Y SERVICIOS TECNICOS COREPTEC S.A.,Und,1,,,,,,15.00,NO,,,0E-16,,0E-16,,0E-16,,
2026,2,8002 - REMISIONES QUITO,CODIFICACION,VIDEOJET,ACCESORIOS,,SCV-001,SCV-001,,,SOPORTE CABEZAL,Unidad,3.0000,0.0000,3.0000,93.3150,279.95,312.3800,95.0000,,,,,,,,2025-01-16,197,2025-07-31 05:18:26,2025-08-04 09:39:00,CORPORACION DE REPRESENTACIONES Y SERVICIOS TECNICOS COREPTEC S.A.,Und,1,,,,,,15.00,NO,,,0E-16,,0E-16,,0E-16,,
2026,2,8002 - REMISIONES QUITO,CODIFICACION,VIDEOJET,CINTAS,,14-E110KQ5-830,14-E110KQ5-830,,,"LPA RIBBON, BLACK, 110 mm x 830 M, REGULAR GRADE, 5  PER CASE",Unidad,2.0000,0.0000,2.0000,20.7398,41.48,62.9100,18.8320,,,,,,,,2025-08-20,109,2025-07-31 05:53:22,2025-10-31 07:25:22,CORPORACION DE REPRESENTACIONES Y SERVICIOS TECNICOS COREPTEC S.A.,Und,1,,,,,,15.00,NO,,,0E-16,,0E-16,,0E-16,,
2026,2,8003 - REMISIONES GUAYAQUIL,CODIFICACION,VIDEOJET,CINTAS,,14-E110KQ5-830,14-E110KQ5-830,,,"LPA RIBBON, BLACK, 110 mm x 830 M, REGULAR GRADE, 5  PER CASE",Unidad,290.0000,0.0000,290.0000,20.7398,6014.54,62.9100,18.8320,,,,,,,,2025-08-20,109,2026-01-31 19:07:44,2025-10-31 07:25:22,CORPORACION DE REPRESENTACIONES Y SERVICIOS TECNICOS COREPTEC S.A.,Und,1,,,,,,15.00,NO,,,0E-16,,0E-16,,0E-16,,
2026,2,8001 - TRANSFERENCIAS EN TRÁNSITO,CODIFICACION,VIDEOJET,CINTAS,,14-E110KQ5-830,14-E110KQ5-830,,,"LPA RIBBON, BLACK, 110 mm x 830 M, REGULAR GRADE, 5  PER CASE",Unidad,100.0000,0.0000,100.0000,20.7398,2073.98,62.9100,18.8320,,,,,,,,2025-08-20,109,,2025-10-31 07:25:22,CORPORACION DE REPRESENTACIONES Y SERVICIOS TECNICOS COREPTEC S.A.,Und,1,,,,,,15.00,NO,,,0E-16,,0E-16,,0E-16,,
2026,2,1030 - BODEGA DISPONIBLE PARA LA VENTA UIO,CODIFICACION,VIDEOJET,CINTAS,,14-E110KQ5-830,14-E110KQ5-830,,,"LPA RIBBON, BLACK, 110 mm x 830 M, REGULAR GRADE, 5  PER CASE",Unidad,26.0000,0.0000,26.0000,20.7398,539.23,62.9100,18.8320,,,,,P34-N03,,,2025-08-20,109,2026-01-21 05:03:05,2025-10-31 07:25:22,CORPORACION DE REPRESENTACIONES Y SERVICIOS TECNICOS COREPTEC S.A.,Und,1,,,,C,,15.00,NO,,,0E-16,,0E-16,,0E-16,,
2026,2,2030 - BODEGA DISPONIBLE PARA LA VENTA GYE,CODIFICACION,VIDEOJET,CINTAS,,14-E110KQ5-830,14-E110KQ5-830,,,"LPA RIBBON, BLACK, 110 mm x 830 M, REGULAR GRADE, 5  PER CASE",Unidad,4084.0000,0.0000,4084.0000,20.7398,84701.34,62.9100,18.8320,,177.0000,353.0000,,B1-P42-F1,B1-P42-F2,,2025-08-20,109,2026-02-11 08:29:48,2025-10-31 07:25:22,CORPORACION DE REPRESENTACIONES Y SERVICIOS TECNICOS COREPTEC S.A.,Und,1,,,,,,15.00,NO,,,0E-16,,0E-16,,0E-16,,
2026,2,2030 - BODEGA DISPONIBLE PARA LA VENTA GYE,CODIFICACION,VIDEOJET,CINTAS,,15-U33KQ25-1200,15-U33KQ25-1200,,,"TT RIBBON, BLACK, 33 MM X 1200 M, ULTRA GRADE, 25 PER CASE",Unidad,323.0000,0.0000,323.0000,25.0547,8092.67,57.6900,23.4556,,99.0000,199.0000,,B1-P41-F2,B1-P47-F4,,2025-08-20,161,,2025-09-09 08:00:33,CORPORACION DE REPRESENTACIONES Y SERVICIOS TECNICOS COREPTEC S.A.,Und,1,,,,N,,15.00,NO,,,0E-16,,0E-16,,0E-16,,
2026,2,1030 - BODEGA DISPONIBLE PARA LA VENTA UIO,CODIFICACION,VIDEOJET,FLUIDOS,,20943,20943,,,TINTA MARSH UNICORNIO,Unidad,10.0000,0.0000,10.0000,6.4125,64.13,22.9600,5.9000,,,,,P15-N02,,,2025-08-20,25,2026-01-22 06:48:43,2026-01-23 07:46:41,VIDEOJET TECHNOLOGIES INT.,Und,1,,,,A,,15.00,NO,,,0E-16,,0E-16,,0E-16,,
2026,2,2030 - BODEGA DISPONIBLE PARA LA VENTA GYE,CODIFICACION,VIDEOJET,FLUIDOS,,20943,20943,,,TINTA MARSH UNICORNIO,Unidad,35.0000,0.0000,35.0000,6.4125,224.44,22.9600,5.9000,,4.0000,8.0000,,B1-P37-F2,,,2025-08-20,25,2026-02-12 13:55:35,2026-01-23 07:46:41,VIDEOJET TECHNOLOGIES INT.,Und,1,,,,A,,15.00,NO,,,0E-16,,0E-16,,0E-16,,
2026,2,8003 - REMISIONES GUAYAQUIL,CODIFICACION,VIDEOJET,FLUIDOS,,20943,20943,,,TINTA MARSH UNICORNIO,Unidad,24.0000,0.0000,24.0000,6.4125,153.90,22.9600,5.9000,,,,,,,,2025-08-20,25,2023-12-14 18:26:20,2026-01-23 07:46:41,VIDEOJET TECHNOLOGIES INT.,Und,1,,,,A,,15.00,NO,,,0E-16,,0E-16,,0E-16,,
2026,2,2030 - BODEGA DISPONIBLE PARA LA VENTA GYE,CODIFICACION,VIDEOJET,FLUIDOS,,20947,20947,,,SOLVENTE UNICORNIO,Unidad,47.0000,0.0000,47.0000,6.4202,301.75,19.2900,5.8100,,,,,B1-P37-F2,,,2025-08-20,117,2025-06-19 06:40:20,2025-10-23 13:24:20,VIDEOJET TECHNOLOGIES INT.,Und,1,,,,B,,15.00,NO,,,0E-16,,0E-16,,0E-16,,
2026,2,1030 - BODEGA DISPONIBLE PARA LA VENTA UIO,CODIFICACION,VIDEOJET,FLUIDOS,,20947,20947,,,SOLVENTE UNICORNIO,Unidad,35.0000,0.0000,35.0000,6.4202,224.71,19.2900,5.8100,,,,,P15-N02,,,2025-08-20,117,2025-06-09 20:51:20,2025-10-23 13:24:20,VIDEOJET TECHNOLOGIES INT.,Und,1,,,,B,,15.00,NO,,,0E-16,,0E-16,,0E-16,,
2026,2,1030 - BODEGA DISPONIBLE PARA LA VENTA UIO,CODIFICACION,VIDEOJET,FLUIDOS,,16-3601Q,16-3601Q (253034485EG),253034485EG,30/04/2028,MEK/METIL ETIL CETONA PQT (MEK LIMPIEZA CONTROLADO) BOTELLA DE 0.95 LITROS,Unidad,40.0000,0.0000,40.0000,8.2040,328.16,41.3400,7.5700,2025-12-31 10:12:56.183000,0.0000,1.0000,,P02-N01,,,2025-08-20,25,2026-02-13 08:25:51,2026-01-23 07:46:41,VIDEOJET TECHNOLOGIES INT.,Und,1,,,,C,,15.00,SI,,,0E-16,,0E-16,,0E-16,,
2026,2,2030 - BODEGA DISPONIBLE PARA LA VENTA GYE,CODIFICACION,VIDEOJET,FLUIDOS,,16-3601Q,16-3601Q (253034485EG),253034485EG,30/04/2028,MEK/METIL ETIL CETONA PQT (MEK LIMPIEZA CONTROLADO) BOTELLA DE 0.95 LITROS,Unidad,96.0000,0.0000,96.0000,8.2040,787.58,41.3400,7.5700,2025-12-31 10:12:56.183000,,,,B1-P16-F1,B1-P16-F2,,2025-08-20,25,2026-02-10 08:44:45,2026-01-23 07:46:41,VIDEOJET TECHNOLOGIES INT.,Und,1,,,,C,,15.00,SI,,,0E-16,,0E-16,,0E-16,,
2026,2,8003 - REMISIONES GUAYAQUIL,CODIFICACION,VIDEOJET,FLUIDOS,,16-3601Q,16-3601Q (252263282EG),252263282EG,14/02/2028,MEK/METIL ETIL CETONA PQT (MEK LIMPIEZA CONTROLADO) BOTELLA DE 0.95 LITROS,Unidad,1.0000,0.0000,1.0000,8.3808,8.38,41.3400,7.5700,2025-10-22 18:17:12.790000,,,,,,,2025-08-20,84,,2025-11-25 07:59:06,VIDEOJET TECHNOLOGIES INT.,Und,1,,,,C,,15.00,SI,,,0E-16,,0E-16,,0E-16,,
2026,2,1129 - DELCAMPO S.A.S,CODIFICACION,VIDEOJET,FLUIDOS,,16-3601Q,16-3601Q (252263282EG),252263282EG,14/02/2028,MEK/METIL ETIL CETONA PQT (MEK LIMPIEZA CONTROLADO) BOTELLA DE 0.95 LITROS,Unidad,3.0000,0.0000,3.0000,8.3808,25.14,41.3400,7.5700,2025-10-22 18:17:12.790000,12.0000,23.0000,,,,,2025-08-20,84,,2025-11-25 07:59:06,VIDEOJET TECHNOLOGIES INT.,Und,1,,,,C,,15.00,SI,,,0E-16,,0E-16,,0E-16,,
2026,2,2110 - THE TESALIA SPRINGS COMPANY S.A. GUAYAQUIL,CODIFICACION,VIDEOJET,FLUIDOS,,16-3601Q,16-3601Q (252263282EG),252263282EG,14/02/2028,MEK/METIL ETIL CETONA PQT (MEK LIMPIEZA CONTROLADO) BOTELLA DE 0.95 LITROS,Unidad,3.0000,0.0000,3.0000,8.3808,25.14,41.3400,7.5700,2025-10-22 18:17:12.790000,11.0000,22.0000,,,,,2025-08-20,84,,2025-11-25 07:59:06,VIDEOJET TECHNOLOGIES INT.,Und,1,,,,C,,15.00,SI,,,0E-16,,0E-16,,0E-16,,
2026,2,2112 - INDUSTRIAS ALES C.A.,CODIFICACION,VIDEOJET,FLUIDOS,,16-3601Q,16-3601Q (252263282EG),252263282EG,14/02/2028,MEK/METIL ETIL CETONA PQT (MEK LIMPIEZA CONTROLADO) BOTELLA DE 0.95 LITROS,Unidad,2.0000,0.0000,2.0000,8.3808,16.76,41.3400,7.5700,2025-10-22 18:17:12.790000,1.0000,3.0000,,,,,2025-08-20,84,,2025-11-25 07:59:06,VIDEOJET TECHNOLOGIES INT.,Und,1,,,,C,,15.00,SI,,,0E-16,,0E-16,,0E-16,,
2026,2,1113 - THE TESALIA SPRINGS COMPANY S.A. MACHACHI,CODIFICACION,VIDEOJET,FLUIDOS,,16-3601Q,16-3601Q (252263282EG),252263282EG,14/02/2028,MEK/METIL ETIL CETONA PQT (MEK LIMPIEZA CONTROLADO) BOTELLA DE 0.95 LITROS,Unidad,2.0000,0.0000,2.0000,8.3808,16.76,41.3400,7.5700,2025-10-22 18:17:12.790000,1.0000,2.0000,,,,,2025-08-20,84,,2025-11-25 07:59:06,VIDEOJET TECHNOLOGIES INT.,Und,1,,,,C,,15.00,SI,,,0E-16,,0E-16,,0E-16,,
2026,2,1124 - QUALA ECUADOR S.A.,CODIFICACION,VIDEOJET,FLUIDOS,,16-3601Q,16-3601Q (252263282EG),252263282EG,14/02/2028,MEK/METIL ETIL CETONA PQT (MEK LIMPIEZA CONTROLADO) BOTELLA DE 0.95 LITROS,Unidad,2.0000,0.0000,2.0000,8.3808,16.76,41.3400,7.5700,2025-10-22 18:17:12.790000,1.0000,3.0000,,,,,2025-08-20,84,,2025-11-25 07:59:06,VIDEOJET TECHNOLOGIES INT.,Und,1,,,,C,,15.00,SI,,,0E-16,,0E-16,,0E-16,,
2026,2,2109 - CERVECERIA NACIONAL CN S.A. GUAYAQUIL,CODIFICACION,VIDEOJET,FLUIDOS,,16-3601Q,16-3601Q (252263282EG),252263282EG,14/02/2028,MEK/METIL ETIL CETONA PQT (MEK LIMPIEZA CONTROLADO) BOTELLA DE 0.95 LITROS,Unidad,3.0000,0.0000,3.0000,8.3808,25.14,41.3400,7.5700,2025-10-22 18:17:12.790000,7.0000,13.0000,,,,,2025-08-20,84,,2025-11-25 07:59:06,VIDEOJET TECHNOLOGIES INT.,Und,1,,,,C,,15.00,SI,,,0E-16,,0E-16,,0E-16,,
2026,2,2105 - THE TESALIA SPRINGS COMPANY S.A. MILAGRO,CODIFICACION,VIDEOJET,FLUIDOS,,16-3601Q,16-3601Q (252263282EG),252263282EG,14/02/2028,MEK/METIL ETIL CETONA PQT (MEK LIMPIEZA CONTROLADO) BOTELLA DE 0.95 LITROS,Unidad,3.0000,0.0000,3.0000,8.3808,25.14,41.3400,7.5700,2025-10-22 18:17:12.790000,6.0000,11.0000,,,,,2025-08-20,84,,2025-11-25 07:59:06,VIDEOJET TECHNOLOGIES INT.,Und,1,,,,C,,15.00,SI,,,0E-16,,0E-16,,0E-16,,
2026,2,2106 - BEBIDAS ARCACONTINENTAL GUAYAQUIL,CODIFICACION,VIDEOJET,FLUIDOS,,16-3601Q,16-3601Q (252263282EG),252263282EG,14/02/2028,MEK/METIL ETIL CETONA PQT (MEK LIMPIEZA CONTROLADO) BOTELLA DE 0.95 LITROS,Unidad,1.0000,0.0000,1.0000,8.3808,8.38,41.3400,7.5700,2025-10-22 18:17:12.790000,3.0000,7.0000,,,,,2025-08-20,84,,2025-11-25 07:59:06,VIDEOJET TECHNOLOGIES INT.,Und,1,,,,C,,15.00,SI,,,0E-16,,0E-16,,0E-16,,
2026,2,1109 - FERRERO DEL ECUADOR S.A.,CODIFICACION,VIDEOJET,FLUIDOS,,16-3601Q,16-3601Q (252263282EG),252263282EG,14/02/2028,MEK/METIL ETIL CETONA PQT (MEK LIMPIEZA CONTROLADO) BOTELLA DE 0.95 LITROS,Unidad,1.0000,0.0000,1.0000,8.3808,8.38,41.3400,7.5700,2025-10-22 18:17:12.790000,4.0000,8.0000,,,,,2025-08-20,84,,2025-11-25 07:59:06,VIDEOJET TECHNOLOGIES INT.,Und,1,,,,C,,15.00,SI,,,0E-16,,0E-16,,0E-16,,
2026,2,1115 - ECUAJUGOS S.A.,CODIFICACION,VIDEOJET,FLUIDOS,,16-3601Q,16-3601Q (252263282EG),252263282EG,14/02/2028,MEK/METIL ETIL CETONA PQT (MEK LIMPIEZA CONTROLADO) BOTELLA DE 0.95 LITROS,Unidad,1.0000,0.0000,1.0000,8.3808,8.38,41.3400,7.5700,2025-10-22 18:17:12.790000,1.0000,3.0000,,,,,2025-08-20,84,,2025-11-25 07:59:06,VIDEOJET TECHNOLOGIES INT.,Und,1,,,,C,,15.00,SI,,,0E-16,,0E-16,,0E-16,,
2026,2,2108 - PUERTOMAR S.A.,CODIFICACION,VIDEOJET,FLUIDOS,,16-3601Q,16-3601Q (252163093EG),252163093EG,04/02/2028,MEK/METIL ETIL CETONA PQT (MEK LIMPIEZA CONTROLADO) BOTELLA DE 0.95 LITROS,Unidad,3.0000,0.0000,3.0000,8.3714,25.11,41.3400,7.5700,2025-09-23 15:32:07.347000,1.0000,2.0000,,,,,2025-08-20,84,,2025-11-25 07:59:06,VIDEOJET TECHNOLOGIES INT.,Und,1,,,,C,,15.00,SI,,,0E-16,,0E-16,,0E-16,,
2026,2,2106 - BEBIDAS ARCACONTINENTAL GUAYAQUIL,CODIFICACION,VIDEOJET,FLUIDOS,,16-3601Q,16-3601Q (252163093EG),252163093EG,04/02/2028,MEK/METIL ETIL CETONA PQT (MEK LIMPIEZA CONTROLADO) BOTELLA DE 0.95 LITROS,Unidad,2.0000,0.0000,2.0000,8.3714,16.74,41.3400,7.5700,2025-09-23 15:32:07.347000,3.0000,7.0000,,,,,2025-08-20,84,,2025-11-25 07:59:06,VIDEOJET TECHNOLOGIES INT.,Und,1,,,,C,,15.00,SI,,,0E-16,,0E-16,,0E-16,,
2026,2,2105 - THE TESALIA SPRINGS COMPANY S.A. MILAGRO,CODIFICACION,VIDEOJET,FLUIDOS,,16-3601Q,16-3601Q (252163093EG),252163093EG,04/02/2028,MEK/METIL ETIL CETONA PQT (MEK LIMPIEZA CONTROLADO) BOTELLA DE 0.95 LITROS,Unidad,3.0000,0.0000,3.0000,8.3714,25.11,41.3400,7.5700,2025-09-23 15:32:07.347000,6.0000,11.0000,,,,,2025-08-20,84,,2025-11-25 07:59:06,VIDEOJET TECHNOLOGIES INT.,Und,1,,,,C,,15.00,SI,,,0E-16,,0E-16,,0E-16,,
2026,2,8004 - REMISIONES MANTA,CODIFICACION,VIDEOJET,FLUIDOS,,16-3601Q,16-3601Q (252163093EG),252163093EG,04/02/2028,MEK/METIL ETIL CETONA PQT (MEK LIMPIEZA CONTROLADO) BOTELLA DE 0.95 LITROS,Unidad,2.0000,0.0000,2.0000,8.3714,16.74,41.3400,7.5700,2025-09-23 15:32:07.347000,,,,,,,2025-08-20,84,,2025-11-25 07:59:06,VIDEOJET TECHNOLOGIES INT.,Und,1,,,,C,,15.00,SI,,,0E-16,,0E-16,,0E-16,,
2026,2,1100 - AGROPESA INDUSTRIA AGROPECUARIA ECUATORIANA,CODIFICACION,VIDEOJET,FLUIDOS,,16-3601Q,16-3601Q (251542206EG),251542206EG,03/12/2027,MEK/METIL ETIL CETONA PQT (MEK LIMPIEZA CONTROLADO) BOTELLA DE 0.95 LITROS,Unidad,2.0000,0.0000,2.0000,8.3160,16.63,41.3400,7.5700,2025-07-30 15:12:46.173000,0.0000,1.0000,,,,,2025-08-20,201,,2025-07-31 07:11:52,VIDEOJET TECHNOLOGIES INT.,Und,1,,,,C,,15.00,SI,,,0E-16,,0E-16,,0E-16,,
2026,2,8003 - REMISIONES GUAYAQUIL,CODIFICACION,VIDEOJET,FLUIDOS,,16-3601Q,16-3601Q (251542206EG),251542206EG,03/12/2027,MEK/METIL ETIL CETONA PQT (MEK LIMPIEZA CONTROLADO) BOTELLA DE 0.95 LITROS,Unidad,1.0000,0.0000,1.0000,8.3160,8.32,41.3400,7.5700,2025-07-30 15:12:46.173000,,,,,,,2025-08-20,201,,2025-07-31 07:11:52,VIDEOJET TECHNOLOGIES INT.,Und,1,,,,C,,15.00,SI,,,0E-16,,0E-16,,0E-16,,
2026,2,1122 - CONFITECA C.A.,CODIFICACION,VIDEOJET,FLUIDOS,,16-3601Q,16-3601Q (253034485EG),253034485EG,30/04/2028,MEK/METIL ETIL CETONA PQT (MEK LIMPIEZA CONTROLADO) BOTELLA DE 0.95 LITROS,Unidad,7.0000,0.0000,7.0000,8.2040,57.43,41.3400,7.5700,2025-12-31 10:12:56.183000,,,,,,,2025-08-20,25,,2026-01-23 07:46:41,VIDEOJET TECHNOLOGIES INT.,Und,1,,,,C,,15.00,SI,,,0E-16,,0E-16,,0E-16,,
2026,2,4030 - BODEGA DISPONIBLE PARA LA VENTA MANTA,CODIFICACION,VIDEOJET,FLUIDOS,,16-3601Q,16-3601Q (253034485EG),253034485EG,30/04/2028,MEK/METIL ETIL CETONA PQT (MEK LIMPIEZA CONTROLADO) BOTELLA DE 0.95 LITROS,Unidad,2.0000,0.0000,2.0000,8.2040,16.41,41.3400,7.5700,2025-12-31 10:12:56.183000,,,,,,,2025-08-20,25,,2026-01-23 07:46:41,VIDEOJET TECHNOLOGIES INT.,Und,1,,,,C,,15.00,SI,,,0E-16,,0E-16,,0E-16,,
2026,2,8001 - TRANSFERENCIAS EN TRÁNSITO,CODIFICACION,VIDEOJET,FLUIDOS,,16-3601Q,16-3601Q (253034485EG),253034485EG,30/04/2028,MEK/METIL ETIL CETONA PQT (MEK LIMPIEZA CONTROLADO) BOTELLA DE 0.95 LITROS,Unidad,67.0000,0.0000,67.0000,8.2040,549.67,41.3400,7.5700,2025-12-31 10:12:56.183000,,,,,,,2025-08-20,25,,2026-01-23 07:46:41,VIDEOJET TECHNOLOGIES INT.,Und,1,,,,C,,15.00,SI,,,0E-16,,0E-16,,0E-16,,
2026,2,2109 - CERVECERIA NACIONAL CN S.A. GUAYAQUIL,CODIFICACION,VIDEOJET,FLUIDOS,,16-3601Q,16-3601Q (253034485EG),253034485EG,30/04/2028,MEK/METIL ETIL CETONA PQT (MEK LIMPIEZA CONTROLADO) BOTELLA DE 0.95 LITROS,Unidad,1.0000,0.0000,1.0000,8.2040,8.20,41.3400,7.5700,2025-12-31 10:12:56.183000,7.0000,13.0000,,,,,2025-08-20,25,,2026-01-23 07:46:41,VIDEOJET TECHNOLOGIES INT.,Und,1,,,,C,,15.00,SI,,,0E-16,,0E-16,,0E-16,,
2026,2,2112 - INDUSTRIAS ALES C.A.,CODIFICACION,VIDEOJET,FLUIDOS,,16-3601Q,16-3601Q (253034485EG),253034485EG,30/04/2028,MEK/METIL ETIL CETONA PQT (MEK LIMPIEZA CONTROLADO) BOTELLA DE 0.95 LITROS,Unidad,4.0000,0.0000,4.0000,8.2040,32.82,41.3400,7.5700,2025-12-31 10:12:56.183000,1.0000,3.0000,,,,,2025-08-20,25,,2026-01-23 07:46:41,VIDEOJET TECHNOLOGIES INT.,Und,1,,,,C,,15.00,SI,,,0E-16,,0E-16,,0E-16,,
2026,2,1111 - REYLACTEOS C.L. SANGOLQUÍ,CODIFICACION,VIDEOJET,FLUIDOS,,16-3601Q,16-3601Q (253034485EG),253034485EG,30/04/2028,MEK/METIL ETIL CETONA PQT (MEK LIMPIEZA CONTROLADO) BOTELLA DE 0.95 LITROS,Unidad,1.0000,0.0000,1.0000,8.2040,8.20,41.3400,7.5700,2025-12-31 10:12:56.183000,,,,,,,2025-08-20,25,,2026-01-23 07:46:41,VIDEOJET TECHNOLOGIES INT.,Und,1,,,,C,,15.00,SI,,,0E-16,,0E-16,,0E-16,,
2026,2,1127 - BEBIDAS ARCACONTINENTAL QUITO,CODIFICACION,VIDEOJET,FLUIDOS,,16-3601Q,16-3601Q (253034485EG),253034485EG,30/04/2028,MEK/METIL ETIL CETONA PQT (MEK LIMPIEZA CONTROLADO) BOTELLA DE 0.95 LITROS,Unidad,3.0000,0.0000,3.0000,8.2040,24.61,41.3400,7.5700,2025-12-31 10:12:56.183000,4.0000,7.0000,,,,,2025-08-20,25,,2026-01-23 07:46:41,VIDEOJET TECHNOLOGIES INT.,Und,1,,,,C,,15.00,SI,,,0E-16,,0E-16,,0E-16,,
2026,2,1123 - ALIMENTOS SUPERIOR ALSUPERIOR S.A.,CODIFICACION,VIDEOJET,FLUIDOS,,16-3601Q,16-3601Q (253034485EG),253034485EG,30/04/2028,MEK/METIL ETIL CETONA PQT (MEK LIMPIEZA CONTROLADO) BOTELLA DE 0.95 LITROS,Unidad,4.0000,0.0000,4.0000,8.2040,32.82,41.3400,7.5700,2025-12-31 10:12:56.183000,2.0000,4.0000,,,,,2025-08-20,25,,2026-01-23 07:46:41,VIDEOJET TECHNOLOGIES INT.,Und,1,,,,C,,15.00,SI,,,0E-16,,0E-16,,0E-16,,
2026,2,2104 - INDUSTRIAS LACTEAS TONI SA,CODIFICACION,VIDEOJET,FLUIDOS,,16-3601Q,16-3601Q (253034485EG),253034485EG,30/04/2028,MEK/METIL ETIL CETONA PQT (MEK LIMPIEZA CONTROLADO) BOTELLA DE 0.95 LITROS,Unidad,4.0000,0.0000,4.0000,8.2040,32.82,41.3400,7.5700,2025-12-31 10:12:56.183000,28.0000,56.0000,,,,,2025-08-20,25,,2026-01-23 07:46:41,VIDEOJET TECHNOLOGIES INT.,Und,1,,,,C,,15.00,SI,,,0E-16,,0E-16,,0E-16,,
2026,2,1110 - REYLACTEOS C.L. SANTO DOMINGO,CODIFICACION,VIDEOJET,FLUIDOS,,16-3601Q,16-3601Q (253034485EG),253034485EG,30/04/2028,MEK/METIL ETIL CETONA PQT (MEK LIMPIEZA CONTROLADO) BOTELLA DE 0.95 LITROS,Unidad,3.0000,0.0000,3.0000,8.2040,24.61,41.3400,7.5700,2025-12-31 10:12:56.183000,,,,,,,2025-08-20,25,,2026-01-23 07:46:41,VIDEOJET TECHNOLOGIES INT.,Und,1,,,,C,,15.00,SI,,,0E-16,,0E-16,,0E-16,,
2026,2,1129 - DELCAMPO S.A.S,CODIFICACION,VIDEOJET,FLUIDOS,,16-3601Q,16-3601Q (253034485EG),253034485EG,30/04/2028,MEK/METIL ETIL CETONA PQT (MEK LIMPIEZA CONTROLADO) BOTELLA DE 0.95 LITROS,Unidad,6.0000,0.0000,6.0000,8.2040,49.22,41.3400,7.5700,2025-12-31 10:12:56.183000,12.0000,23.0000,,,,,2025-08-20,25,,2026-01-23 07:46:41,VIDEOJET TECHNOLOGIES INT.,Und,1,,,,C,,15.00,SI,,,0E-16,,0E-16,,0E-16,,
2026,2,1130 - INPROLAC S.A.,CODIFICACION,VIDEOJET,FLUIDOS,,16-3601Q,16-3601Q (253034485EG),253034485EG,30/04/2028,MEK/METIL ETIL CETONA PQT (MEK LIMPIEZA CONTROLADO) BOTELLA DE 0.95 LITROS,Unidad,4.0000,0.0000,4.0000,8.2040,32.82,41.3400,7.5700,2025-12-31 10:12:56.183000,,,,,,,2025-08-20,25,,2026-01-23 07:46:41,VIDEOJET TECHNOLOGIES INT.,Und,1,,,,C,,15.00,SI,,,0E-16,,0E-16,,0E-16,,
2026,2,4030 - BODEGA DISPONIBLE PARA LA VENTA MANTA,CODIFICACION,VIDEOJET,FLUIDOS,,16-3601Q,16-3601Q (243254851EG),243254851EG,20/05/2027,MEK/METIL ETIL CETONA PQT (MEK LIMPIEZA CONTROLADO) BOTELLA DE 0.95 LITROS,Unidad,4.0000,0.0000,4.0000,7.8108,31.24,41.3400,7.5700,2025-01-22 22:39:16.757000,,,,,,,2025-08-20,390,,2025-01-23 05:36:50,VIDEOJET TECHNOLOGIES INT.,Und,1,,,,C,,15.00,SI,,,0E-16,,0E-16,,0E-16,,
2026,2,2105 - THE TESALIA SPRINGS COMPANY S.A. MILAGRO,CODIFICACION,VIDEOJET,FLUIDOS,,16-3601Q,16-3601Q (242824207EG),242824207EG,08/04/2027,MEK/METIL ETIL CETONA PQT (MEK LIMPIEZA CONTROLADO) BOTELLA DE 0.95 LITROS,Unidad,2.0000,0.0000,2.0000,8.1833,16.37,41.3400,7.5700,2025-01-29 18:34:20.433000,6.0000,11.0000,,,,,2025-08-20,383,,2025-01-30 05:29:03,VIDEOJET TECHNOLOGIES INT.,Und,1,,,,C,,15.00,SI,,,0E-16,,0E-16,,0E-16,,
2026,2,1118 - OLYMPIC JUICE OLYJUICE CIA. LTDA.,CODIFICACION,VIDEOJET,FLUIDOS,,16-3601Q,16-3601Q (251201725EG),251201725EG,30/10/2027,MEK/METIL ETIL CETONA PQT (MEK LIMPIEZA CONTROLADO) BOTELLA DE 0.95 LITROS,Unidad,1.0000,0.0000,1.0000,8.3794,8.38,41.3400,7.5700,2025-06-24 09:11:51.530000,0.0000,1.0000,,,,,2025-08-20,146,,2025-09-24 11:52:43,VIDEOJET TECHNOLOGIES INT.,Und,1,,,,C,,15.00,SI,,,0E-16,,0E-16,,0E-16,,
2026,2,2105 - THE TESALIA SPRINGS COMPANY S.A. MILAGRO,CODIFICACION,VIDEOJET,FLUIDOS,,16-3601Q,16-3601Q (251201725EG),251201725EG,30/10/2027,MEK/METIL ETIL CETONA PQT (MEK LIMPIEZA CONTROLADO) BOTELLA DE 0.95 LITROS,Unidad,1.0000,0.0000,1.0000,8.3794,8.38,41.3400,7.5700,2025-06-24 09:11:51.530000,6.0000,11.0000,,,,,2025-08-20,146,,2025-09-24 11:52:43,VIDEOJET TECHNOLOGIES INT.,Und,1,,,,C,,15.00,SI,,,0E-16,,0E-16,,0E-16,,
2026,2,1109 - FERRERO DEL ECUADOR S.A.,CODIFICACION,VIDEOJET,FLUIDOS,,16-3601Q,16-3601Q (251201725EG),251201725EG,30/10/2027,MEK/METIL ETIL CETONA PQT (MEK LIMPIEZA CONTROLADO) BOTELLA DE 0.95 LITROS,Unidad,1.0000,0.0000,1.0000,8.3794,8.38,41.3400,7.5700,2025-06-24 09:11:51.530000,4.0000,8.0000,,,,,2025-08-20,146,,2025-09-24 11:52:43,VIDEOJET TECHNOLOGIES INT.,Und,1,,,,C,,15.00,SI,,,0E-16,,0E-16,,0E-16,,
2026,2,1100 - AGROPESA INDUSTRIA AGROPECUARIA ECUATORIANA,CODIFICACION,VIDEOJET,FLUIDOS,,16-3601Q,16-3601Q (251201725EG),251201725EG,30/10/2027,MEK/METIL ETIL CETONA PQT (MEK LIMPIEZA CONTROLADO) BOTELLA DE 0.95 LITROS,Unidad,1.0000,0.0000,1.0000,8.3794,8.38,41.3400,7.5700,2025-06-24 09:11:51.530000,0.0000,1.0000,,,,,2025-08-20,146,,2025-09-24 11:52:43,VIDEOJET TECHNOLOGIES INT.,Und,1,,,,C,,15.00,SI,,,0E-16,,0E-16,,0E-16,,
2026,2,2112 - INDUSTRIAS ALES C.A.,CODIFICACION,VIDEOJET,FLUIDOS,,16-3601Q,16-3601Q (240250350EG),240250350EG,25/07/2026,MEK/METIL ETIL CETONA PQT (MEK LIMPIEZA CONTROLADO) BOTELLA DE 0.95 LITROS,Unidad,1.0000,0.0000,1.0000,8.0434,8.04,41.3400,7.5700,2024-03-18 12:16:53.053000,1.0000,3.0000,,,,,2025-08-20,673,,2024-04-15 08:17:00,VIDEOJET TECHNOLOGIES INT.,Und,1,,,,C,,15.00,SI,,,0E-16,,0E-16,,0E-16,,
2026,2,2050 - PRODUCTO NO CONFORME GYE,CODIFICACION,VIDEOJET,FLUIDOS,,16-8535Q,16-8535Q (230390545EG),230390545EG,08/02/2025,MEK/METIL ETIL CETONA PQT (MEK CODIFICACION CONTROLADO) BOTELLA DE 0.95 LITROS,Unidad,1.0000,0.0000,1.0000,12.7376,12.74,48.0500,12.8800,2023-03-29 14:55:40.003000,,,,,,,2025-08-20,1015,,2023-05-09 07:02:04,VIDEOJET TECHNOLOGIES INT.,Und,1,,,,C,,15.00,SI,,,0E-16,,0E-16,,0E-16,,
2026,2,1126 - MAXIPAN S.A.,CODIFICACION,VIDEOJET,FLUIDOS,,16-8535Q,16-8535Q (250721023EG),250721023EG,13/03/2027,MEK/METIL ETIL CETONA PQT (MEK CODIFICACION CONTROLADO) BOTELLA DE 0.95 LITROS,Unidad,2.0000,0.0000,2.0000,13.7044,27.41,48.0500,12.8800,2025-04-28 16:42:57.563000,,,,,,,2025-08-20,293,,2025-04-30 07:04:12,VIDEOJET TECHNOLOGIES INT.,Und,1,,,,C,,15.00,SI,,,0E-16,,0E-16,,0E-16,,
2026,2,1050 - BODEGA PRODUCTO NO CONFORME UIO,CODIFICACION,VIDEOJET,FLUIDOS,,16-8535Q,16-8535Q (231351885EG),231351885EG,15/05/2025,MEK/METIL ETIL CETONA PQT (MEK CODIFICACION CONTROLADO) BOTELLA DE 0.95 LITROS,Unidad,9.0000,0.0000,9.0000,12.5836,113.25,48.0500,12.8800,2023-08-15 17:12:46.837000,,,,ZONA 1050,,,2025-08-20,916,,2023-08-16 06:23:27,VIDEOJET TECHNOLOGIES INT.,Und,1,,,,C,,15.00,SI,,,0E-16,,0E-16,,0E-16,,
2026,2,1030 - BODEGA DISPONIBLE PARA LA VENTA UIO,CODIFICACION,VIDEOJET,FLUIDOS,,16-8535Q,16-8535Q (250721023EG),250721023EG,13/03/2027,MEK/METIL ETIL CETONA PQT (MEK CODIFICACION CONTROLADO) BOTELLA DE 0.95 LITROS,Unidad,3.0000,0.0000,3.0000,13.7044,41.11,48.0500,12.8800,2025-04-28 16:42:57.563000,,,,P05-N03,,,2025-08-20,293,2026-01-15 06:12:26,2025-04-30 07:04:12,VIDEOJET TECHNOLOGIES INT.,Und,1,,,,C,,15.00,SI,,,0E-16,,0E-16,,0E-16,,
2026,2,6005 - BAJA CONTROLADOS MDI,CODIFICACION,VIDEOJET,FLUIDOS,,16-8545Q,16-8545Q (223134690EG),223134690EG,09/11/2024,MEK/METIL ETIL CETONA PQT (MEK CODIFICACION CONTROLADO) BOTELLA DE 0.95 LITROS,Unidad,1.0000,0.0000,1.0000,12.2536,12.25,50.3400,11.3900,2023-01-23 14:16:16.400000,,,,,,,2025-08-20,1120,,2023-01-24 09:02:36,VIDEOJET TECHNOLOGIES INT.,Und,1,,,,C,COMPRA EXTERIOR,15.00,SI,,,0E-16,,0E-16,,0E-16,,
2026,2,6005 - BAJA CONTROLADOS MDI,CODIFICACION,VIDEOJET,FLUIDOS,,201-0001-401,201-0001-401 (202945178EG),202945178EG,20/10/2022,MEK/METIL ETIL CETONA PQT (MEK CODIFICACION CONTROLADO) BOTELLA DE 1  LITRO,Unidad,2.0000,0.0000,2.0000,17.2025,34.41,49.6400,19.6300,2021-06-01 01:37:46.327000,,,,,,,2025-08-20,1839,,2021-02-04 00:00:00,VIDEOJET TECHNOLOGIES INT.,Und,1,,,,C,,15.00,SI,,,0E-16,,0E-16,,0E-16,,
2026,2,8002 - REMISIONES QUITO,CODIFICACION,VIDEOJET,FLUIDOS,,201-0001-401,201-0001-401 (233555270EG),233555270EG,21/12/2025,MEK/METIL ETIL CETONA PQT (MEK CODIFICACION CONTROLADO) BOTELLA DE 1  LITRO,Unidad,22.0000,0.0000,22.0000,21.6892,477.16,49.6400,19.6300,2024-02-19 10:25:42.993000,,,,,,,2025-08-20,383,,2025-01-30 05:29:03,VIDEOJET TECHNOLOGIES INT.,Und,1,,,,C,,15.00,SI,,,0E-16,,0E-16,,0E-16,,
2026,2,6005 - BAJA CONTROLADOS MDI,CODIFICACION,VIDEOJET,FLUIDOS,,201-0001-401,201-0001-401 (233555270EG),233555270EG,21/12/2025,MEK/METIL ETIL CETONA PQT (MEK CODIFICACION CONTROLADO) BOTELLA DE 1  LITRO,Unidad,2.0000,0.0000,2.0000,21.6892,43.38,49.6400,19.6300,2024-02-19 10:25:42.993000,,,,,,,2025-08-20,383,,2025-01-30 05:29:03,VIDEOJET TECHNOLOGIES INT.,Und,1,,,,C,,15.00,SI,,,0E-16,,0E-16,,0E-16,,
2026,2,8002 - REMISIONES QUITO,CODIFICACION,VIDEOJET,FLUIDOS,,201-0001-401,201-0001-401 (231151650EG),231151650EG,25/04/2025,MEK/METIL ETIL CETONA PQT (MEK CODIFICACION CONTROLADO) BOTELLA DE 1  LITRO,Unidad,2.0000,0.0000,2.0000,21.1450,42.29,49.6400,19.6300,2023-11-17 06:24:07.177000,,,,,,,2025-08-20,490,,2024-10-15 14:28:38,VIDEOJET TECHNOLOGIES INT.,Und,1,,,,C,,15.00,SI,,,0E-16,,0E-16,,0E-16,,
2026,2,8002 - REMISIONES QUITO,CODIFICACION,VIDEOJET,FLUIDOS,,M512-K,M512-K,,,TINTA 365ML,Unidad,1.0000,0.0000,1.0000,253.8071,253.81,428.2200,219.5800,,,,,,,,2025-08-20,25,2025-09-16 07:27:44,2026-01-23 07:46:41,VIDEOJET TECHNOLOGIES INT.,Und,1,,,,C,,15.00,NO,,,0E-16,,0E-16,,0E-16,,
2026,2,8003 - REMISIONES GUAYAQUIL,CODIFICACION,VIDEOJET,FLUIDOS,,M512-K,M512-K,,,TINTA 365ML,Unidad,1.0000,0.0000,1.0000,253.8071,253.81,428.2200,219.5800,,,,,,,,2025-08-20,25,2025-11-30 05:41:57,2026-01-23 07:46:41,VIDEOJET TECHNOLOGIES INT.,Und,1,,,,C,,15.00,NO,,,0E-16,,0E-16,,0E-16,,
2026,2,1030 - BODEGA DISPONIBLE PARA LA VENTA UIO,CODIFICACION,VIDEOJET,FLUIDOS,,M512-K,M512-K,,,TINTA 365ML,Unidad,6.0000,0.0000,6.0000,253.8071,1522.84,428.2200,219.5800,,2.0000,3.0000,,P16-N03,,,2025-08-20,25,2025-12-24 05:56:33,2026-01-23 07:46:41,VIDEOJET TECHNOLOGIES INT.,Und,1,,,,C,,15.00,NO,,,0E-16,,0E-16,,0E-16,,
2026,2,2030 - BODEGA DISPONIBLE PARA LA VENTA GYE,CODIFICACION,VIDEOJET,FLUIDOS,,M512-K,M512-K,,,TINTA 365ML,Unidad,3.0000,0.0000,3.0000,253.8071,761.42,428.2200,219.5800,,0.0000,0.0000,,B1-P24-F3,,,2025-08-20,25,,2026-01-23 07:46:41,VIDEOJET TECHNOLOGIES INT.,Und,1,,,,C,,15.00,NO,,,0E-16,,0E-16,,0E-16,,
2026,2,1030 - BODEGA DISPONIBLE PARA LA VENTA UIO,CODIFICACION,VIDEOJET,FLUIDOS,,V401-D,V401-D,,,MEK/METIL ETIL CETONA PQT (TINTA NO CONTROLADA),Unidad,23.0000,0.0000,23.0000,72.2174,1661.00,194.8900,68.3600,,7.0000,15.0000,,P11-N02,,,2025-08-20,25,2026-02-12 07:28:01,2026-01-23 07:46:41,VIDEOJET TECHNOLOGIES INT.,Und,1,,,,A,,15.00,NO,,,0E-16,,0E-16,,0E-16,,
2026,2,2030 - BODEGA DISPONIBLE PARA LA VENTA GYE,CODIFICACION,VIDEOJET,FLUIDOS,,V401-D,V401-D,,,MEK/METIL ETIL CETONA PQT (TINTA NO CONTROLADA),Unidad,36.0000,0.0000,36.0000,72.2174,2599.83,194.8900,68.3600,,1.0000,2.0000,,B1-P19-F1,B1-P19-F2,,2025-08-20,25,2026-02-13 12:10:20,2026-01-23 07:46:41,VIDEOJET TECHNOLOGIES INT.,Und,1,,,,B,,15.00,NO,,,0E-16,,0E-16,,0E-16,,
2026,2,8003 - REMISIONES GUAYAQUIL,CODIFICACION,VIDEOJET,FLUIDOS,,V401-D,V401-D,,,MEK/METIL ETIL CETONA PQT (TINTA NO CONTROLADA),Unidad,10.0000,0.0000,10.0000,72.2174,722.17,194.8900,68.3600,,,,,,,,2025-08-20,25,2026-01-31 04:09:00,2026-01-23 07:46:41,VIDEOJET TECHNOLOGIES INT.,Und,1,,,,A,,15.00,NO,,,0E-16,,0E-16,,0E-16,,
2026,2,8002 - REMISIONES QUITO,CODIFICACION,VIDEOJET,FLUIDOS,,V401-D,V401-D,,,MEK/METIL ETIL CETONA PQT (TINTA NO CONTROLADA),Unidad,7.0000,0.0000,7.0000,72.2174,505.52,194.8900,68.3600,,,,,,,,2025-08-20,25,2026-02-09 05:07:09,2026-01-23 07:46:41,VIDEOJET TECHNOLOGIES INT.,Und,1,,,,A,,15.00,NO,,,0E-16,,0E-16,,0E-16,,
2026,2,2050 - PRODUCTO NO CONFORME GYE,CODIFICACION,VIDEOJET,FLUIDOS,,V401-D,V401-D,,,MEK/METIL ETIL CETONA PQT (TINTA NO CONTROLADA),Unidad,1.0000,0.0000,1.0000,72.2174,72.22,194.8900,68.3600,,,,,,,,2025-08-20,25,,2026-01-23 07:46:41,VIDEOJET TECHNOLOGIES INT.,Und,1,,,,A,,15.00,NO,,,0E-16,,0E-16,,0E-16,,
2026,2,1030 - BODEGA DISPONIBLE PARA LA VENTA UIO,CODIFICACION,VIDEOJET,FLUIDOS,,V410-D,V410-D,,,MEK/METIL ETIL CETONA PQT (TINTA NO CONTROLADA),Unidad,14.0000,0.0000,14.0000,71.2039,996.85,206.6900,65.2700,,,,,P11-N02,,,2025-08-20,84,2025-10-17 06:51:43,2025-11-25 07:59:06,VIDEOJET TECHNOLOGIES INT.,Und,1,,,,C,,15.00,NO,,,0E-16,,0E-16,,0E-16,,
2026,2,2030 - BODEGA DISPONIBLE PARA LA VENTA GYE,CODIFICACION,VIDEOJET,FLUIDOS,,V410-D,V410-D,,,MEK/METIL ETIL CETONA PQT (TINTA NO CONTROLADA),Unidad,8.0000,0.0000,8.0000,71.2039,569.63,206.6900,65.2700,,0.0000,1.0000,,B1-P20-F1,,,2025-08-20,84,2025-12-23 15:14:53,2025-11-25 07:59:06,VIDEOJET TECHNOLOGIES INT.,Und,1,,,,B,,15.00,NO,,,0E-16,,0E-16,,0E-16,,
2026,2,1030 - BODEGA DISPONIBLE PARA LA VENTA UIO,CODIFICACION,VIDEOJET,FLUIDOS,,V411-D,V411-D,,,MEK/METIL ETIL CETONA PQT (TINTA NO CONTROLADA),Unidad,14.0000,0.0000,14.0000,76.7584,1074.62,203.1500,70.5200,,11.0000,22.0000,12345,P12-N02,,,2025-08-20,25,2026-02-02 06:55:59,2026-01-23 07:46:41,VIDEOJET TECHNOLOGIES INT.,Und,1,,,,A,,15.00,NO,,,0E-16,,0E-16,,0E-16,,
2026,2,2030 - BODEGA DISPONIBLE PARA LA VENTA GYE,CODIFICACION,VIDEOJET,FLUIDOS,,V411-D,V411-D,,,MEK/METIL ETIL CETONA PQT (TINTA NO CONTROLADA),Unidad,96.0000,0.0000,96.0000,76.7584,7368.81,203.1500,70.5200,,22.0000,44.0000,12345,B1-P19-F2,B1-P19-F3,,2025-08-20,25,2026-02-11 15:21:06,2026-01-23 07:46:41,VIDEOJET TECHNOLOGIES INT.,Und,1,,,,A,,15.00,NO,,,0E-16,,0E-16,,0E-16,,
2026,2,8002 - REMISIONES QUITO,CODIFICACION,VIDEOJET,FLUIDOS,,V411-D,V411-D,,,MEK/METIL ETIL CETONA PQT (TINTA NO CONTROLADA),Unidad,12.0000,0.0000,12.0000,76.7584,921.10,203.1500,70.5200,,,,12345,,,,2025-08-20,25,2026-01-31 04:43:16,2026-01-23 07:46:41,VIDEOJET TECHNOLOGIES INT.,Und,1,,,,A,,15.00,NO,,,0E-16,,0E-16,,0E-16,,
2026,2,8003 - REMISIONES GUAYAQUIL,CODIFICACION,VIDEOJET,FLUIDOS,,V411-D,V411-D,,,MEK/METIL ETIL CETONA PQT (TINTA NO CONTROLADA),Unidad,15.0000,0.0000,15.0000,76.7584,1151.38,203.1500,70.5200,,,,12345,,,,2025-08-20,25,2026-01-31 18:19:20,2026-01-23 07:46:41,VIDEOJET TECHNOLOGIES INT.,Und,1,,,,A,,15.00,NO,,,0E-16,,0E-16,,0E-16,,
2026,2,8001 - TRANSFERENCIAS EN TRÁNSITO,CODIFICACION,VIDEOJET,FLUIDOS,,V411-D,V411-D,,,MEK/METIL ETIL CETONA PQT (TINTA NO CONTROLADA),Unidad,50.0000,0.0000,50.0000,76.7584,3837.92,203.1500,70.5200,,,,12345,,,,2025-08-20,25,,2026-01-23 07:46:41,VIDEOJET TECHNOLOGIES INT.,Und,1,,,,A,,15.00,NO,,,0E-16,,0E-16,,0E-16,,
2026,2,1030 - BODEGA DISPONIBLE PARA LA VENTA UIO,CODIFICACION,VIDEOJET,FLUIDOS,,V414-D,V414-D,,,MEK/METIL ETIL CETONA PQT (TINTA NO CONTROLADA),Unidad,1.0000,0.0000,1.0000,128.2743,128.27,207.7600,118.9400,,,,,P03-N01,,,2025-08-20,146,2025-07-01 06:14:20,2025-09-24 11:52:43,VIDEOJET TECHNOLOGIES INT.,Und,1,,,,C,,15.00,NO,,,0E-16,,0E-16,,0E-16,,
2026,2,2030 - BODEGA DISPONIBLE PARA LA VENTA GYE,CODIFICACION,VIDEOJET,FLUIDOS,,V414-D,V414-D,,,MEK/METIL ETIL CETONA PQT (TINTA NO CONTROLADA),Unidad,10.0000,0.0000,10.0000,128.2743,1282.74,207.7600,118.9400,,,,,B1-P24-F5,,,2025-08-20,146,,2025-09-24 11:52:43,VIDEOJET TECHNOLOGIES INT.,Und,1,,,,C,,15.00,NO,,,0E-16,,0E-16,,0E-16,,
2026,2,2030 - BODEGA DISPONIBLE PARA LA VENTA GYE,CODIFICACION,VIDEOJET,FLUIDOS,,V415-D,V415-D,,,TINTA DE CODIFICACION NO CONTROLADA,Unidad,2.0000,0.0000,2.0000,102.6000,205.20,218.3300,94.0500,,,,,B1-P24-F2,,,2025-08-20,25,2026-01-23 11:34:34,2026-01-23 07:46:41,VIDEOJET TECHNOLOGIES INT.,Und,1,,,,B,,15.00,NO,,,0E-16,,0E-16,,0E-16,,
2026,2,2030 - BODEGA DISPONIBLE PARA LA VENTA GYE,CODIFICACION,VIDEOJET,FLUIDOS,,V418-D,V418-D,,,MEK/METIL ETIL CETONA PQT (TINTA NO CONTROLADA),Unidad,28.0000,0.0000,28.0000,142.3159,3984.85,286.0300,129.7100,,1.0000,1.0000,,B1-P27-F3,,,2025-08-20,117,2025-11-13 07:44:52,2025-10-23 13:24:20,VIDEOJET TECHNOLOGIES INT.,Und,1,,,,B,,15.00,NO,,,0E-16,,0E-16,,0E-16,,
2026,2,1030 - BODEGA DISPONIBLE PARA LA VENTA UIO,CODIFICACION,VIDEOJET,FLUIDOS,,V418-D,V418-D,,,MEK/METIL ETIL CETONA PQT (TINTA NO CONTROLADA),Unidad,8.0000,0.0000,8.0000,142.3159,1138.53,286.0300,129.7100,,1.0000,2.0000,,P16-N01,,,2025-08-20,117,2025-09-02 05:50:27,2025-10-23 13:24:20,VIDEOJET TECHNOLOGIES INT.,Und,1,,,,B,,15.00,NO,,,0E-16,,0E-16,,0E-16,,
2026,2,8002 - REMISIONES QUITO,CODIFICACION,VIDEOJET,FLUIDOS,,V418-D,V418-D,,,MEK/METIL ETIL CETONA PQT (TINTA NO CONTROLADA),Unidad,1.0000,0.0000,1.0000,142.3159,142.32,286.0300,129.7100,,,,,,,,2025-08-20,117,2025-12-31 01:27:14,2025-10-23 13:24:20,VIDEOJET TECHNOLOGIES INT.,Und,1,,,,A,,15.00,NO,,,0E-16,,0E-16,,0E-16,,
2026,2,8002 - REMISIONES QUITO,CODIFICACION,VIDEOJET,FLUIDOS,,V4201-D,V4201-D,,,MEK/METIL ETIL CETONA PQT (TINTA NO CONTROLADA),Unidad,12.0000,0.0000,12.0000,84.7884,1017.46,204.6300,77.1500,,,,,,,,2025-08-20,25,2026-01-31 04:53:02,2026-01-23 07:46:41,VIDEOJET TECHNOLOGIES INT.,Und,1,,,,A,,15.00,NO,PRESTAMO PROPEMAR DEV EQUIPO,,0E-16,,0E-16,,0E-16,,
2026,2,8003 - REMISIONES GUAYAQUIL,CODIFICACION,VIDEOJET,FLUIDOS,,V4201-D,V4201-D,,,MEK/METIL ETIL CETONA PQT (TINTA NO CONTROLADA),Unidad,19.0000,0.0000,19.0000,84.7884,1610.98,204.6300,77.1500,,,,,,,,2025-08-20,25,2026-01-31 19:06:07,2026-01-23 07:46:41,VIDEOJET TECHNOLOGIES INT.,Und,1,,,,A,,15.00,NO,PRESTAMO PROPEMAR DEV EQUIPO,,0E-16,,0E-16,,0E-16,,
2026,2,8001 - TRANSFERENCIAS EN TRÁNSITO,CODIFICACION,VIDEOJET,FLUIDOS,,V4201-D,V4201-D,,,MEK/METIL ETIL CETONA PQT (TINTA NO CONTROLADA),Unidad,26.0000,0.0000,26.0000,84.7884,2204.50,204.6300,77.1500,,,,,,,,2025-08-20,25,,2026-01-23 07:46:41,VIDEOJET TECHNOLOGIES INT.,Und,1,,,,A,,15.00,NO,PRESTAMO PROPEMAR DEV EQUIPO,,0E-16,,0E-16,,0E-16,,
2026,2,1030 - BODEGA DISPONIBLE PARA LA VENTA UIO,CODIFICACION,VIDEOJET,FLUIDOS,,V4201-D,V4201-D,,,MEK/METIL ETIL CETONA PQT (TINTA NO CONTROLADA),Unidad,8.0000,6.0000,14.0000,84.7884,1187.04,204.6300,77.1500,,22.0000,45.0000,,P18-N02,,,2025-08-20,25,2026-02-04 15:56:07,2026-01-23 07:46:41,VIDEOJET TECHNOLOGIES INT.,Und,1,,,,A,,15.00,NO,PRESTAMO PROPEMAR DEV EQUIPO,,0E-16,,0E-16,,0E-16,,
2026,2,2030 - BODEGA DISPONIBLE PARA LA VENTA GYE,CODIFICACION,VIDEOJET,FLUIDOS,,V4201-D,V4201-D,,,MEK/METIL ETIL CETONA PQT (TINTA NO CONTROLADA),Unidad,37.0000,0.0000,37.0000,84.7884,3137.17,204.6300,77.1500,,27.0000,53.0000,,B1-P34-F2,,,2025-08-20,25,2026-02-13 06:20:11,2026-01-23 07:46:41,VIDEOJET TECHNOLOGIES INT.,Und,1,,,,A,,15.00,NO,PRESTAMO PROPEMAR DEV EQUIPO,,0E-16,,0E-16,,0E-16,,
2026,2,1030 - BODEGA DISPONIBLE PARA LA VENTA UIO,CODIFICACION,VIDEOJET,FLUIDOS,,V4211-D,V4211-D,,,MECK/METIL ETIL CETONA PQT (TINTA NO CONTROLADA),Unidad,28.0000,1.0000,29.0000,83.9225,2433.75,203.1500,84.6700,,12.0000,24.0000,,P12-N02,,,2025-08-20,25,2026-02-13 09:21:12,2026-01-23 07:46:41,VIDEOJET TECHNOLOGIES INT.,Und,1,,,,A,,15.00,NO,,,0E-16,,0E-16,,0E-16,,
2026,2,2030 - BODEGA DISPONIBLE PARA LA VENTA GYE,CODIFICACION,VIDEOJET,FLUIDOS,,V4211-D,V4211-D,,,MECK/METIL ETIL CETONA PQT (TINTA NO CONTROLADA),Unidad,41.0000,0.0000,41.0000,83.9225,3440.82,203.1500,84.6700,,47.0000,94.0000,,B1-P28-F2,B1-P28-F3,,2025-08-20,25,2026-02-06 09:51:57,2026-01-23 07:46:41,VIDEOJET TECHNOLOGIES INT.,Und,1,,,,A,,15.00,NO,,,0E-16,,0E-16,,0E-16,,
2026,2,8001 - TRANSFERENCIAS EN TRÁNSITO,CODIFICACION,VIDEOJET,FLUIDOS,,V4211-D,V4211-D,,,MECK/METIL ETIL CETONA PQT (TINTA NO CONTROLADA),Unidad,12.0000,0.0000,12.0000,83.9225,1007.07,203.1500,84.6700,,,,,,,,2025-08-20,25,,2026-01-23 07:46:41,VIDEOJET TECHNOLOGIES INT.,Und,1,,,,A,,15.00,NO,,,0E-16,,0E-16,,0E-16,,
2026,2,8002 - REMISIONES QUITO,CODIFICACION,VIDEOJET,FLUIDOS,,V4211-D,V4211-D,,,MECK/METIL ETIL CETONA PQT (TINTA NO CONTROLADA),Unidad,10.0000,0.0000,10.0000,83.9225,839.23,203.1500,84.6700,,,,,,,,2025-08-20,25,2025-10-31 06:42:34,2026-01-23 07:46:41,VIDEOJET TECHNOLOGIES INT.,Und,1,,,,A,,15.00,NO,,,0E-16,,0E-16,,0E-16,,
2026,2,2105 - THE TESALIA SPRINGS COMPANY S.A. MILAGRO,CODIFICACION,VIDEOJET,FLUIDOS,,V4211-D,V4211-D,,,MECK/METIL ETIL CETONA PQT (TINTA NO CONTROLADA),Unidad,3.0000,0.0000,3.0000,83.9225,251.77,203.1500,84.6700,,,,,,,,2025-08-20,25,,2026-01-23 07:46:41,VIDEOJET TECHNOLOGIES INT.,Und,1,,,,A,,15.00,NO,,,0E-16,,0E-16,,0E-16,,
2026,2,2109 - CERVECERIA NACIONAL CN S.A. GUAYAQUIL,CODIFICACION,VIDEOJET,FLUIDOS,,V4211-D,V4211-D,,,MECK/METIL ETIL CETONA PQT (TINTA NO CONTROLADA),Unidad,2.0000,0.0000,2.0000,83.9225,167.85,203.1500,84.6700,,,,,,,,2025-08-20,25,,2026-01-23 07:46:41,VIDEOJET TECHNOLOGIES INT.,Und,1,,,,A,,15.00,NO,,,0E-16,,0E-16,,0E-16,,
2026,2,1090 - SIN USO (BODEGA GARANTÍAS UIO),CODIFICACION,VIDEOJET,FLUIDOS,,V4211-D,V4211-D,,,MECK/METIL ETIL CETONA PQT (TINTA NO CONTROLADA),Unidad,1.0000,0.0000,1.0000,83.9225,83.92,203.1500,84.6700,,,,,,,,2025-08-20,25,,2026-01-23 07:46:41,VIDEOJET TECHNOLOGIES INT.,Und,1,,,,A,,15.00,NO,,,0E-16,,0E-16,,0E-16,,
2026,2,8003 - REMISIONES GUAYAQUIL,CODIFICACION,VIDEOJET,FLUIDOS,,V4211-D,V4211-D,,,MECK/METIL ETIL CETONA PQT (TINTA NO CONTROLADA),Unidad,33.0000,0.0000,33.0000,83.9225,2769.44,203.1500,84.6700,,,,,,,,2025-08-20,25,2026-01-31 18:52:34,2026-01-23 07:46:41,VIDEOJET TECHNOLOGIES INT.,Und,1,,,,A,,15.00,NO,,,0E-16,,0E-16,,0E-16,,
2026,2,1128 - BEBIDAS ARCACONTINENTAL SANTO DOMINGO,CODIFICACION,VIDEOJET,FLUIDOS,,V4211-D,V4211-D,,,MECK/METIL ETIL CETONA PQT (TINTA NO CONTROLADA),Unidad,3.0000,0.0000,3.0000,83.9225,251.77,203.1500,84.6700,,,,,,,,2025-08-20,25,,2026-01-23 07:46:41,VIDEOJET TECHNOLOGIES INT.,Und,1,,,,A,,15.00,NO,,,0E-16,,0E-16,,0E-16,,
2026,2,2107 - CHIVERÍA S.A.,CODIFICACION,VIDEOJET,FLUIDOS,,V4211-D,V4211-D,,,MECK/METIL ETIL CETONA PQT (TINTA NO CONTROLADA),Unidad,20.0000,0.0000,20.0000,83.9225,1678.45,203.1500,84.6700,,,,,,,,2025-08-20,25,,2026-01-23 07:46:41,VIDEOJET TECHNOLOGIES INT.,Und,1,,,,A,,15.00,NO,,,0E-16,,0E-16,,0E-16,,
2026,2,1030 - BODEGA DISPONIBLE PARA LA VENTA UIO,CODIFICACION,VIDEOJET,FLUIDOS,,V4211-L,V4211-L,,,TINTA DE CODIFICACION NO CONTROLADA,Unidad,16.0000,0.0000,16.0000,78.7198,1259.52,277.8600,68.7600,,0.0000,0.0000,,P08-N01,,,2025-08-20,146,2022-12-13 12:49:31,2025-09-24 11:52:43,VIDEOJET TECHNOLOGIES INT.,Und,1,,,,C,,15.00,NO,,,0E-16,,0E-16,,0E-16,,
2026,2,2030 - BODEGA DISPONIBLE PARA LA VENTA GYE,CODIFICACION,VIDEOJET,FLUIDOS,,V4211-L,V4211-L,,,TINTA DE CODIFICACION NO CONTROLADA,Unidad,90.0000,0.0000,90.0000,78.7198,7084.78,277.8600,68.7600,,1.0000,1.0000,,B1-P23-F2,,,2025-08-20,146,,2025-09-24 11:52:43,VIDEOJET TECHNOLOGIES INT.,Und,1,,,,C,,15.00,NO,,,0E-16,,0E-16,,0E-16,,
2026,2,2050 - PRODUCTO NO CONFORME GYE,CODIFICACION,VIDEOJET,FLUIDOS,,V4215-D,V4215-D,,,TINTA DE CODIFICACION NO CONTROLADA,Unidad,16.0000,0.0000,16.0000,135.5893,2169.43,218.3300,124.0100,,1.0000,1.0000,,,,,2025-08-20,25,,2026-01-23 07:46:41,VIDEOJET TECHNOLOGIES INT.,Und,1,,,,B,,15.00,NO,,,0E-16,,0E-16,,0E-16,,
2026,2,8002 - REMISIONES QUITO,CODIFICACION,VIDEOJET,FLUIDOS,,V4218-D,V4218-D,,,MEK/METIL ETIL CETONA PQT (TINTA NO CONTROLADA),Unidad,1.0000,0.0000,1.0000,145.3757,145.38,272.4100,131.7600,,,,,,,,2025-08-20,48,2025-04-30 08:11:21,2025-12-31 12:59:21,VIDEOJET TECHNOLOGIES INT.,Und,1,,,,A,,15.00,NO,,,0E-16,,0E-16,,0E-16,,
2026,2,1129 - DELCAMPO S.A.S,CODIFICACION,VIDEOJET,FLUIDOS,,V4218-D,V4218-D,,,MEK/METIL ETIL CETONA PQT (TINTA NO CONTROLADA),Unidad,4.0000,0.0000,4.0000,145.3757,581.50,272.4100,131.7600,,1.0000,2.0000,,,,,2025-08-20,48,,2025-12-31 12:59:21,VIDEOJET TECHNOLOGIES INT.,Und,1,,,,A,,15.00,NO,,,0E-16,,0E-16,,0E-16,,
2026,2,2030 - BODEGA DISPONIBLE PARA LA VENTA GYE,CODIFICACION,VIDEOJET,FLUIDOS,,V4218-D,V4218-D,,,MEK/METIL ETIL CETONA PQT (TINTA NO CONTROLADA),Unidad,22.0000,0.0000,22.0000,145.3757,3198.27,272.4100,131.7600,,2.0000,3.0000,,B1-P21-F1,,,2025-08-20,48,2026-02-02 06:27:51,2025-12-31 12:59:21,VIDEOJET TECHNOLOGIES INT.,Und,1,,,,A,,15.00,NO,,,0E-16,,0E-16,,0E-16,,
2026,2,1030 - BODEGA DISPONIBLE PARA LA VENTA UIO,CODIFICACION,VIDEOJET,FLUIDOS,,V4218-D,V4218-D,,,MEK/METIL ETIL CETONA PQT (TINTA NO CONTROLADA),Unidad,8.0000,0.0000,8.0000,145.3757,1163.01,272.4100,131.7600,,1.0000,1.0000,,P11-N01,,,2025-08-20,48,2026-02-06 08:11:02,2025-12-31 12:59:21,VIDEOJET TECHNOLOGIES INT.,Und,1,,,,A,,15.00,NO,,,0E-16,,0E-16,,0E-16,,
2026,2,1030 - BODEGA DISPONIBLE PARA LA VENTA UIO,CODIFICACION,VIDEOJET,FLUIDOS,,V4220-D,V4220-D,,,"INK, BLACK 750 ml",Unidad,14.0000,0.0000,14.0000,94.8374,1327.72,223.1500,89.3600,,1.0000,3.0000,,P18-N02,,,2025-08-20,12,,2026-02-05 11:12:34.263000,VIDEOJET TECHNOLOGIES INT.,Und,1,,,,C,,15.00,NO,,,0E-16,,0E-16,,0E-16,,
2026,2,2030 - BODEGA DISPONIBLE PARA LA VENTA GYE,CODIFICACION,VIDEOJET,FLUIDOS,,V4220-D,V4220-D,,,"INK, BLACK 750 ml",Unidad,12.0000,0.0000,12.0000,94.8374,1138.05,223.1500,89.3600,,2.0000,5.0000,,B1-P24-F6,,,2025-08-20,12,,2026-02-05 11:12:34.263000,VIDEOJET TECHNOLOGIES INT.,Und,1,,,,C,,15.00,NO,,,0E-16,,0E-16,,0E-16,,
2026,2,1128 - BEBIDAS ARCACONTINENTAL SANTO DOMINGO,CODIFICACION,VIDEOJET,FLUIDOS,,V4220-D,V4220-D,,,"INK, BLACK 750 ml",Unidad,2.0000,0.0000,2.0000,94.8374,189.67,223.1500,89.3600,,4.0000,7.0000,,,,,2025-08-20,12,,2026-02-05 11:12:34.263000,VIDEOJET TECHNOLOGIES INT.,Und,1,,,,C,,15.00,NO,,,0E-16,,0E-16,,0E-16,,
2026,2,8003 - REMISIONES GUAYAQUIL,CODIFICACION,VIDEOJET,FLUIDOS,,V4220-D,V4220-D,,,"INK, BLACK 750 ml",Unidad,2.0000,0.0000,2.0000,94.8374,189.67,223.1500,89.3600,,,,,,,,2025-08-20,12,2026-01-31 19:10:50,2026-02-05 11:12:34.263000,VIDEOJET TECHNOLOGIES INT.,Und,1,,,,C,,15.00,NO,,,0E-16,,0E-16,,0E-16,,
2026,2,8003 - REMISIONES GUAYAQUIL,CODIFICACION,VIDEOJET,FLUIDOS,,V4238-D,V4238-D,,,MEK/METIL ETIL CETONA PQT (TINTA NO CONTROLADA),Unidad,2.0000,0.0000,2.0000,145.5336,291.07,280.1000,134.1600,,,,,,,,2025-08-20,48,2025-09-16 06:18:26,2025-12-31 12:59:21,VIDEOJET TECHNOLOGIES INT.,Und,1,,,,A,,15.00,NO,,,0E-16,,0E-16,,0E-16,,
2026,2,8004 - REMISIONES MANTA,CODIFICACION,VIDEOJET,FLUIDOS,,V4238-D,V4238-D,,,MEK/METIL ETIL CETONA PQT (TINTA NO CONTROLADA),Unidad,2.0000,0.0000,2.0000,145.5336,291.07,280.1000,134.1600,,,,,,,,2025-08-20,48,2023-02-28 15:05:48,2025-12-31 12:59:21,VIDEOJET TECHNOLOGIES INT.,Und,1,,,,A,,15.00,NO,,,0E-16,,0E-16,,0E-16,,
2026,2,4030 - BODEGA DISPONIBLE PARA LA VENTA MANTA,CODIFICACION,VIDEOJET,FLUIDOS,,V4238-D,V4238-D,,,MEK/METIL ETIL CETONA PQT (TINTA NO CONTROLADA),Unidad,2.0000,0.0000,2.0000,145.5336,291.07,280.1000,134.1600,,0.0000,0.0000,,,,,2025-08-20,48,2025-09-09 17:01:39,2025-12-31 12:59:21,VIDEOJET TECHNOLOGIES INT.,Und,1,,,,C,,15.00,NO,,,0E-16,,0E-16,,0E-16,,
2026,2,2050 - PRODUCTO NO CONFORME GYE,CODIFICACION,VIDEOJET,FLUIDOS,,V4238-D,V4238-D,,,MEK/METIL ETIL CETONA PQT (TINTA NO CONTROLADA),Unidad,3.0000,0.0000,3.0000,145.5336,436.60,280.1000,134.1600,,,,,,,,2025-08-20,48,,2025-12-31 12:59:21,VIDEOJET TECHNOLOGIES INT.,Und,1,,,,A,,15.00,NO,,,0E-16,,0E-16,,0E-16,,
2026,2,6004 - BAJA ANUAL ,CODIFICACION,VIDEOJET,FLUIDOS,,V4238-D,V4238-D,,,MEK/METIL ETIL CETONA PQT (TINTA NO CONTROLADA),Unidad,2.0000,0.0000,2.0000,145.5336,291.07,280.1000,134.1600,,3.0000,7.0000,,,,,2025-08-20,48,,2025-12-31 12:59:21,VIDEOJET TECHNOLOGIES INT.,Und,1,,,,A,,15.00,NO,,,0E-16,,0E-16,,0E-16,,
2026,2,2030 - BODEGA DISPONIBLE PARA LA VENTA GYE,CODIFICACION,VIDEOJET,FLUIDOS,,V4238-D,V4238-D,,,MEK/METIL ETIL CETONA PQT (TINTA NO CONTROLADA),Unidad,138.0000,0.0000,138.0000,145.5336,20083.64,280.1000,134.1600,,2.0000,4.0000,,B1-P22-F1,B1-P20-F3,,2025-08-20,48,2026-02-13 15:03:40,2025-12-31 12:59:21,VIDEOJET TECHNOLOGIES INT.,Und,1,,,,A,,15.00,NO,,,0E-16,,0E-16,,0E-16,,
2026,2,1030 - BODEGA DISPONIBLE PARA LA VENTA UIO,CODIFICACION,VIDEOJET,FLUIDOS,,V4238-D,V4238-D,,,MEK/METIL ETIL CETONA PQT (TINTA NO CONTROLADA),Unidad,3.0000,0.0000,3.0000,145.5336,436.60,280.1000,134.1600,,,,,P12-N01,,,2025-08-20,48,2026-01-21 04:57:44,2025-12-31 12:59:21,VIDEOJET TECHNOLOGIES INT.,Und,1,,,,C,,15.00,NO,,,0E-16,,0E-16,,0E-16,,
2026,2,1030 - BODEGA DISPONIBLE PARA LA VENTA UIO,CODIFICACION,VIDEOJET,FLUIDOS,,V4260-D,V4260-D,,,TINTA DE CODIFICACION NO CONTROLADA,Unidad,6.0000,0.0000,6.0000,99.5673,597.40,230.6700,92.0900,,0.0000,1.0000,,P18-N02,,,2025-08-20,48,2025-08-07 07:23:43,2025-12-31 12:59:21,VIDEOJET TECHNOLOGIES INT.,Und,1,,,,B,,15.00,NO,,,0E-16,,0E-16,,0E-16,,
2026,2,2030 - BODEGA DISPONIBLE PARA LA VENTA GYE,CODIFICACION,VIDEOJET,FLUIDOS,,V4260-D,V4260-D,,,TINTA DE CODIFICACION NO CONTROLADA,Unidad,49.0000,0.0000,49.0000,99.5673,4878.80,230.6700,92.0900,,4.0000,7.0000,,B1-P27-F4,,,2025-08-20,48,2026-01-28 12:08:17,2025-12-31 12:59:21,VIDEOJET TECHNOLOGIES INT.,Und,1,,,,C,,15.00,NO,,,0E-16,,0E-16,,0E-16,,
2026,2,8003 - REMISIONES GUAYAQUIL,CODIFICACION,VIDEOJET,FLUIDOS,,V4260-D,V4260-D,,,TINTA DE CODIFICACION NO CONTROLADA,Unidad,6.0000,0.0000,6.0000,99.5673,597.40,230.6700,92.0900,,,,,,,,2025-08-20,48,2025-12-31 16:01:22,2025-12-31 12:59:21,VIDEOJET TECHNOLOGIES INT.,Und,1,,,,A,,15.00,NO,,,0E-16,,0E-16,,0E-16,,
2026,2,2030 - BODEGA DISPONIBLE PARA LA VENTA GYE,CODIFICACION,VIDEOJET,FLUIDOS,,V4262-D,V4262-D,,,TINTA DE CODIFICACION NO CONTROLADA,Unidad,78.0000,0.0000,78.0000,108.9070,8494.75,228.2600,100.3000,,24.0000,49.0000,,B1-P29-F2,,,2025-08-20,25,2026-02-05 13:31:32,2026-01-23 07:46:41,VIDEOJET TECHNOLOGIES INT.,Und,1,,,,A,,15.00,NO,,,0E-16,,0E-16,,0E-16,,
2026,2,1030 - BODEGA DISPONIBLE PARA LA VENTA UIO,CODIFICACION,VIDEOJET,FLUIDOS,,V4262-D,V4262-D,,,TINTA DE CODIFICACION NO CONTROLADA,Unidad,11.0000,0.0000,11.0000,108.9070,1197.98,228.2600,100.3000,,0.0000,1.0000,,P15-N01,,,2025-08-20,25,2025-12-23 05:05:49,2026-01-23 07:46:41,VIDEOJET TECHNOLOGIES INT.,Und,1,,,,C,,15.00,NO,,,0E-16,,0E-16,,0E-16,,
2026,2,2030 - BODEGA DISPONIBLE PARA LA VENTA GYE,CODIFICACION,VIDEOJET,FLUIDOS,,V438-D,V438-D,,,MEK/METIL ETIL CETONA PQT (TINTA NO CONTROLADA),Unidad,26.0000,0.0000,26.0000,131.6464,3422.81,205.3900,121.2000,,,,,B1-P20-F3,,,2025-08-20,25,2025-11-21 13:35:48,2026-01-23 07:46:41,VIDEOJET TECHNOLOGIES INT.,Und,1,,,,B,,15.00,NO,"Marbelize, consumo de 10und mes confirmado por Ruben, posteriormente cambiaron de tinta y su consumo bajo a 1 cartucho mes",,0E-16,,0E-16,,0E-16,,
2026,2,2030 - BODEGA DISPONIBLE PARA LA VENTA GYE,CODIFICACION,VIDEOJET,FLUIDOS,,V460-D,V460-D,,,TINTA DE CODIFICACION NO CONTROLADA,Unidad,12.0000,1.0000,13.0000,88.7581,1153.86,219.6900,81.4600,,2.0000,4.0000,,B1-P22-F3,,,2025-08-20,25,2026-02-09 12:45:47,2026-01-23 07:46:41,VIDEOJET TECHNOLOGIES INT.,Und,1,,,,C,,15.00,NO,,,0E-16,,0E-16,,0E-16,,
2026,2,1030 - BODEGA DISPONIBLE PARA LA VENTA UIO,CODIFICACION,VIDEOJET,FLUIDOS,,V460-D,V460-D,,,TINTA DE CODIFICACION NO CONTROLADA,Unidad,7.0000,0.0000,7.0000,88.7581,621.31,219.6900,81.4600,,1.0000,1.0000,,P12-N01,,,2025-08-20,25,2025-12-01 07:56:24,2026-01-23 07:46:41,VIDEOJET TECHNOLOGIES INT.,Und,1,,,,B,,15.00,NO,,,0E-16,,0E-16,,0E-16,,
2026,2,1030 - BODEGA DISPONIBLE PARA LA VENTA UIO,CODIFICACION,VIDEOJET,FLUIDOS,,V462-D,V462-D,,,TINTA DE CODIFICACION NO CONTROLADA,Unidad,2.0000,0.0000,2.0000,106.8800,213.76,228.2600,103.8000,,,,,P16-N03,,,2025-08-20,117,2026-02-13 07:03:44,2025-10-23 13:24:20,VIDEOJET TECHNOLOGIES INT.,Und,1,,,,B,,15.00,NO,devolvió san carlos con caducidad 2021 - Inbalnor deja de consumir desde oct2020,,0E-16,,0E-16,,0E-16,,
2026,2,8003 - REMISIONES GUAYAQUIL,CODIFICACION,VIDEOJET,FLUIDOS,,V462-D,V462-D,,,TINTA DE CODIFICACION NO CONTROLADA,Unidad,10.0000,0.0000,10.0000,106.8800,1068.80,228.2600,103.8000,,,,,,,,2025-08-20,117,2025-05-31 19:46:47,2025-10-23 13:24:20,VIDEOJET TECHNOLOGIES INT.,Und,1,,,,A,,15.00,NO,devolvió san carlos con caducidad 2021 - Inbalnor deja de consumir desde oct2020,,0E-16,,0E-16,,0E-16,,
2026,2,2050 - PRODUCTO NO CONFORME GYE,CODIFICACION,VIDEOJET,FLUIDOS,,V471-D,V471-D,,,TINTA DE CODIFICACION NO CONTROLADA,Unidad,9.0000,0.0000,9.0000,82.4348,741.91,219.6500,77.1700,,4.0000,7.0000,,,,,2025-08-20,48,,2025-12-31 12:59:21,VIDEOJET TECHNOLOGIES INT.,Und,1,,,,B,,15.00,NO,,,0E-16,,0E-16,,0E-16,,
2026,2,2030 - BODEGA DISPONIBLE PARA LA VENTA GYE,CODIFICACION,VIDEOJET,FLUIDOS,,V471-D,V471-D,,,TINTA DE CODIFICACION NO CONTROLADA,Unidad,3.0000,0.0000,3.0000,82.4348,247.30,219.6500,77.1700,,3.0000,6.0000,,B1-P22-F4,,,2025-08-20,48,2023-02-24 17:44:32,2025-12-31 12:59:21,VIDEOJET TECHNOLOGIES INT.,Und,1,,,,C,,15.00,NO,,,0E-16,,0E-16,,0E-16,,
2026,2,2030 - BODEGA DISPONIBLE PARA LA VENTA GYE,CODIFICACION,VIDEOJET,FLUIDOS,,V480-C,V480-C,,,MEK/METIL ETIL CETONA PQT (TINTA NO CONTROLADA),Unidad,5.0000,0.0000,5.0000,70.8444,354.22,219.9900,67.1200,,,,,B1-P25-F4,,,2025-08-20,25,2024-02-01 11:53:06,2026-01-23 07:46:41,VIDEOJET TECHNOLOGIES INT.,Und,1,,,,C,,15.00,NO,,,0E-16,,0E-16,,0E-16,,
2026,2,1030 - BODEGA DISPONIBLE PARA LA VENTA UIO,CODIFICACION,VIDEOJET,FLUIDOS,,V480-C,V480-C,,,MEK/METIL ETIL CETONA PQT (TINTA NO CONTROLADA),Unidad,1.0000,0.0000,1.0000,70.8444,70.84,219.9900,67.1200,,,,,P14-N01,,,2025-08-20,25,2024-10-14 07:58:37,2026-01-23 07:46:41,VIDEOJET TECHNOLOGIES INT.,Und,1,,,,C,,15.00,NO,,,0E-16,,0E-16,,0E-16,,
2026,2,2050 - PRODUCTO NO CONFORME GYE,CODIFICACION,VIDEOJET,FLUIDOS,,V480-C,V480-C,,,MEK/METIL ETIL CETONA PQT (TINTA NO CONTROLADA),Unidad,2.0000,0.0000,2.0000,70.8444,141.69,219.9900,67.1200,,,,,,,,2025-08-20,25,,2026-01-23 07:46:41,VIDEOJET TECHNOLOGIES INT.,Und,1,,,,B,,15.00,NO,,,0E-16,,0E-16,,0E-16,,
2026,2,1030 - BODEGA DISPONIBLE PARA LA VENTA UIO,CODIFICACION,VIDEOJET,FLUIDOS,,V481-C,V481-C,,,MEK/METIL ETIL CETONA PQT (TINTA NO CONTROLADA),Unidad,1.0000,0.0000,1.0000,71.2815,71.28,219.9900,65.6800,,,,,P14-N01,,,2025-08-20,48,2026-01-21 07:37:08,2025-12-31 12:59:21,VIDEOJET TECHNOLOGIES INT.,Und,1,,,,C,,15.00,NO,,,0E-16,,0E-16,,0E-16,,
2026,2,2030 - BODEGA DISPONIBLE PARA LA VENTA GYE,CODIFICACION,VIDEOJET,FLUIDOS,,V481-C,V481-C,,,MEK/METIL ETIL CETONA PQT (TINTA NO CONTROLADA),Unidad,3.0000,0.0000,3.0000,71.2815,213.84,219.9900,65.6800,,,,,B1-P24-F5,,,2025-08-20,48,2025-09-24 15:46:27,2025-12-31 12:59:21,VIDEOJET TECHNOLOGIES INT.,Und,1,,,,C,,15.00,NO,,,0E-16,,0E-16,,0E-16,,
2026,2,2030 - BODEGA DISPONIBLE PARA LA VENTA GYE,CODIFICACION,VIDEOJET,FLUIDOS,,V483AB-C,V483AB-C,,,MEK/METIL ETIL CETONA PQT (TINTA NO CONTROLADA),Unidad,45.0000,0.0000,45.0000,67.8545,3053.45,219.9900,62.8100,,15.0000,29.0000,,B1-P34-F3,,,2025-08-20,48,2025-03-14 14:10:38,2025-12-31 12:59:21,VIDEOJET TECHNOLOGIES INT.,Und,1,,,,B,,15.00,NO,,,0E-16,,0E-16,,0E-16,,
2026,2,1030 - BODEGA DISPONIBLE PARA LA VENTA UIO,CODIFICACION,VIDEOJET,FLUIDOS,,V483AB-C,V483AB-C,,,MEK/METIL ETIL CETONA PQT (TINTA NO CONTROLADA),Unidad,17.0000,0.0000,17.0000,67.8545,1153.53,219.9900,62.8100,,,,,P13-N01,,,2025-08-20,48,2024-01-02 01:28:15,2025-12-31 12:59:21,VIDEOJET TECHNOLOGIES INT.,Und,1,,,,C,,15.00,NO,,,0E-16,,0E-16,,0E-16,,
2026,2,8001 - TRANSFERENCIAS EN TRÁNSITO,CODIFICACION,VIDEOJET,FLUIDOS,,V483AB-C,V483AB-C,,,MEK/METIL ETIL CETONA PQT (TINTA NO CONTROLADA),Unidad,10.0000,0.0000,10.0000,67.8545,678.55,219.9900,62.8100,,,,,,,,2025-08-20,48,,2025-12-31 12:59:21,VIDEOJET TECHNOLOGIES INT.,Und,1,,,,A,,15.00,NO,,,0E-16,,0E-16,,0E-16,,
2026,2,2109 - CERVECERIA NACIONAL CN S.A. GUAYAQUIL,CODIFICACION,VIDEOJET,FLUIDOS,,V483AB-C,V483AB-C,,,MEK/METIL ETIL CETONA PQT (TINTA NO CONTROLADA),Unidad,4.0000,0.0000,4.0000,67.8545,271.42,219.9900,62.8100,,,,,,,,2025-08-20,48,,2025-12-31 12:59:21,VIDEOJET TECHNOLOGIES INT.,Und,1,,,,A,,15.00,NO,,,0E-16,,0E-16,,0E-16,,
2026,2,2050 - PRODUCTO NO CONFORME GYE,CODIFICACION,VIDEOJET,FLUIDOS,,V483AB-C,V483AB-C,,,MEK/METIL ETIL CETONA PQT (TINTA NO CONTROLADA),Unidad,1.0000,0.0000,1.0000,67.8545,67.85,219.9900,62.8100,,,,,,,,2025-08-20,48,,2025-12-31 12:59:21,VIDEOJET TECHNOLOGIES INT.,Und,1,,,,A,,15.00,NO,,,0E-16,,0E-16,,0E-16,,
2026,2,8003 - REMISIONES GUAYAQUIL,CODIFICACION,VIDEOJET,FLUIDOS,,V483AB-C,V483AB-C,,,MEK/METIL ETIL CETONA PQT (TINTA NO CONTROLADA),Unidad,8.0000,0.0000,8.0000,67.8545,542.84,219.9900,62.8100,,,,,,,,2025-08-20,48,2026-01-31 19:12:47,2025-12-31 12:59:21,VIDEOJET TECHNOLOGIES INT.,Und,1,,,,A,,15.00,NO,,,0E-16,,0E-16,,0E-16,,
2026,2,1080 - PROXIMOS VENCIMIENTOS UIO,CODIFICACION,VIDEOJET,FLUIDOS,,V496-D,V496-D,,,TINTA DE CODIFICACION NO CONTROLADA,Unidad,2.0000,0.0000,2.0000,151.0778,302.16,282.9000,142.0100,,1.0000,2.0000,,ZONA 1080,,,2025-08-20,84,,2025-11-25 07:59:06,VIDEOJET TECHNOLOGIES INT.,Und,1,,,,B,,15.00,NO,,,0E-16,,0E-16,,0E-16,,
2026,2,2030 - BODEGA DISPONIBLE PARA LA VENTA GYE,CODIFICACION,VIDEOJET,FLUIDOS,,V496-D,V496-D,,,TINTA DE CODIFICACION NO CONTROLADA,Unidad,3.0000,0.0000,3.0000,151.0778,453.23,282.9000,142.0100,,,,,B1-P23-F2,,,2025-08-20,84,2025-10-15 09:03:43,2025-11-25 07:59:06,VIDEOJET TECHNOLOGIES INT.,Und,1,,,,C,,15.00,NO,,,0E-16,,0E-16,,0E-16,,
2026,2,2030 - BODEGA DISPONIBLE PARA LA VENTA GYE,CODIFICACION,VIDEOJET,FLUIDOS,,V507-D,V507-D,,,MEK/METIL ETIL CETONA PQT (TINTA NO CONTROLADA),Unidad,10.0000,0.0000,10.0000,99.4387,994.39,159.3200,92.6800,,,,,B1-P38-F2,,,2025-08-20,12,2026-01-21 04:34:45,2026-02-05 11:12:34.263000,VIDEOJET TECHNOLOGIES INT.,Und,1,,,,B,,15.00,NO,,,0E-16,,0E-16,,0E-16,,
2026,2,1050 - BODEGA PRODUCTO NO CONFORME UIO,CODIFICACION,VIDEOJET,FLUIDOS,,V507-D,V507-D,,,MEK/METIL ETIL CETONA PQT (TINTA NO CONTROLADA),Unidad,1.0000,0.0000,1.0000,99.4387,99.44,159.3200,92.6800,,,,,ZONA 1050,,,2025-08-20,12,,2026-02-05 11:12:34.263000,VIDEOJET TECHNOLOGIES INT.,Und,1,,,,B,,15.00,NO,,,0E-16,,0E-16,,0E-16,,
2026,2,1030 - BODEGA DISPONIBLE PARA LA VENTA UIO,CODIFICACION,VIDEOJET,FLUIDOS,,V507-D,V507-D,,,MEK/METIL ETIL CETONA PQT (TINTA NO CONTROLADA),Unidad,9.0000,0.0000,9.0000,99.4387,894.95,159.3200,92.6800,,,,,P11-N01,,,2025-08-20,12,2026-02-11 07:20:47,2026-02-05 11:12:34.263000,VIDEOJET TECHNOLOGIES INT.,Und,1,,,,B,,15.00,NO,,,0E-16,,0E-16,,0E-16,,
2026,2,8001 - TRANSFERENCIAS EN TRÁNSITO,CODIFICACION,VIDEOJET,FLUIDOS,,V507-D,V507-D,,,MEK/METIL ETIL CETONA PQT (TINTA NO CONTROLADA),Unidad,10.0000,0.0000,10.0000,99.4387,994.39,159.3200,92.6800,,,,,,,,2025-08-20,12,,2026-02-05 11:12:34.263000,VIDEOJET TECHNOLOGIES INT.,Und,1,,,,B,,15.00,NO,,,0E-16,,0E-16,,0E-16,,
2026,2,2050 - PRODUCTO NO CONFORME GYE,CODIFICACION,VIDEOJET,FLUIDOS,,V523-D,V523-D,,,TINTA DE CODIFICACION NO CONTROLADA,Unidad,3.0000,0.0000,3.0000,106.0411,318.12,245.5400,98.8800,,,,,,,,2025-08-20,48,,2025-12-31 12:59:21,VIDEOJET TECHNOLOGIES INT.,Und,1,,,,B,,15.00,NO,,,0E-16,,0E-16,,0E-16,,
2026,2,2030 - BODEGA DISPONIBLE PARA LA VENTA GYE,CODIFICACION,VIDEOJET,FLUIDOS,,V523-D,V523-D,,,TINTA DE CODIFICACION NO CONTROLADA,Unidad,147.0000,0.0000,147.0000,106.0411,15588.04,245.5400,98.8800,,1.0000,1.0000,,B1-P38-F1,B1-P38-F2,,2025-08-20,48,2026-01-14 06:19:47,2025-12-31 12:59:21,VIDEOJET TECHNOLOGIES INT.,Und,1,,,,B,,15.00,NO,,,0E-16,,0E-16,,0E-16,,
2026,2,1113 - THE TESALIA SPRINGS COMPANY S.A. MACHACHI,CODIFICACION,VIDEOJET,FLUIDOS,,V526-D,V526-D,,,MEK/METIL ETIL CETONA PQT (TINTA NO CONTROLADA),Unidad,1.0000,0.0000,1.0000,132.1464,132.15,292.5900,122.6300,,3.0000,6.0000,,,,,2025-08-20,328,,2025-03-26 09:49:11,VIDEOJET TECHNOLOGIES INT.,Und,1,,,,A,,15.00,NO,,,0E-16,,0E-16,,0E-16,,
2026,2,2106 - BEBIDAS ARCACONTINENTAL GUAYAQUIL,CODIFICACION,VIDEOJET,FLUIDOS,,V528-D,V528-D,,,MEK/METIL ETIL CETONA PQT (TINTA NO CONTROLADA),Unidad,3.0000,0.0000,3.0000,116.9215,350.76,255.8100,110.1900,,,,,,,,2025-08-20,293,,2025-04-30 07:04:12,VIDEOJET TECHNOLOGIES INT.,Und,1,,,,A,,15.00,NO,,,0E-16,,0E-16,,0E-16,,
2026,2,2050 - PRODUCTO NO CONFORME GYE,CODIFICACION,VIDEOJET,FLUIDOS,,V528-D,V528-D,,,MEK/METIL ETIL CETONA PQT (TINTA NO CONTROLADA),Unidad,11.0000,0.0000,11.0000,116.9215,1286.14,255.8100,110.1900,,1.0000,1.0000,,,,,2025-08-20,293,,2025-04-30 07:04:12,VIDEOJET TECHNOLOGIES INT.,Und,1,,,,A,,15.00,NO,,,0E-16,,0E-16,,0E-16,,
2026,2,8003 - REMISIONES GUAYAQUIL,CODIFICACION,VIDEOJET,FLUIDOS,,V571-R,V571-R,,,TINTA DE CODIFICACION NO CONTROLADA,Unidad,3.0000,0.0000,3.0000,87.2392,261.72,196.8800,80.9400,,,,,,,,2025-08-20,48,2022-07-31 11:33:39,2025-12-31 12:59:21,VIDEOJET TECHNOLOGIES INT.,Und,1,,,,C,,15.00,NO,"se pidió 12und en PO-2176 Ecuajugos, cantidades dadas por dpto Comercial",,0E-16,,0E-16,,0E-16,,
2026,2,1030 - BODEGA DISPONIBLE PARA LA VENTA UIO,CODIFICACION,VIDEOJET,FLUIDOS,,V571-R,V571-R,,,TINTA DE CODIFICACION NO CONTROLADA,Unidad,10.0000,0.0000,10.0000,87.2392,872.39,196.8800,80.9400,,0.0000,0.0000,,P18-N02,,,2025-08-20,48,2025-11-18 09:29:23,2025-12-31 12:59:21,VIDEOJET TECHNOLOGIES INT.,Und,1,,,,C,,15.00,NO,"se pidió 12und en PO-2176 Ecuajugos, cantidades dadas por dpto Comercial",,0E-16,,0E-16,,0E-16,,
2026,2,2030 - BODEGA DISPONIBLE PARA LA VENTA GYE,CODIFICACION,VIDEOJET,FLUIDOS,,V571-R,V571-R,,,TINTA DE CODIFICACION NO CONTROLADA,Unidad,16.0000,0.0000,16.0000,87.2392,1395.83,196.8800,80.9400,,0.0000,0.0000,,B1-P22-F3,,,2025-08-20,48,2026-02-02 14:22:15,2025-12-31 12:59:21,VIDEOJET TECHNOLOGIES INT.,Und,1,,,,C,,15.00,NO,"se pidió 12und en PO-2176 Ecuajugos, cantidades dadas por dpto Comercial",,0E-16,,0E-16,,0E-16,,
2026,2,1030 - BODEGA DISPONIBLE PARA LA VENTA UIO,CODIFICACION,VIDEOJET,FLUIDOS,,V701-D,V701-D,,,SOLVENTE DE CODIFICACION NO CONTROLADO,Unidad,148.0000,0.0000,148.0000,22.5367,3335.43,59.6600,22.1600,,58.0000,116.0000,,P14-N02,,,2025-08-20,25,2026-02-12 07:28:01,2026-01-23 07:46:41,VIDEOJET TECHNOLOGIES INT.,Und,1,,,,A,,15.00,NO,,,0E-16,,0E-16,,0E-16,,
2026,2,2030 - BODEGA DISPONIBLE PARA LA VENTA GYE,CODIFICACION,VIDEOJET,FLUIDOS,,V701-D,V701-D,,,SOLVENTE DE CODIFICACION NO CONTROLADO,Unidad,150.0000,0.0000,150.0000,22.5367,3380.51,59.6600,22.1600,,18.0000,35.0000,,B1-P30-F1,B1-P29-F3,,2025-08-20,25,2026-02-02 08:33:47,2026-01-23 07:46:41,VIDEOJET TECHNOLOGIES INT.,Und,1,,,,A,,15.00,NO,,,0E-16,,0E-16,,0E-16,,
2026,2,4030 - BODEGA DISPONIBLE PARA LA VENTA MANTA,CODIFICACION,VIDEOJET,FLUIDOS,,V701-D,V701-D,,,SOLVENTE DE CODIFICACION NO CONTROLADO,Unidad,5.0000,0.0000,5.0000,22.5367,112.68,59.6600,22.1600,,,,,,,,2025-08-20,25,2026-01-26 07:22:08,2026-01-23 07:46:41,VIDEOJET TECHNOLOGIES INT.,Und,1,,,,C,,15.00,NO,,,0E-16,,0E-16,,0E-16,,
2026,2,8002 - REMISIONES QUITO,CODIFICACION,VIDEOJET,FLUIDOS,,V701-D,V701-D,,,SOLVENTE DE CODIFICACION NO CONTROLADO,Unidad,21.0000,0.0000,21.0000,22.5367,473.27,59.6600,22.1600,,,,,,,,2025-08-20,25,2026-02-09 05:07:09,2026-01-23 07:46:41,VIDEOJET TECHNOLOGIES INT.,Und,1,,,,A,,15.00,NO,,,0E-16,,0E-16,,0E-16,,
2026,2,8003 - REMISIONES GUAYAQUIL,CODIFICACION,VIDEOJET,FLUIDOS,,V701-D,V701-D,,,SOLVENTE DE CODIFICACION NO CONTROLADO,Unidad,7.0000,0.0000,7.0000,22.5367,157.76,59.6600,22.1600,,,,,,,,2025-08-20,25,2026-01-31 19:13:41,2026-01-23 07:46:41,VIDEOJET TECHNOLOGIES INT.,Und,1,,,,A,,15.00,NO,,,0E-16,,0E-16,,0E-16,,
2026,2,4030 - BODEGA DISPONIBLE PARA LA VENTA MANTA,CODIFICACION,VIDEOJET,FLUIDOS,,V704-D,V704-D,,,SOLVENTE DE CODIFICACION NO CONTROLADO,Unidad,2.0000,0.0000,2.0000,22.1945,44.39,53.6800,20.1000,,,,,,,,2025-08-20,25,2026-01-13 07:20:44,2026-01-23 07:46:41,VIDEOJET TECHNOLOGIES INT.,Und,1,,,,C,,15.00,NO,,,0E-16,,0E-16,,0E-16,,
2026,2,2030 - BODEGA DISPONIBLE PARA LA VENTA GYE,CODIFICACION,VIDEOJET,FLUIDOS,,V704-D,V704-D,,,SOLVENTE DE CODIFICACION NO CONTROLADO,Unidad,46.0000,0.0000,46.0000,22.1945,1020.95,53.6800,20.1000,,,,,B1-P23-F2,,,2025-08-20,25,2026-01-14 06:18:02,2026-01-23 07:46:41,VIDEOJET TECHNOLOGIES INT.,Und,1,,,,A,,15.00,NO,,,0E-16,,0E-16,,0E-16,,
2026,2,8001 - TRANSFERENCIAS EN TRÁNSITO,CODIFICACION,VIDEOJET,FLUIDOS,,V705-D,V705-D (251906347BR),251906347BR,09/07/2027,MEK/METIL ETIL CETONA PQT (MEK CODIFICACION CONTROLADO) CARTUCHO DE 0.75 LITROS,Unidad,6.0000,0.0000,6.0000,23.6078,141.65,52.9100,21.6400,2026-01-22 16:39:35.620000,,,,,,,2025-08-20,25,,2026-01-23 07:46:41,VIDEOJET TECHNOLOGIES INT.,Und,1,,,,C,,15.00,SI,,,0E-16,,0E-16,,0E-16,,
2026,2,2030 - BODEGA DISPONIBLE PARA LA VENTA GYE,CODIFICACION,VIDEOJET,FLUIDOS,,V705-D,V705-D (253004425EG),253004425EG,27/10/2027,MEK/METIL ETIL CETONA PQT (MEK CODIFICACION CONTROLADO) CARTUCHO DE 0.75 LITROS,Unidad,6.0000,0.0000,6.0000,23.3833,140.30,52.9100,21.6400,2025-12-31 10:12:56.497000,1.0000,1.0000,,B1-P13-F1,B1-P13-F2,,2025-08-20,48,,2025-12-31 12:59:21,VIDEOJET TECHNOLOGIES INT.,Und,1,,,,C,,15.00,SI,,,0E-16,,0E-16,,0E-16,,
2026,2,2030 - BODEGA DISPONIBLE PARA LA VENTA GYE,CODIFICACION,VIDEOJET,FLUIDOS,,V705-D,V705-D (252944334EG),252944334EG,21/10/2027,MEK/METIL ETIL CETONA PQT (MEK CODIFICACION CONTROLADO) CARTUCHO DE 0.75 LITROS,Unidad,18.0000,0.0000,18.0000,23.3833,420.90,52.9100,21.6400,2025-12-31 10:12:56.513000,1.0000,1.0000,,B1-P13-F1,B1-P13-F2,,2025-08-20,48,,2025-12-31 12:59:21,VIDEOJET TECHNOLOGIES INT.,Und,1,,,,C,,15.00,SI,,,0E-16,,0E-16,,0E-16,,
2026,2,2030 - BODEGA DISPONIBLE PARA LA VENTA GYE,CODIFICACION,VIDEOJET,FLUIDOS,,V705-D,V705-D (251913238DE),251913238DE,10/07/2027,MEK/METIL ETIL CETONA PQT (MEK CODIFICACION CONTROLADO) CARTUCHO DE 0.75 LITROS,Unidad,22.0000,0.0000,22.0000,23.3836,514.44,52.9100,21.6400,2025-12-31 10:12:56.263000,1.0000,1.0000,,B1-P13-F1,B1-P13-F2,,2025-08-20,48,2026-02-04 07:10:09,2025-12-31 12:59:21,VIDEOJET TECHNOLOGIES INT.,Und,1,,,,C,,15.00,SI,,,0E-16,,0E-16,,0E-16,,
2026,2,2030 - BODEGA DISPONIBLE PARA LA VENTA GYE,CODIFICACION,VIDEOJET,FLUIDOS,,V705-D,V705-D (252323364EG),252323364EG,20/08/2027,MEK/METIL ETIL CETONA PQT (MEK CODIFICACION CONTROLADO) CARTUCHO DE 0.75 LITROS,Unidad,10.0000,0.0000,10.0000,23.4972,234.97,52.9100,21.6400,2025-10-22 17:49:28.353000,1.0000,1.0000,,B1-P13-F1,B1-P13-F2,,2025-08-20,117,2025-12-17 22:34:10,2025-10-23 13:24:20,VIDEOJET TECHNOLOGIES INT.,Und,1,,,,C,,15.00,SI,,,0E-16,,0E-16,,0E-16,,
2026,2,1030 - BODEGA DISPONIBLE PARA LA VENTA UIO,CODIFICACION,VIDEOJET,FLUIDOS,,V705-D,V705-D (251906347BR),251906347BR,09/07/2027,MEK/METIL ETIL CETONA PQT (MEK CODIFICACION CONTROLADO) CARTUCHO DE 0.75 LITROS,Unidad,12.0000,0.0000,12.0000,23.6078,283.29,52.9100,21.6400,2026-01-22 16:39:35.620000,,,,P08-N02,,,2025-08-20,25,,2026-01-23 07:46:41,VIDEOJET TECHNOLOGIES INT.,Und,1,,,,C,,15.00,SI,,,0E-16,,0E-16,,0E-16,,
2026,2,1030 - BODEGA DISPONIBLE PARA LA VENTA UIO,CODIFICACION,VIDEOJET,FLUIDOS,,V705-D,V705-D (251883112DE),251883112DE,07/07/2027,MEK/METIL ETIL CETONA PQT (MEK CODIFICACION CONTROLADO) CARTUCHO DE 0.75 LITROS,Unidad,2.0000,1.0000,3.0000,23.3835,70.15,52.9100,21.6400,2025-12-31 10:12:56.467000,,,,P08-N02,,,2025-08-20,48,2026-02-04 07:30:25,2025-12-31 12:59:21,VIDEOJET TECHNOLOGIES INT.,Und,1,,,,C,,15.00,SI,,,0E-16,,0E-16,,0E-16,,
2026,2,1030 - BODEGA DISPONIBLE PARA LA VENTA UIO,CODIFICACION,VIDEOJET,FLUIDOS,,V705-D,V705-D (252323364EG),252323364EG,20/08/2027,MEK/METIL ETIL CETONA PQT (MEK CODIFICACION CONTROLADO) CARTUCHO DE 0.75 LITROS,Unidad,2.0000,0.0000,2.0000,23.4972,46.99,52.9100,21.6400,2025-10-22 17:49:28.353000,,,,P08-N02,,,2025-08-20,117,2026-01-23 08:39:57,2025-10-23 13:24:20,VIDEOJET TECHNOLOGIES INT.,Und,1,,,,C,,15.00,SI,,,0E-16,,0E-16,,0E-16,,
2026,2,1030 - BODEGA DISPONIBLE PARA LA VENTA UIO,CODIFICACION,VIDEOJET,FLUIDOS,,V705-D,V705-D (242744076EG),242744076EG,30/09/2026,MEK/METIL ETIL CETONA PQT (MEK CODIFICACION CONTROLADO) CARTUCHO DE 0.75 LITROS,Unidad,2.0000,0.0000,2.0000,21.4168,42.83,52.9100,21.6400,2024-11-15 15:46:44.730000,,,,P08-N02,,,2025-08-20,456,2025-05-08 10:07:35,2024-11-18 12:26:53,VIDEOJET TECHNOLOGIES INT.,Und,1,,,,C,,15.00,SI,,,0E-16,,0E-16,,0E-16,,
2026,2,1118 - OLYMPIC JUICE OLYJUICE CIA. LTDA.,CODIFICACION,VIDEOJET,FLUIDOS,,V705-D,V705-D (250020024DE),250020024DE,02/01/2027,MEK/METIL ETIL CETONA PQT (MEK CODIFICACION CONTROLADO) CARTUCHO DE 0.75 LITROS,Unidad,1.0000,0.0000,1.0000,21.9300,21.93,52.9100,21.6400,2025-04-28 16:42:57.533000,0.0000,0.0000,,,,,2025-08-20,293,,2025-04-30 07:04:12,VIDEOJET TECHNOLOGIES INT.,Und,1,,,,C,,15.00,SI,,,0E-16,,0E-16,,0E-16,,
2026,2,1110 - REYLACTEOS C.L. SANTO DOMINGO,CODIFICACION,VIDEOJET,FLUIDOS,,V705-D,V705-D (250380642DE),250380642DE,07/02/2027,MEK/METIL ETIL CETONA PQT (MEK CODIFICACION CONTROLADO) CARTUCHO DE 0.75 LITROS,Unidad,5.0000,0.0000,5.0000,22.6478,113.24,52.9100,21.6400,2025-05-30 09:57:41.367000,6.0000,11.0000,,,,,2025-08-20,262,,2025-05-31 10:24:21,VIDEOJET TECHNOLOGIES INT.,Und,1,,,,C,,15.00,SI,,,0E-16,,0E-16,,0E-16,,
2026,2,8001 - TRANSFERENCIAS EN TRÁNSITO,CODIFICACION,VIDEOJET,FLUIDOS,,V705-D,V705-D (251883112DE),251883112DE,07/07/2027,MEK/METIL ETIL CETONA PQT (MEK CODIFICACION CONTROLADO) CARTUCHO DE 0.75 LITROS,Unidad,22.0000,0.0000,22.0000,23.3835,514.44,52.9100,21.6400,2025-12-31 10:12:56.467000,,,,,,,2025-08-20,48,,2025-12-31 12:59:21,VIDEOJET TECHNOLOGIES INT.,Und,1,,,,C,,15.00,SI,,,0E-16,,0E-16,,0E-16,,
2026,2,1110 - REYLACTEOS C.L. SANTO DOMINGO,CODIFICACION,VIDEOJET,FLUIDOS,,V705-D,V705-D (251883112DE),251883112DE,07/07/2027,MEK/METIL ETIL CETONA PQT (MEK CODIFICACION CONTROLADO) CARTUCHO DE 0.75 LITROS,Unidad,8.0000,0.0000,8.0000,23.3835,187.07,52.9100,21.6400,2025-12-31 10:12:56.467000,6.0000,11.0000,,,,,2025-08-20,48,,2025-12-31 12:59:21,VIDEOJET TECHNOLOGIES INT.,Und,1,,,,C,,15.00,SI,,,0E-16,,0E-16,,0E-16,,
2026,2,1100 - AGROPESA INDUSTRIA AGROPECUARIA ECUATORIANA,CODIFICACION,VIDEOJET,FLUIDOS,,V705-D,V705-D (251883112DE),251883112DE,07/07/2027,MEK/METIL ETIL CETONA PQT (MEK CODIFICACION CONTROLADO) CARTUCHO DE 0.75 LITROS,Unidad,3.0000,0.0000,3.0000,23.3835,70.15,52.9100,21.6400,2025-12-31 10:12:56.467000,2.0000,5.0000,,,,,2025-08-20,48,,2025-12-31 12:59:21,VIDEOJET TECHNOLOGIES INT.,Und,1,,,,C,,15.00,SI,,,0E-16,,0E-16,,0E-16,,
2026,2,8002 - REMISIONES QUITO,CODIFICACION,VIDEOJET,FLUIDOS,,V705-D,V705-D (251883112DE),251883112DE,07/07/2027,MEK/METIL ETIL CETONA PQT (MEK CODIFICACION CONTROLADO) CARTUCHO DE 0.75 LITROS,Unidad,1.0000,0.0000,1.0000,23.3835,23.38,52.9100,21.6400,2025-12-31 10:12:56.467000,,,,,,,2025-08-20,48,,2025-12-31 12:59:21,VIDEOJET TECHNOLOGIES INT.,Und,1,,,,C,,15.00,SI,,,0E-16,,0E-16,,0E-16,,
2026,2,8001 - TRANSFERENCIAS EN TRÁNSITO,CODIFICACION,VIDEOJET,FLUIDOS,,V705-D,V705-D (251893168DE),251893168DE,08/07/2027,MEK/METIL ETIL CETONA PQT (MEK CODIFICACION CONTROLADO) CARTUCHO DE 0.75 LITROS,Unidad,6.0000,0.0000,6.0000,23.3833,140.30,52.9100,21.6400,2025-12-31 10:12:56.480000,,,,,,,2025-08-20,48,,2025-12-31 12:59:21,VIDEOJET TECHNOLOGIES INT.,Und,1,,,,C,,15.00,SI,,,0E-16,,0E-16,,0E-16,,
2026,2,8001 - TRANSFERENCIAS EN TRÁNSITO,CODIFICACION,VIDEOJET,FLUIDOS,,V705-D,V705-D (251913238DE),251913238DE,10/07/2027,MEK/METIL ETIL CETONA PQT (MEK CODIFICACION CONTROLADO) CARTUCHO DE 0.75 LITROS,Unidad,2.0000,0.0000,2.0000,23.3836,46.77,52.9100,21.6400,2025-12-31 10:12:56.263000,,,,,,,2025-08-20,48,,2025-12-31 12:59:21,VIDEOJET TECHNOLOGIES INT.,Und,1,,,,C,,15.00,SI,,,0E-16,,0E-16,,0E-16,,
2026,2,8001 - TRANSFERENCIAS EN TRÁNSITO,CODIFICACION,VIDEOJET,FLUIDOS,,V706-D,V706-D (251906342BR),251906342BR,09/07/2027,MEK/METIL ETIL CETONA PQT (MEK CODIFICACION CONTROLADO) CARTUCHO DE 0.75 LITROS,Unidad,283.0000,0.0000,283.0000,23.0185,6514.24,52.5000,21.1000,2026-01-22 16:39:35.557000,,,,,,,2025-08-20,25,,2026-01-23 07:46:41,VIDEOJET TECHNOLOGIES INT.,Und,1,,,,C,,15.00,SI,,,0E-16,,0E-16,,0E-16,,
2026,2,8003 - REMISIONES GUAYAQUIL,CODIFICACION,VIDEOJET,FLUIDOS,,V706-D,V706-D (251963252DE),251963252DE,15/07/2027,MEK/METIL ETIL CETONA PQT (MEK CODIFICACION CONTROLADO) CARTUCHO DE 0.75 LITROS,Unidad,1.0000,0.0000,1.0000,22.8000,22.80,52.5000,21.1000,2025-12-31 10:12:56.357000,,,,,,,2025-08-20,48,,2025-12-31 12:59:21,VIDEOJET TECHNOLOGIES INT.,Und,1,,,,C,,15.00,SI,,,0E-16,,0E-16,,0E-16,,
2026,2,1122 - CONFITECA C.A.,CODIFICACION,VIDEOJET,FLUIDOS,,V706-D,V706-D (251963252DE),251963252DE,15/07/2027,MEK/METIL ETIL CETONA PQT (MEK CODIFICACION CONTROLADO) CARTUCHO DE 0.75 LITROS,Unidad,13.0000,0.0000,13.0000,22.8000,296.40,52.5000,21.1000,2025-12-31 10:12:56.357000,40.0000,80.0000,,,,,2025-08-20,48,,2025-12-31 12:59:21,VIDEOJET TECHNOLOGIES INT.,Und,1,,,,C,,15.00,SI,,,0E-16,,0E-16,,0E-16,,
2026,2,1122 - CONFITECA C.A.,CODIFICACION,VIDEOJET,FLUIDOS,,V706-D,V706-D (252033434de),252033434de,22/07/2027,MEK/METIL ETIL CETONA PQT (MEK CODIFICACION CONTROLADO) CARTUCHO DE 0.75 LITROS,Unidad,18.0000,0.0000,18.0000,22.7999,410.40,52.5000,21.1000,2025-12-31 10:12:56.450000,40.0000,80.0000,,,,,2025-08-20,48,,2025-12-31 12:59:21,VIDEOJET TECHNOLOGIES INT.,Und,1,,,,C,,15.00,SI,,,0E-16,,0E-16,,0E-16,,
2026,2,8001 - TRANSFERENCIAS EN TRÁNSITO,CODIFICACION,VIDEOJET,FLUIDOS,,V706-D,V706-D (252033434de),252033434de,22/07/2027,MEK/METIL ETIL CETONA PQT (MEK CODIFICACION CONTROLADO) CARTUCHO DE 0.75 LITROS,Unidad,12.0000,0.0000,12.0000,22.7999,273.60,52.5000,21.1000,2025-12-31 10:12:56.450000,,,,,,,2025-08-20,48,,2025-12-31 12:59:21,VIDEOJET TECHNOLOGIES INT.,Und,1,,,,C,,15.00,SI,,,0E-16,,0E-16,,0E-16,,
2026,2,1113 - THE TESALIA SPRINGS COMPANY S.A. MACHACHI,CODIFICACION,VIDEOJET,FLUIDOS,,V706-D,V706-D (252033434de),252033434de,22/07/2027,MEK/METIL ETIL CETONA PQT (MEK CODIFICACION CONTROLADO) CARTUCHO DE 0.75 LITROS,Unidad,12.0000,0.0000,12.0000,22.7999,273.60,52.5000,21.1000,2025-12-31 10:12:56.450000,41.0000,82.0000,,,,,2025-08-20,48,,2025-12-31 12:59:21,VIDEOJET TECHNOLOGIES INT.,Und,1,,,,C,,15.00,SI,,,0E-16,,0E-16,,0E-16,,
2026,2,8001 - TRANSFERENCIAS EN TRÁNSITO,CODIFICACION,VIDEOJET,FLUIDOS,,V706-D,V706-D (251893156de),251893156de,08/07/2027,MEK/METIL ETIL CETONA PQT (MEK CODIFICACION CONTROLADO) CARTUCHO DE 0.75 LITROS,Unidad,6.0000,0.0000,6.0000,22.8000,136.80,52.5000,21.1000,2025-12-31 10:12:56.450000,,,,,,,2025-08-20,48,,2025-12-31 12:59:21,VIDEOJET TECHNOLOGIES INT.,Und,1,,,,C,,15.00,SI,,,0E-16,,0E-16,,0E-16,,
2026,2,2104 - INDUSTRIAS LACTEAS TONI SA,CODIFICACION,VIDEOJET,FLUIDOS,,V706-D,V706-D (253154657eg),253154657eg,11/11/2027,MEK/METIL ETIL CETONA PQT (MEK CODIFICACION CONTROLADO) CARTUCHO DE 0.75 LITROS,Unidad,8.0000,0.0000,8.0000,22.8000,182.40,52.5000,21.1000,2025-12-31 10:12:56.200000,73.0000,145.0000,,,,,2025-08-20,48,,2025-12-31 12:59:21,VIDEOJET TECHNOLOGIES INT.,Und,1,,,,C,,15.00,SI,,,0E-16,,0E-16,,0E-16,,
2026,2,2101 - PRODUCTOS MAN-ZHI,CODIFICACION,VIDEOJET,FLUIDOS,,V706-D,V706-D (253154657eg),253154657eg,11/11/2027,MEK/METIL ETIL CETONA PQT (MEK CODIFICACION CONTROLADO) CARTUCHO DE 0.75 LITROS,Unidad,8.0000,0.0000,8.0000,22.8000,182.40,52.5000,21.1000,2025-12-31 10:12:56.200000,5.0000,9.0000,,,,,2025-08-20,48,,2025-12-31 12:59:21,VIDEOJET TECHNOLOGIES INT.,Und,1,,,,C,,15.00,SI,,,0E-16,,0E-16,,0E-16,,
2026,2,1110 - REYLACTEOS C.L. SANTO DOMINGO,CODIFICACION,VIDEOJET,FLUIDOS,,V706-D,V706-D (253154657eg),253154657eg,11/11/2027,MEK/METIL ETIL CETONA PQT (MEK CODIFICACION CONTROLADO) CARTUCHO DE 0.75 LITROS,Unidad,1.0000,0.0000,1.0000,22.8000,22.80,52.5000,21.1000,2025-12-31 10:12:56.200000,6.0000,12.0000,,,,,2025-08-20,48,,2025-12-31 12:59:21,VIDEOJET TECHNOLOGIES INT.,Und,1,,,,C,,15.00,SI,,,0E-16,,0E-16,,0E-16,,
2026,2,1123 - ALIMENTOS SUPERIOR ALSUPERIOR S.A.,CODIFICACION,VIDEOJET,FLUIDOS,,V706-D,V706-D (253154657eg),253154657eg,11/11/2027,MEK/METIL ETIL CETONA PQT (MEK CODIFICACION CONTROLADO) CARTUCHO DE 0.75 LITROS,Unidad,2.0000,0.0000,2.0000,22.8000,45.60,52.5000,21.1000,2025-12-31 10:12:56.200000,102.0000,204.0000,,,,,2025-08-20,48,,2025-12-31 12:59:21,VIDEOJET TECHNOLOGIES INT.,Und,1,,,,C,,15.00,SI,,,0E-16,,0E-16,,0E-16,,
2026,2,1126 - MAXIPAN S.A.,CODIFICACION,VIDEOJET,FLUIDOS,,V706-D,V706-D (253154657eg),253154657eg,11/11/2027,MEK/METIL ETIL CETONA PQT (MEK CODIFICACION CONTROLADO) CARTUCHO DE 0.75 LITROS,Unidad,21.0000,0.0000,21.0000,22.8000,478.80,52.5000,21.1000,2025-12-31 10:12:56.200000,58.0000,117.0000,,,,,2025-08-20,48,,2025-12-31 12:59:21,VIDEOJET TECHNOLOGIES INT.,Und,1,,,,C,,15.00,SI,,,0E-16,,0E-16,,0E-16,,
2026,2,8001 - TRANSFERENCIAS EN TRÁNSITO,CODIFICACION,VIDEOJET,FLUIDOS,,V706-D,V706-D (253154657eg),253154657eg,11/11/2027,MEK/METIL ETIL CETONA PQT (MEK CODIFICACION CONTROLADO) CARTUCHO DE 0.75 LITROS,Unidad,3.0000,0.0000,3.0000,22.8000,68.40,52.5000,21.1000,2025-12-31 10:12:56.200000,,,,,,,2025-08-20,48,,2025-12-31 12:59:21,VIDEOJET TECHNOLOGIES INT.,Und,1,,,,C,,15.00,SI,,,0E-16,,0E-16,,0E-16,,
2026,2,1109 - FERRERO DEL ECUADOR S.A.,CODIFICACION,VIDEOJET,FLUIDOS,,V706-D,V706-D (251011668DE),251011668DE,11/04/2027,MEK/METIL ETIL CETONA PQT (MEK CODIFICACION CONTROLADO) CARTUCHO DE 0.75 LITROS,Unidad,2.0000,0.0000,2.0000,22.7788,45.56,52.5000,21.1000,2025-07-30 15:12:46.220000,2.0000,4.0000,,,,,2025-08-20,201,,2025-07-31 07:11:52,VIDEOJET TECHNOLOGIES INT.,Und,1,,,,C,,15.00,SI,,,0E-16,,0E-16,,0E-16,,
2026,2,1124 - QUALA ECUADOR S.A.,CODIFICACION,VIDEOJET,FLUIDOS,,V706-D,V706-D (250360574DE),250360574DE,05/02/2027,MEK/METIL ETIL CETONA PQT (MEK CODIFICACION CONTROLADO) CARTUCHO DE 0.75 LITROS,Unidad,7.0000,0.0000,7.0000,23.9862,167.90,52.5000,21.1000,2025-05-30 09:57:41.357000,17.0000,34.0000,,,,,2025-08-20,84,,2025-11-25 07:59:06,VIDEOJET TECHNOLOGIES INT.,Und,1,,,,C,,15.00,SI,,,0E-16,,0E-16,,0E-16,,
2026,2,8003 - REMISIONES GUAYAQUIL,CODIFICACION,VIDEOJET,FLUIDOS,,V706-D,V706-D (250360574DE),250360574DE,05/02/2027,MEK/METIL ETIL CETONA PQT (MEK CODIFICACION CONTROLADO) CARTUCHO DE 0.75 LITROS,Unidad,3.0000,0.0000,3.0000,23.9862,71.96,52.5000,21.1000,2025-05-30 09:57:41.357000,,,,,,,2025-08-20,84,,2025-11-25 07:59:06,VIDEOJET TECHNOLOGIES INT.,Und,1,,,,C,,15.00,SI,,,0E-16,,0E-16,,0E-16,,
2026,2,6005 - BAJA CONTROLADOS MDI,CODIFICACION,VIDEOJET,FLUIDOS,,V706-D,V706-D (231712451EG),231712451EG,20/06/2025,MEK/METIL ETIL CETONA PQT (MEK CODIFICACION CONTROLADO) CARTUCHO DE 0.75 LITROS,Unidad,2.0000,0.0000,2.0000,20.4941,40.99,52.5000,21.1000,2023-08-15 17:12:46.680000,,,,,,,2025-08-20,916,,2023-08-16 06:23:27,VIDEOJET TECHNOLOGIES INT.,Und,1,,,,C,,15.00,SI,,,0E-16,,0E-16,,0E-16,,
2026,2,1131 - PHARMALOG S.A.,CODIFICACION,VIDEOJET,FLUIDOS,,V706-D,V706-D (250771316DE),250771316DE,18/03/2027,MEK/METIL ETIL CETONA PQT (MEK CODIFICACION CONTROLADO) CARTUCHO DE 0.75 LITROS,Unidad,5.0000,0.0000,5.0000,22.9680,114.84,52.5000,21.1000,2025-06-24 09:11:51.560000,,,,,,,2025-08-20,238,,2025-06-24 11:10:53,VIDEOJET TECHNOLOGIES INT.,Und,1,,,,C,,15.00,SI,,,0E-16,,0E-16,,0E-16,,
2026,2,1030 - BODEGA DISPONIBLE PARA LA VENTA UIO,CODIFICACION,VIDEOJET,FLUIDOS,,V706-D,V706-D (251906341BR),251906341BR,09/07/2027,MEK/METIL ETIL CETONA PQT (MEK CODIFICACION CONTROLADO) CARTUCHO DE 0.75 LITROS,Unidad,19.0000,0.0000,19.0000,21.1000,400.90,52.5000,21.1000,2026-02-12 12:42:23.940000,0.0000,0.0000,,P03-N02,,,2025-08-20,5,,2026-02-12 12:43:13,VIDEOJET TECHNOLOGIES INT.,Und,1,,,,C,,15.00,SI,,,0E-16,,0E-16,,0E-16,,
2026,2,1030 - BODEGA DISPONIBLE PARA LA VENTA UIO,CODIFICACION,VIDEOJET,FLUIDOS,,V706-D,V706-D (251906342BR),251906342BR,09/07/2027,MEK/METIL ETIL CETONA PQT (MEK CODIFICACION CONTROLADO) CARTUCHO DE 0.75 LITROS,Unidad,10.0000,0.0000,10.0000,23.0185,230.19,52.5000,21.1000,2026-01-22 16:39:35.557000,0.0000,0.0000,,P03-N02,,,2025-08-20,25,2026-02-10 07:00:24,2026-01-23 07:46:41,VIDEOJET TECHNOLOGIES INT.,Und,1,,,,C,,15.00,SI,,,0E-16,,0E-16,,0E-16,,
2026,2,2030 - BODEGA DISPONIBLE PARA LA VENTA GYE,CODIFICACION,VIDEOJET,FLUIDOS,,V706-D,V706-D (251906342BR),251906342BR,09/07/2027,MEK/METIL ETIL CETONA PQT (MEK CODIFICACION CONTROLADO) CARTUCHO DE 0.75 LITROS,Unidad,54.0000,0.0000,54.0000,23.0185,1243.00,52.5000,21.1000,2026-01-22 16:39:35.557000,1.0000,3.0000,,B1-P08-F1,B1-P09-F1,,2025-08-20,25,2026-02-11 12:52:16,2026-01-23 07:46:41,VIDEOJET TECHNOLOGIES INT.,Und,1,,,,C,,15.00,SI,,,0E-16,,0E-16,,0E-16,,
2026,2,2030 - BODEGA DISPONIBLE PARA LA VENTA GYE,CODIFICACION,VIDEOJET,FLUIDOS,,V706-D,V706-D (252033434de),252033434de,22/07/2027,MEK/METIL ETIL CETONA PQT (MEK CODIFICACION CONTROLADO) CARTUCHO DE 0.75 LITROS,Unidad,53.0000,0.0000,53.0000,22.7999,1208.39,52.5000,21.1000,2025-12-31 10:12:56.450000,1.0000,3.0000,,B1-P08-F1,B1-P09-F1,,2025-08-20,48,2026-01-14 08:03:41,2025-12-31 12:59:21,VIDEOJET TECHNOLOGIES INT.,Und,1,,,,C,,15.00,SI,,,0E-16,,0E-16,,0E-16,,
2026,2,2030 - BODEGA DISPONIBLE PARA LA VENTA GYE,CODIFICACION,VIDEOJET,FLUIDOS,,V706-D,V706-D (251963252DE),251963252DE,15/07/2027,MEK/METIL ETIL CETONA PQT (MEK CODIFICACION CONTROLADO) CARTUCHO DE 0.75 LITROS,Unidad,43.0000,0.0000,43.0000,22.8000,980.40,52.5000,21.1000,2025-12-31 10:12:56.357000,1.0000,3.0000,,B1-P08-F1,B1-P09-F1,,2025-08-20,48,,2025-12-31 12:59:21,VIDEOJET TECHNOLOGIES INT.,Und,1,,,,C,,15.00,SI,,,0E-16,,0E-16,,0E-16,,
2026,2,2030 - BODEGA DISPONIBLE PARA LA VENTA GYE,CODIFICACION,VIDEOJET,FLUIDOS,,V706-D,V706-D (253154657eg),253154657eg,11/11/2027,MEK/METIL ETIL CETONA PQT (MEK CODIFICACION CONTROLADO) CARTUCHO DE 0.75 LITROS,Unidad,167.0000,0.0000,167.0000,22.8000,3807.60,52.5000,21.1000,2025-12-31 10:12:56.200000,1.0000,3.0000,,B1-P08-F1,B1-P09-F1,,2025-08-20,48,2026-01-22 07:43:32,2025-12-31 12:59:21,VIDEOJET TECHNOLOGIES INT.,Und,1,,,,C,,15.00,SI,,,0E-16,,0E-16,,0E-16,,
2026,2,2104 - INDUSTRIAS LACTEAS TONI SA,CODIFICACION,VIDEOJET,FLUIDOS,,V706-D,V706-D (251906342BR),251906342BR,09/07/2027,MEK/METIL ETIL CETONA PQT (MEK CODIFICACION CONTROLADO) CARTUCHO DE 0.75 LITROS,Unidad,7.0000,0.0000,7.0000,23.0185,161.13,52.5000,21.1000,2026-01-22 16:39:35.557000,73.0000,145.0000,,,,,2025-08-20,25,,2026-01-23 07:46:41,VIDEOJET TECHNOLOGIES INT.,Und,1,,,,C,,15.00,SI,,,0E-16,,0E-16,,0E-16,,
2026,2,8001 - TRANSFERENCIAS EN TRÁNSITO,CODIFICACION,VIDEOJET,FLUIDOS,,V706-D,V706-D (251906344BR),251906344BR,09/07/2027,MEK/METIL ETIL CETONA PQT (MEK CODIFICACION CONTROLADO) CARTUCHO DE 0.75 LITROS,Unidad,24.0000,0.0000,24.0000,23.0183,552.44,52.5000,21.1000,2026-01-22 16:39:35.700000,,,,,,,2025-08-20,25,,2026-01-23 07:46:41,VIDEOJET TECHNOLOGIES INT.,Und,1,,,,C,,15.00,SI,,,0E-16,,0E-16,,0E-16,,
2026,2,2112 - INDUSTRIAS ALES C.A.,CODIFICACION,VIDEOJET,FLUIDOS,,V706-D,V706-D (251906342BR),251906342BR,09/07/2027,MEK/METIL ETIL CETONA PQT (MEK CODIFICACION CONTROLADO) CARTUCHO DE 0.75 LITROS,Unidad,30.0000,0.0000,30.0000,23.0185,690.56,52.5000,21.1000,2026-01-22 16:39:35.557000,7.0000,13.0000,,,,,2025-08-20,25,,2026-01-23 07:46:41,VIDEOJET TECHNOLOGIES INT.,Und,1,,,,C,,15.00,SI,,,0E-16,,0E-16,,0E-16,,
2026,2,8001 - TRANSFERENCIAS EN TRÁNSITO,CODIFICACION,VIDEOJET,FLUIDOS,,V706-D,V706-D (251906341BR),251906341BR,09/07/2027,MEK/METIL ETIL CETONA PQT (MEK CODIFICACION CONTROLADO) CARTUCHO DE 0.75 LITROS,Unidad,89.0000,0.0000,89.0000,21.1000,1877.90,52.5000,21.1000,2026-02-12 12:42:23.940000,,,,,,,2025-08-20,5,,2026-02-12 12:43:13,VIDEOJET TECHNOLOGIES INT.,Und,1,,,,C,,15.00,SI,,,0E-16,,0E-16,,0E-16,,
2026,2,4030 - BODEGA DISPONIBLE PARA LA VENTA MANTA,CODIFICACION,VIDEOJET,FLUIDOS,,V706-D,V706-D (251906342BR),251906342BR,09/07/2027,MEK/METIL ETIL CETONA PQT (MEK CODIFICACION CONTROLADO) CARTUCHO DE 0.75 LITROS,Unidad,6.0000,0.0000,6.0000,23.0185,138.11,52.5000,21.1000,2026-01-22 16:39:35.557000,,,,04-01/2/3 ,,,2025-08-20,25,,2026-01-23 07:46:41,VIDEOJET TECHNOLOGIES INT.,Und,1,,,,C,,15.00,SI,,,0E-16,,0E-16,,0E-16,,
2026,2,2030 - BODEGA DISPONIBLE PARA LA VENTA GYE,CODIFICACION,VIDEOJET,FLUIDOS,,V710-D,V710-D,,,ACETONA (SOLVENTE DE CODIFICACION NO CONTROLADO),Unidad,1.0000,1.0000,2.0000,21.0087,42.02,54.3500,21.6800,,,,,B1-P20-F1,,,2025-08-20,117,2025-12-02 12:02:44,2025-10-23 13:24:20,VIDEOJET TECHNOLOGIES INT.,Und,1,,,,C,,15.00,NO,,,0E-16,,0E-16,,0E-16,,
2026,2,1030 - BODEGA DISPONIBLE PARA LA VENTA UIO,CODIFICACION,VIDEOJET,FLUIDOS,,V710-D,V710-D,,,ACETONA (SOLVENTE DE CODIFICACION NO CONTROLADO),Unidad,4.0000,0.0000,4.0000,21.0087,84.03,54.3500,21.6800,,,,,P15-N03,,,2025-08-20,117,2025-04-28 07:53:06,2025-10-23 13:24:20,VIDEOJET TECHNOLOGIES INT.,Und,1,,,,C,,15.00,NO,,,0E-16,,0E-16,,0E-16,,
2026,2,1030 - BODEGA DISPONIBLE PARA LA VENTA UIO,CODIFICACION,VIDEOJET,FLUIDOS,,V711-D,V711-D,,,SOLVENTE DE CODIFICACION NO CONTROLADO,Unidad,3.0000,0.0000,3.0000,25.5735,76.72,69.1600,24.0700,,,,,P16-N03,,,2025-08-20,456,2024-09-16 12:05:50,2024-11-18 12:26:53,VIDEOJET TECHNOLOGIES INT.,Und,1,,,,B,,15.00,NO,,,0E-16,,0E-16,,0E-16,,
2026,2,2030 - BODEGA DISPONIBLE PARA LA VENTA GYE,CODIFICACION,VIDEOJET,FLUIDOS,,V711-D,V711-D,,,SOLVENTE DE CODIFICACION NO CONTROLADO,Unidad,11.0000,0.0000,11.0000,25.5735,281.31,69.1600,24.0700,,,,,B1-P36-F3,,,2025-08-20,456,2026-01-14 15:01:12,2024-11-18 12:26:53,VIDEOJET TECHNOLOGIES INT.,Und,1,,,,B,,15.00,NO,,,0E-16,,0E-16,,0E-16,,
2026,2,2030 - BODEGA DISPONIBLE PARA LA VENTA GYE,CODIFICACION,VIDEOJET,FLUIDOS,,V712-D,V712-D,,,SOLVENTE DE CODIFICACION NO CONTROLADO,Unidad,24.0000,1.0000,25.0000,26.8894,672.24,60.5200,24.7100,,15.0000,30.0000,,B1-P22-F3,,,2025-08-20,25,2026-02-02 06:31:59,2026-01-23 07:46:41,VIDEOJET TECHNOLOGIES INT.,Und,1,,,,A,,15.00,NO,,,0E-16,,0E-16,,0E-16,,
2026,2,1030 - BODEGA DISPONIBLE PARA LA VENTA UIO,CODIFICACION,VIDEOJET,FLUIDOS,,V712-D,V712-D,,,SOLVENTE DE CODIFICACION NO CONTROLADO,Unidad,13.0000,0.0000,13.0000,26.8894,349.56,60.5200,24.7100,,4.0000,7.0000,,P12-N03,,,2025-08-20,25,2026-01-13 06:43:03,2026-01-23 07:46:41,VIDEOJET TECHNOLOGIES INT.,Und,1,,,,A,,15.00,NO,,,0E-16,,0E-16,,0E-16,,
2026,2,8003 - REMISIONES GUAYAQUIL,CODIFICACION,VIDEOJET,FLUIDOS,,V712-D,V712-D,,,SOLVENTE DE CODIFICACION NO CONTROLADO,Unidad,6.0000,0.0000,6.0000,26.8894,161.34,60.5200,24.7100,,,,,,,,2025-08-20,25,2026-01-31 18:50:21,2026-01-23 07:46:41,VIDEOJET TECHNOLOGIES INT.,Und,1,,,,A,,15.00,NO,,,0E-16,,0E-16,,0E-16,,
2026,2,8003 - REMISIONES GUAYAQUIL,CODIFICACION,VIDEOJET,FLUIDOS,,V716-D,V716-D,,,SOLVENTE DE CODIFICACION NO CONTROLADO,Unidad,9.0000,0.0000,9.0000,27.8595,250.74,69.1600,25.8100,,,,,,,,2025-08-20,48,2026-01-31 18:19:20,2025-12-31 12:59:21,VIDEOJET TECHNOLOGIES INT.,Und,1,,,,B,,15.00,NO,,,0E-16,,0E-16,,0E-16,,
2026,2,2030 - BODEGA DISPONIBLE PARA LA VENTA GYE,CODIFICACION,VIDEOJET,FLUIDOS,,V716-D,V716-D,,,SOLVENTE DE CODIFICACION NO CONTROLADO,Unidad,8.0000,0.0000,8.0000,27.8595,222.88,69.1600,25.8100,,10.0000,20.0000,,B1-P20-F1,B1-P20-F2,,2025-08-20,48,2023-03-16 17:05:11,2025-12-31 12:59:21,VIDEOJET TECHNOLOGIES INT.,Und,1,,,,C,,15.00,NO,,,0E-16,,0E-16,,0E-16,,
2026,2,2030 - BODEGA DISPONIBLE PARA LA VENTA GYE,CODIFICACION,VIDEOJET,FLUIDOS,,V718-D,V718-D (251882670EG),251882670EG,07/07/2027,MEK/METIL ETIL CETONA PQT (MEK CODIFICACION CONTROLADO) CARTUCHO DE 0.75 LITROS,Unidad,3.0000,0.0000,3.0000,23.4083,70.22,60.3400,21.6100,2025-10-22 17:49:28.390000,,,,B1-P13-F2,,,2025-08-20,48,,2025-12-31 12:59:21,VIDEOJET TECHNOLOGIES INT.,Und,1,,,,C,,15.00,SI,,,0E-16,,0E-16,,0E-16,,
2026,2,1030 - BODEGA DISPONIBLE PARA LA VENTA UIO,CODIFICACION,VIDEOJET,FLUIDOS,,V718-D,V718-D (251882670EG),251882670EG,07/07/2027,MEK/METIL ETIL CETONA PQT (MEK CODIFICACION CONTROLADO) CARTUCHO DE 0.75 LITROS,Unidad,9.0000,0.0000,9.0000,23.4083,210.67,60.3400,21.6100,2025-10-22 17:49:28.390000,,,,P06-N02,,,2025-08-20,48,,2025-12-31 12:59:21,VIDEOJET TECHNOLOGIES INT.,Und,1,,,,C,,15.00,SI,,,0E-16,,0E-16,,0E-16,,
2026,2,2030 - BODEGA DISPONIBLE PARA LA VENTA GYE,CODIFICACION,VIDEOJET,FLUIDOS,,V719-D,V719-D,,,SOLVENTE DE CODIFICACION NO CONTROLADO,Unidad,6.0000,0.0000,6.0000,22.6389,135.83,52.9100,21.2000,,,,,B1-P24-F1,,,2025-08-20,117,2026-02-09 06:13:14,2025-10-23 13:24:20,VIDEOJET TECHNOLOGIES INT.,Und,1,,,,B,,15.00,NO,,,0E-16,,0E-16,,0E-16,,
2026,2,1030 - BODEGA DISPONIBLE PARA LA VENTA UIO,CODIFICACION,VIDEOJET,FLUIDOS,,V7201-D,V7201-D,,,SOLVENTE DE CODIFICACION NO CONTROLADO,Unidad,192.0000,0.0000,192.0000,19.7803,3797.82,59.6600,17.9300,,198.0000,396.0000,12345,P13-N02,,,2025-08-20,25,2026-02-13 09:10:02,2026-01-23 07:46:41,VIDEOJET TECHNOLOGIES INT.,Und,1,,,,A,,15.00,NO,PRESTAMO PROPEMAR DEV EQUIPO,,0E-16,,0E-16,,0E-16,,
2026,2,2030 - BODEGA DISPONIBLE PARA LA VENTA GYE,CODIFICACION,VIDEOJET,FLUIDOS,,V7201-D,V7201-D,,,SOLVENTE DE CODIFICACION NO CONTROLADO,Unidad,117.0000,0.0000,117.0000,19.7803,2314.30,59.6600,17.9300,,222.0000,444.0000,12345,B1-P17-F1,B1-P18-F1,,2025-08-20,25,2026-02-13 06:20:11,2026-01-23 07:46:41,VIDEOJET TECHNOLOGIES INT.,Und,1,,,,A,,15.00,NO,PRESTAMO PROPEMAR DEV EQUIPO,,0E-16,,0E-16,,0E-16,,
2026,2,8001 - TRANSFERENCIAS EN TRÁNSITO,CODIFICACION,VIDEOJET,FLUIDOS,,V7201-D,V7201-D,,,SOLVENTE DE CODIFICACION NO CONTROLADO,Unidad,12.0000,0.0000,12.0000,19.7803,237.36,59.6600,17.9300,,,,12345,,,,2025-08-20,25,,2026-01-23 07:46:41,VIDEOJET TECHNOLOGIES INT.,Und,1,,,,A,,15.00,NO,PRESTAMO PROPEMAR DEV EQUIPO,,0E-16,,0E-16,,0E-16,,
2026,2,8003 - REMISIONES GUAYAQUIL,CODIFICACION,VIDEOJET,FLUIDOS,,V7201-D,V7201-D,,,SOLVENTE DE CODIFICACION NO CONTROLADO,Unidad,81.0000,0.0000,81.0000,19.7803,1602.20,59.6600,17.9300,,,,12345,,,,2025-08-20,25,2026-01-31 19:13:41,2026-01-23 07:46:41,VIDEOJET TECHNOLOGIES INT.,Und,1,,,,A,,15.00,NO,PRESTAMO PROPEMAR DEV EQUIPO,,0E-16,,0E-16,,0E-16,,
2026,2,8002 - REMISIONES QUITO,CODIFICACION,VIDEOJET,FLUIDOS,,V7201-D,V7201-D,,,SOLVENTE DE CODIFICACION NO CONTROLADO,Unidad,75.0000,0.0000,75.0000,19.7803,1483.52,59.6600,17.9300,,,,12345,,,,2025-08-20,25,2026-02-09 05:08:58,2026-01-23 07:46:41,VIDEOJET TECHNOLOGIES INT.,Und,1,,,,A,,15.00,NO,PRESTAMO PROPEMAR DEV EQUIPO,,0E-16,,0E-16,,0E-16,,
2026,2,4030 - BODEGA DISPONIBLE PARA LA VENTA MANTA,CODIFICACION,VIDEOJET,FLUIDOS,,V7201-D,V7201-D,,,SOLVENTE DE CODIFICACION NO CONTROLADO,Unidad,12.0000,0.0000,12.0000,19.7803,237.36,59.6600,17.9300,,0.0000,0.0000,12345,,,,2025-08-20,25,2026-02-09 11:46:21,2026-01-23 07:46:41,VIDEOJET TECHNOLOGIES INT.,Und,1,,,,C,,15.00,NO,PRESTAMO PROPEMAR DEV EQUIPO,,0E-16,,0E-16,,0E-16,,
2026,2,4030 - BODEGA DISPONIBLE PARA LA VENTA MANTA,CODIFICACION,VIDEOJET,FLUIDOS,,V7204-D,V7204-D,,,SOLVENTE DE CODIFICACION NO CONTROLADO,Unidad,7.0000,0.0000,7.0000,23.5874,165.11,44.6800,21.2200,,0.0000,1.0000,,,,,2025-08-20,25,2025-09-04 14:15:49,2026-01-23 07:46:41,VIDEOJET TECHNOLOGIES INT.,Und,1,,,,C,,15.00,NO,,,0E-16,,0E-16,,0E-16,,
2026,2,8003 - REMISIONES GUAYAQUIL,CODIFICACION,VIDEOJET,FLUIDOS,,V7204-D,V7204-D,,,SOLVENTE DE CODIFICACION NO CONTROLADO,Unidad,2.0000,0.0000,2.0000,23.5874,47.17,44.6800,21.2200,,,,,,,,2025-08-20,25,2025-09-16 06:18:26,2026-01-23 07:46:41,VIDEOJET TECHNOLOGIES INT.,Und,1,,,,A,,15.00,NO,,,0E-16,,0E-16,,0E-16,,
2026,2,2030 - BODEGA DISPONIBLE PARA LA VENTA GYE,CODIFICACION,VIDEOJET,FLUIDOS,,V7204-D,V7204-D,,,SOLVENTE DE CODIFICACION NO CONTROLADO,Unidad,36.0000,0.0000,36.0000,23.5874,849.15,44.6800,21.2200,,7.0000,14.0000,,B1-P21-F3,B1-P21-F4,,2025-08-20,25,2026-02-13 15:03:40,2026-01-23 07:46:41,VIDEOJET TECHNOLOGIES INT.,Und,1,,,,A,,15.00,NO,,,0E-16,,0E-16,,0E-16,,
2026,2,1030 - BODEGA DISPONIBLE PARA LA VENTA UIO,CODIFICACION,VIDEOJET,FLUIDOS,,V7204-D,V7204-D,,,SOLVENTE DE CODIFICACION NO CONTROLADO,Unidad,15.0000,0.0000,15.0000,23.5874,353.81,44.6800,21.2200,,0.0000,0.0000,,P11-N03,,,2025-08-20,25,2026-02-02 06:58:44,2026-01-23 07:46:41,VIDEOJET TECHNOLOGIES INT.,Und,1,,,,C,,15.00,NO,,,0E-16,,0E-16,,0E-16,,
2026,2,1030 - BODEGA DISPONIBLE PARA LA VENTA UIO,CODIFICACION,VIDEOJET,FLUIDOS,,V7205-D,V7205-D (252974401eg),252974401eg,24/10/2027,MEK/METIL ETIL CETONA PQT (MEK CODIFICACION CONTROLADO) CARTUCHO DE 0.75 LITROS,Unidad,58.0000,0.0000,58.0000,21.6654,1256.59,50.3900,20.0500,2025-12-31 10:12:56.247000,2.0000,4.0000,12345,P05-N02,,,2025-08-20,48,2026-01-27 06:39:26,2025-12-31 12:59:21,VIDEOJET TECHNOLOGIES INT.,Und,1,,,,C,,15.00,SI,,,0E-16,,0E-16,,0E-16,,
2026,2,1030 - BODEGA DISPONIBLE PARA LA VENTA UIO,CODIFICACION,VIDEOJET,FLUIDOS,,V7205-D,V7205-D (252123066EG),252123066EG,31/07/2027,MEK/METIL ETIL CETONA PQT (MEK CODIFICACION CONTROLADO) CARTUCHO DE 0.75 LITROS,Unidad,16.0000,0.0000,16.0000,21.6137,345.82,50.3900,20.0500,2025-09-23 15:32:07.437000,2.0000,4.0000,12345,P05-N02,,,2025-08-20,146,2026-02-06 08:11:02,2025-09-24 11:52:43,VIDEOJET TECHNOLOGIES INT.,Und,1,,,,C,,15.00,SI,,,0E-16,,0E-16,,0E-16,,
2026,2,2030 - BODEGA DISPONIBLE PARA LA VENTA GYE,CODIFICACION,VIDEOJET,FLUIDOS,,V7205-D,V7205-D (251883144DE),251883144DE,07/07/2027,MEK/METIL ETIL CETONA PQT (MEK CODIFICACION CONTROLADO) CARTUCHO DE 0.75 LITROS,Unidad,6.0000,0.0000,6.0000,21.8729,131.24,50.3900,20.0500,2026-01-22 16:39:35.603000,0.0000,0.0000,12345,B1-P06-F1,B1-P06-F2,,2025-08-20,25,,2026-01-23 07:46:41,VIDEOJET TECHNOLOGIES INT.,Und,1,,,,C,,15.00,SI,,,0E-16,,0E-16,,0E-16,,
2026,2,2030 - BODEGA DISPONIBLE PARA LA VENTA GYE,CODIFICACION,VIDEOJET,FLUIDOS,,V7205-D,V7205-D (252123066EG),252123066EG,31/07/2027,MEK/METIL ETIL CETONA PQT (MEK CODIFICACION CONTROLADO) CARTUCHO DE 0.75 LITROS,Unidad,58.0000,0.0000,58.0000,21.6137,1253.59,50.3900,20.0500,2025-09-23 15:32:07.437000,0.0000,0.0000,12345,B1-P06-F1,B1-P06-F2,,2025-08-20,146,2026-01-22 08:14:04,2025-09-24 11:52:43,VIDEOJET TECHNOLOGIES INT.,Und,1,,,,C,,15.00,SI,,,0E-16,,0E-16,,0E-16,,
2026,2,8001 - TRANSFERENCIAS EN TRÁNSITO,CODIFICACION,VIDEOJET,FLUIDOS,,V7205-D,V7205-D (252974401eg),252974401eg,24/10/2027,MEK/METIL ETIL CETONA PQT (MEK CODIFICACION CONTROLADO) CARTUCHO DE 0.75 LITROS,Unidad,24.0000,0.0000,24.0000,21.6654,519.97,50.3900,20.0500,2025-12-31 10:12:56.247000,,,12345,,,,2025-08-20,48,,2025-12-31 12:59:21,VIDEOJET TECHNOLOGIES INT.,Und,1,,,,C,,15.00,SI,,,0E-16,,0E-16,,0E-16,,
2026,2,8001 - TRANSFERENCIAS EN TRÁNSITO,CODIFICACION,VIDEOJET,FLUIDOS,,V7205-D,V7205-D (251883144DE),251883144DE,07/07/2027,MEK/METIL ETIL CETONA PQT (MEK CODIFICACION CONTROLADO) CARTUCHO DE 0.75 LITROS,Unidad,18.0000,0.0000,18.0000,21.8729,393.71,50.3900,20.0500,2026-01-22 16:39:35.603000,,,12345,,,,2025-08-20,25,,2026-01-23 07:46:41,VIDEOJET TECHNOLOGIES INT.,Und,1,,,,C,,15.00,SI,,,0E-16,,0E-16,,0E-16,,
2026,2,6005 - BAJA CONTROLADOS MDI,CODIFICACION,VIDEOJET,FLUIDOS,,V7205-D,V7205-D (221402252EG),221402252EG,20/05/2024,MEK/METIL ETIL CETONA PQT (MEK CODIFICACION CONTROLADO) CARTUCHO DE 0.75 LITROS,Unidad,1.0000,0.0000,1.0000,17.4197,17.42,50.3900,20.0500,2022-07-29 07:10:02.517000,,,12345,,,,2025-08-20,1299,,2022-07-29 09:26:19,VIDEOJET TECHNOLOGIES INT.,Und,1,,,,C,,15.00,SI,,,0E-16,,0E-16,,0E-16,,
2026,2,6005 - BAJA CONTROLADOS MDI,CODIFICACION,VIDEOJET,FLUIDOS,,V7205-D,V7205-D (223214811EG),223214811EG,17/11/2024,MEK/METIL ETIL CETONA PQT (MEK CODIFICACION CONTROLADO) CARTUCHO DE 0.75 LITROS,Unidad,1.0000,0.0000,1.0000,17.3963,17.40,50.3900,20.0500,2023-01-23 14:16:16.573000,,,12345,,,,2025-08-20,1120,,2023-01-24 09:02:36,VIDEOJET TECHNOLOGIES INT.,Und,1,,,,C,,15.00,SI,,,0E-16,,0E-16,,0E-16,,
2026,2,6005 - BAJA CONTROLADOS MDI,CODIFICACION,VIDEOJET,FLUIDOS,,V7205-D,V7205-D (222283448EG),222283448EG,16/08/2024,MEK/METIL ETIL CETONA PQT (MEK CODIFICACION CONTROLADO) CARTUCHO DE 0.75 LITROS,Unidad,1.0000,0.0000,1.0000,17.4185,17.42,50.3900,20.0500,2022-10-11 15:12:43.780000,,,12345,,,,2025-08-20,1114,,2023-01-30 10:48:58,VIDEOJET TECHNOLOGIES INT.,Und,1,,,,C,,15.00,SI,,,0E-16,,0E-16,,0E-16,,
2026,2,6005 - BAJA CONTROLADOS MDI,CODIFICACION,VIDEOJET,FLUIDOS,,V7205-D,V7205-D (222593913EG),222593913EG,16/09/2024,MEK/METIL ETIL CETONA PQT (MEK CODIFICACION CONTROLADO) CARTUCHO DE 0.75 LITROS,Unidad,1.0000,0.0000,1.0000,17.1953,17.20,50.3900,20.0500,2022-11-15 18:14:38.183000,,,12345,,,,2025-08-20,1189,,2022-11-16 12:58:44,VIDEOJET TECHNOLOGIES INT.,Und,1,,,,C,,15.00,SI,,,0E-16,,0E-16,,0E-16,,
2026,2,1129 - DELCAMPO S.A.S,CODIFICACION,VIDEOJET,FLUIDOS,,V7205-D,V7205-D (252123066EG),252123066EG,31/07/2027,MEK/METIL ETIL CETONA PQT (MEK CODIFICACION CONTROLADO) CARTUCHO DE 0.75 LITROS,Unidad,8.0000,0.0000,8.0000,21.6137,172.91,50.3900,20.0500,2025-09-23 15:32:07.437000,4.0000,9.0000,12345,,,,2025-08-20,146,,2025-09-24 11:52:43,VIDEOJET TECHNOLOGIES INT.,Und,1,,,,C,,15.00,SI,,,0E-16,,0E-16,,0E-16,,
2026,2,8001 - TRANSFERENCIAS EN TRÁNSITO,CODIFICACION,VIDEOJET,FLUIDOS,,V7205-D,V7205-D (252123066EG),252123066EG,31/07/2027,MEK/METIL ETIL CETONA PQT (MEK CODIFICACION CONTROLADO) CARTUCHO DE 0.75 LITROS,Unidad,9.0000,0.0000,9.0000,21.6137,194.52,50.3900,20.0500,2025-09-23 15:32:07.437000,,,12345,,,,2025-08-20,146,,2025-09-24 11:52:43,VIDEOJET TECHNOLOGIES INT.,Und,1,,,,C,,15.00,SI,,,0E-16,,0E-16,,0E-16,,
2026,2,8002 - REMISIONES QUITO,CODIFICACION,VIDEOJET,FLUIDOS,,V7205-D,V7205-D (252123066EG),252123066EG,31/07/2027,MEK/METIL ETIL CETONA PQT (MEK CODIFICACION CONTROLADO) CARTUCHO DE 0.75 LITROS,Unidad,6.0000,0.0000,6.0000,21.6137,129.68,50.3900,20.0500,2025-09-23 15:32:07.437000,,,12345,,,,2025-08-20,146,,2025-09-24 11:52:43,VIDEOJET TECHNOLOGIES INT.,Und,1,,,,C,,15.00,SI,,,0E-16,,0E-16,,0E-16,,
2026,2,1100 - AGROPESA INDUSTRIA AGROPECUARIA ECUATORIANA,CODIFICACION,VIDEOJET,FLUIDOS,,V7205-D,V7205-D (252113033EG),252113033EG,30/07/2027,MEK/METIL ETIL CETONA PQT (MEK CODIFICACION CONTROLADO) CARTUCHO DE 0.75 LITROS,Unidad,3.0000,0.0000,3.0000,21.6136,64.84,50.3900,20.0500,2025-09-23 15:32:07.530000,1.0000,2.0000,12345,,,,2025-08-20,146,,2025-09-24 11:52:43,VIDEOJET TECHNOLOGIES INT.,Und,1,,,,C,,15.00,SI,,,0E-16,,0E-16,,0E-16,,
2026,2,2113 - PROCESADORA DE FRUTAS NATURALES PROFRUTAS ,CODIFICACION,VIDEOJET,FLUIDOS,,V7206-D,V7206-D (250811185EG),250811185EG,22/03/2027,MEK/METIL ETIL CETONA PQT (MEK CODIFICACION CONTROLADO) CARTUCHO DE 0.75 LITROS,Unidad,1.0000,0.0000,1.0000,17.8880,17.89,59.6600,17.4611,2025-04-28 16:42:57.597000,6.0000,12.0000,,,,,2025-08-20,293,,2025-04-30 07:04:12,VIDEOJET TECHNOLOGIES INT.,Und,1,,,,C,,15.00,SI,,,0E-16,,0E-16,,0E-16,,
2026,2,1131 - PHARMALOG S.A.,CODIFICACION,VIDEOJET,FLUIDOS,,V7206-D,V7206-D (252483608EG),252483608EG,05/09/2027,MEK/METIL ETIL CETONA PQT (MEK CODIFICACION CONTROLADO) CARTUCHO DE 0.75 LITROS,Unidad,1.0000,0.0000,1.0000,18.7629,18.76,59.6600,17.4611,2025-10-22 17:49:28.467000,,,,,,,2025-08-20,117,,2025-10-23 13:24:20,VIDEOJET TECHNOLOGIES INT.,Und,1,,,,C,,15.00,SI,,,0E-16,,0E-16,,0E-16,,
2026,2,1115 - ECUAJUGOS S.A.,CODIFICACION,VIDEOJET,FLUIDOS,,V7206-D,V7206-D (252483608EG),252483608EG,05/09/2027,MEK/METIL ETIL CETONA PQT (MEK CODIFICACION CONTROLADO) CARTUCHO DE 0.75 LITROS,Unidad,1.0000,0.0000,1.0000,18.7629,18.76,59.6600,17.4611,2025-10-22 17:49:28.467000,14.0000,27.0000,,,,,2025-08-20,117,,2025-10-23 13:24:20,VIDEOJET TECHNOLOGIES INT.,Und,1,,,,C,,15.00,SI,,,0E-16,,0E-16,,0E-16,,
2026,2,4030 - BODEGA DISPONIBLE PARA LA VENTA MANTA,CODIFICACION,VIDEOJET,FLUIDOS,,V7206-D,V7206-D (252483608EG),252483608EG,05/09/2027,MEK/METIL ETIL CETONA PQT (MEK CODIFICACION CONTROLADO) CARTUCHO DE 0.75 LITROS,Unidad,1.0000,0.0000,1.0000,18.7629,18.76,59.6600,17.4611,2025-10-22 17:49:28.467000,0.0000,1.0000,,,,,2025-08-20,117,2025-12-31 03:21:03,2025-10-23 13:24:20,VIDEOJET TECHNOLOGIES INT.,Und,1,,,,C,,15.00,SI,,,0E-16,,0E-16,,0E-16,,
2026,2,8004 - REMISIONES MANTA,CODIFICACION,VIDEOJET,FLUIDOS,,V7206-D,V7206-D (252483608EG),252483608EG,05/09/2027,MEK/METIL ETIL CETONA PQT (MEK CODIFICACION CONTROLADO) CARTUCHO DE 0.75 LITROS,Unidad,1.0000,0.0000,1.0000,18.7629,18.76,59.6600,17.4611,2025-10-22 17:49:28.467000,,,,,,,2025-08-20,117,,2025-10-23 13:24:20,VIDEOJET TECHNOLOGIES INT.,Und,1,,,,C,,15.00,SI,,,0E-16,,0E-16,,0E-16,,
2026,2,1128 - BEBIDAS ARCACONTINENTAL SANTO DOMINGO,CODIFICACION,VIDEOJET,FLUIDOS,,V7206-D,V7206-D (252483608EG),252483608EG,05/09/2027,MEK/METIL ETIL CETONA PQT (MEK CODIFICACION CONTROLADO) CARTUCHO DE 0.75 LITROS,Unidad,3.0000,0.0000,3.0000,18.7629,56.29,59.6600,17.4611,2025-10-22 17:49:28.467000,,,,,,,2025-08-20,117,,2025-10-23 13:24:20,VIDEOJET TECHNOLOGIES INT.,Und,1,,,,C,,15.00,SI,,,0E-16,,0E-16,,0E-16,,
2026,2,1104 - LUZURIAGA ROSALES JOSE MIGUEL,CODIFICACION,VIDEOJET,FLUIDOS,,V7206-D,V7206-D (252483608EG),252483608EG,05/09/2027,MEK/METIL ETIL CETONA PQT (MEK CODIFICACION CONTROLADO) CARTUCHO DE 0.75 LITROS,Unidad,6.0000,0.0000,6.0000,18.7629,112.58,59.6600,17.4611,2025-10-22 17:49:28.467000,5.0000,10.0000,,,,,2025-08-20,117,,2025-10-23 13:24:20,VIDEOJET TECHNOLOGIES INT.,Und,1,,,,C,,15.00,SI,,,0E-16,,0E-16,,0E-16,,
2026,2,2105 - THE TESALIA SPRINGS COMPANY S.A. MILAGRO,CODIFICACION,VIDEOJET,FLUIDOS,,V7206-D,V7206-D (251746282BR),251746282BR,23/06/2027,MEK/METIL ETIL CETONA PQT (MEK CODIFICACION CONTROLADO) CARTUCHO DE 0.75 LITROS,Unidad,4.0000,0.0000,4.0000,19.1026,76.41,59.6600,17.4611,2025-11-24 15:01:06.797000,21.0000,43.0000,,,,,2025-08-20,25,,2026-01-23 07:46:41,VIDEOJET TECHNOLOGIES INT.,Und,1,,,,C,,15.00,SI,,,0E-16,,0E-16,,0E-16,,
2026,2,8001 - TRANSFERENCIAS EN TRÁNSITO,CODIFICACION,VIDEOJET,FLUIDOS,,V7206-D,V7206-D (251746282BR),251746282BR,23/06/2027,MEK/METIL ETIL CETONA PQT (MEK CODIFICACION CONTROLADO) CARTUCHO DE 0.75 LITROS,Unidad,1.0000,0.0000,1.0000,19.1026,19.10,59.6600,17.4611,2025-11-24 15:01:06.797000,,,,,,,2025-08-20,25,,2026-01-23 07:46:41,VIDEOJET TECHNOLOGIES INT.,Und,1,,,,C,,15.00,SI,,,0E-16,,0E-16,,0E-16,,
2026,2,8004 - REMISIONES MANTA,CODIFICACION,VIDEOJET,FLUIDOS,,V7206-D,V7206-D (251886329BR),251886329BR,07/07/2027,MEK/METIL ETIL CETONA PQT (MEK CODIFICACION CONTROLADO) CARTUCHO DE 0.75 LITROS,Unidad,5.0000,0.0000,5.0000,19.0475,95.24,59.6600,17.4611,2026-01-22 16:39:35.543000,,,,,,,2025-08-20,25,,2026-01-23 08:28:14,VIDEOJET TECHNOLOGIES INT.,Und,1,,,,C,,15.00,SI,,,0E-16,,0E-16,,0E-16,,
2026,2,8001 - TRANSFERENCIAS EN TRÁNSITO,CODIFICACION,VIDEOJET,FLUIDOS,,V7206-D,V7206-D (251886329BR),251886329BR,07/07/2027,MEK/METIL ETIL CETONA PQT (MEK CODIFICACION CONTROLADO) CARTUCHO DE 0.75 LITROS,Unidad,265.0000,0.0000,265.0000,19.0475,5047.59,59.6600,17.4611,2026-01-22 16:39:35.543000,,,,,,,2025-08-20,25,,2026-01-23 08:28:14,VIDEOJET TECHNOLOGIES INT.,Und,1,,,,C,,15.00,SI,,,0E-16,,0E-16,,0E-16,,
2026,2,2107 - CHIVERÍA S.A.,CODIFICACION,VIDEOJET,FLUIDOS,,V7206-D,V7206-D (251886329BR),251886329BR,07/07/2027,MEK/METIL ETIL CETONA PQT (MEK CODIFICACION CONTROLADO) CARTUCHO DE 0.75 LITROS,Unidad,30.0000,0.0000,30.0000,19.0475,571.43,59.6600,17.4611,2026-01-22 16:39:35.543000,29.0000,58.0000,,,,,2025-08-20,25,,2026-01-23 08:28:14,VIDEOJET TECHNOLOGIES INT.,Und,1,,,,C,,15.00,SI,,,0E-16,,0E-16,,0E-16,,
2026,2,8003 - REMISIONES GUAYAQUIL,CODIFICACION,VIDEOJET,FLUIDOS,,V7206-D,V7206-D (251886329BR),251886329BR,07/07/2027,MEK/METIL ETIL CETONA PQT (MEK CODIFICACION CONTROLADO) CARTUCHO DE 0.75 LITROS,Unidad,2.0000,0.0000,2.0000,19.0475,38.10,59.6600,17.4611,2026-01-22 16:39:35.543000,,,,,,,2025-08-20,25,,2026-01-23 08:28:14,VIDEOJET TECHNOLOGIES INT.,Und,1,,,,C,,15.00,SI,,,0E-16,,0E-16,,0E-16,,
2026,2,1122 - CONFITECA C.A.,CODIFICACION,VIDEOJET,FLUIDOS,,V7206-D,V7206-D (253154640EG),253154640EG,11/11/2027,MEK/METIL ETIL CETONA PQT (MEK CODIFICACION CONTROLADO) CARTUCHO DE 0.75 LITROS,Unidad,25.0000,0.0000,25.0000,18.8628,471.57,59.6600,17.4611,2025-12-31 10:12:56.340000,27.0000,54.0000,,,,,2025-08-20,48,,2025-12-31 12:59:21,VIDEOJET TECHNOLOGIES INT.,Und,1,,,,C,,15.00,SI,,,0E-16,,0E-16,,0E-16,,
2026,2,2104 - INDUSTRIAS LACTEAS TONI SA,CODIFICACION,VIDEOJET,FLUIDOS,,V7206-D,V7206-D (253154640EG),253154640EG,11/11/2027,MEK/METIL ETIL CETONA PQT (MEK CODIFICACION CONTROLADO) CARTUCHO DE 0.75 LITROS,Unidad,25.0000,0.0000,25.0000,18.8628,471.57,59.6600,17.4611,2025-12-31 10:12:56.340000,65.0000,131.0000,,,,,2025-08-20,48,,2025-12-31 12:59:21,VIDEOJET TECHNOLOGIES INT.,Und,1,,,,C,,15.00,SI,,,0E-16,,0E-16,,0E-16,,
2026,2,2112 - INDUSTRIAS ALES C.A.,CODIFICACION,VIDEOJET,FLUIDOS,,V7206-D,V7206-D (253154640EG),253154640EG,11/11/2027,MEK/METIL ETIL CETONA PQT (MEK CODIFICACION CONTROLADO) CARTUCHO DE 0.75 LITROS,Unidad,19.0000,0.0000,19.0000,18.8628,358.39,59.6600,17.4611,2025-12-31 10:12:56.340000,61.0000,123.0000,,,,,2025-08-20,48,,2025-12-31 12:59:21,VIDEOJET TECHNOLOGIES INT.,Und,1,,,,C,,15.00,SI,,,0E-16,,0E-16,,0E-16,,
2026,2,2108 - PUERTOMAR S.A.,CODIFICACION,VIDEOJET,FLUIDOS,,V7206-D,V7206-D (253154640EG),253154640EG,11/11/2027,MEK/METIL ETIL CETONA PQT (MEK CODIFICACION CONTROLADO) CARTUCHO DE 0.75 LITROS,Unidad,34.0000,0.0000,34.0000,18.8628,641.34,59.6600,17.4611,2025-12-31 10:12:56.340000,33.0000,66.0000,,,,,2025-08-20,48,,2025-12-31 12:59:21,VIDEOJET TECHNOLOGIES INT.,Und,1,,,,C,,15.00,SI,,,0E-16,,0E-16,,0E-16,,
2026,2,1109 - FERRERO DEL ECUADOR S.A.,CODIFICACION,VIDEOJET,FLUIDOS,,V7206-D,V7206-D (253154640EG),253154640EG,11/11/2027,MEK/METIL ETIL CETONA PQT (MEK CODIFICACION CONTROLADO) CARTUCHO DE 0.75 LITROS,Unidad,3.0000,0.0000,3.0000,18.8628,56.59,59.6600,17.4611,2025-12-31 10:12:56.340000,24.0000,48.0000,,,,,2025-08-20,48,,2025-12-31 12:59:21,VIDEOJET TECHNOLOGIES INT.,Und,1,,,,C,,15.00,SI,,,0E-16,,0E-16,,0E-16,,
2026,2,1119 - NESTLE ECUADOR S.A,CODIFICACION,VIDEOJET,FLUIDOS,,V7206-D,V7206-D (253154640EG),253154640EG,11/11/2027,MEK/METIL ETIL CETONA PQT (MEK CODIFICACION CONTROLADO) CARTUCHO DE 0.75 LITROS,Unidad,6.0000,0.0000,6.0000,18.8628,113.18,59.6600,17.4611,2025-12-31 10:12:56.340000,3.0000,7.0000,,,,,2025-08-20,48,,2025-12-31 12:59:21,VIDEOJET TECHNOLOGIES INT.,Und,1,,,,C,,15.00,SI,,,0E-16,,0E-16,,0E-16,,
2026,2,2105 - THE TESALIA SPRINGS COMPANY S.A. MILAGRO,CODIFICACION,VIDEOJET,FLUIDOS,,V7206-D,V7206-D (253154640EG),253154640EG,11/11/2027,MEK/METIL ETIL CETONA PQT (MEK CODIFICACION CONTROLADO) CARTUCHO DE 0.75 LITROS,Unidad,18.0000,0.0000,18.0000,18.8628,339.53,59.6600,17.4611,2025-12-31 10:12:56.340000,21.0000,43.0000,,,,,2025-08-20,48,,2025-12-31 12:59:21,VIDEOJET TECHNOLOGIES INT.,Und,1,,,,C,,15.00,SI,,,0E-16,,0E-16,,0E-16,,
2026,2,1127 - BEBIDAS ARCACONTINENTAL QUITO,CODIFICACION,VIDEOJET,FLUIDOS,,V7206-D,V7206-D (253154640EG),253154640EG,11/11/2027,MEK/METIL ETIL CETONA PQT (MEK CODIFICACION CONTROLADO) CARTUCHO DE 0.75 LITROS,Unidad,2.0000,0.0000,2.0000,18.8628,37.73,59.6600,17.4611,2025-12-31 10:12:56.340000,6.0000,12.0000,,,,,2025-08-20,48,,2025-12-31 12:59:21,VIDEOJET TECHNOLOGIES INT.,Und,1,,,,C,,15.00,SI,,,0E-16,,0E-16,,0E-16,,
2026,2,1130 - INPROLAC S.A.,CODIFICACION,VIDEOJET,FLUIDOS,,V7206-D,V7206-D (253154640EG),253154640EG,11/11/2027,MEK/METIL ETIL CETONA PQT (MEK CODIFICACION CONTROLADO) CARTUCHO DE 0.75 LITROS,Unidad,18.0000,0.0000,18.0000,18.8628,339.53,59.6600,17.4611,2025-12-31 10:12:56.340000,12.0000,24.0000,,,,,2025-08-20,48,,2025-12-31 12:59:21,VIDEOJET TECHNOLOGIES INT.,Und,1,,,,C,,15.00,SI,,,0E-16,,0E-16,,0E-16,,
2026,2,2107 - CHIVERÍA S.A.,CODIFICACION,VIDEOJET,FLUIDOS,,V7206-D,V7206-D (253154640EG),253154640EG,11/11/2027,MEK/METIL ETIL CETONA PQT (MEK CODIFICACION CONTROLADO) CARTUCHO DE 0.75 LITROS,Unidad,4.0000,0.0000,4.0000,18.8628,75.45,59.6600,17.4611,2025-12-31 10:12:56.340000,29.0000,58.0000,,,,,2025-08-20,48,,2025-12-31 12:59:21,VIDEOJET TECHNOLOGIES INT.,Und,1,,,,C,,15.00,SI,,,0E-16,,0E-16,,0E-16,,
2026,2,1105 - NOVOFARMS CIA LTDA,CODIFICACION,VIDEOJET,FLUIDOS,,V7206-D,V7206-D (253154640EG),253154640EG,11/11/2027,MEK/METIL ETIL CETONA PQT (MEK CODIFICACION CONTROLADO) CARTUCHO DE 0.75 LITROS,Unidad,2.0000,0.0000,2.0000,18.8628,37.73,59.6600,17.4611,2025-12-31 10:12:56.340000,2.0000,4.0000,,,,,2025-08-20,48,,2025-12-31 12:59:21,VIDEOJET TECHNOLOGIES INT.,Und,1,,,,C,,15.00,SI,,,0E-16,,0E-16,,0E-16,,
2026,2,2110 - THE TESALIA SPRINGS COMPANY S.A. GUAYAQUIL,CODIFICACION,VIDEOJET,FLUIDOS,,V7206-D,V7206-D (253154640EG),253154640EG,11/11/2027,MEK/METIL ETIL CETONA PQT (MEK CODIFICACION CONTROLADO) CARTUCHO DE 0.75 LITROS,Unidad,20.0000,0.0000,20.0000,18.8628,377.26,59.6600,17.4611,2025-12-31 10:12:56.340000,49.0000,97.0000,,,,,2025-08-20,48,,2025-12-31 12:59:21,VIDEOJET TECHNOLOGIES INT.,Und,1,,,,C,,15.00,SI,,,0E-16,,0E-16,,0E-16,,
2026,2,1123 - ALIMENTOS SUPERIOR ALSUPERIOR S.A.,CODIFICACION,VIDEOJET,FLUIDOS,,V7206-D,V7206-D (253154640EG),253154640EG,11/11/2027,MEK/METIL ETIL CETONA PQT (MEK CODIFICACION CONTROLADO) CARTUCHO DE 0.75 LITROS,Unidad,4.0000,0.0000,4.0000,18.8628,75.45,59.6600,17.4611,2025-12-31 10:12:56.340000,50.0000,100.0000,,,,,2025-08-20,48,,2025-12-31 12:59:21,VIDEOJET TECHNOLOGIES INT.,Und,1,,,,C,,15.00,SI,,,0E-16,,0E-16,,0E-16,,
2026,2,8001 - TRANSFERENCIAS EN TRÁNSITO,CODIFICACION,VIDEOJET,FLUIDOS,,V7206-D,V7206-D (253154640EG),253154640EG,11/11/2027,MEK/METIL ETIL CETONA PQT (MEK CODIFICACION CONTROLADO) CARTUCHO DE 0.75 LITROS,Unidad,19.0000,0.0000,19.0000,18.8628,358.39,59.6600,17.4611,2025-12-31 10:12:56.340000,,,,,,,2025-08-20,48,,2025-12-31 12:59:21,VIDEOJET TECHNOLOGIES INT.,Und,1,,,,C,,15.00,SI,,,0E-16,,0E-16,,0E-16,,
2026,2,1128 - BEBIDAS ARCACONTINENTAL SANTO DOMINGO,CODIFICACION,VIDEOJET,FLUIDOS,,V7206-D,V7206-D (253154640EG),253154640EG,11/11/2027,MEK/METIL ETIL CETONA PQT (MEK CODIFICACION CONTROLADO) CARTUCHO DE 0.75 LITROS,Unidad,13.0000,0.0000,13.0000,18.8628,245.22,59.6600,17.4611,2025-12-31 10:12:56.340000,,,,,,,2025-08-20,48,,2025-12-31 12:59:21,VIDEOJET TECHNOLOGIES INT.,Und,1,,,,C,,15.00,SI,,,0E-16,,0E-16,,0E-16,,
2026,2,2109 - CERVECERIA NACIONAL CN S.A. GUAYAQUIL,CODIFICACION,VIDEOJET,FLUIDOS,,V7206-D,V7206-D (253154640EG),253154640EG,11/11/2027,MEK/METIL ETIL CETONA PQT (MEK CODIFICACION CONTROLADO) CARTUCHO DE 0.75 LITROS,Unidad,12.0000,0.0000,12.0000,18.8628,226.35,59.6600,17.4611,2025-12-31 10:12:56.340000,54.0000,109.0000,,,,,2025-08-20,48,,2025-12-31 12:59:21,VIDEOJET TECHNOLOGIES INT.,Und,1,,,,C,,15.00,SI,,,0E-16,,0E-16,,0E-16,,
2026,2,1126 - MAXIPAN S.A.,CODIFICACION,VIDEOJET,FLUIDOS,,V7206-D,V7206-D (253154640EG),253154640EG,11/11/2027,MEK/METIL ETIL CETONA PQT (MEK CODIFICACION CONTROLADO) CARTUCHO DE 0.75 LITROS,Unidad,2.0000,0.0000,2.0000,18.8628,37.73,59.6600,17.4611,2025-12-31 10:12:56.340000,,,,,,,2025-08-20,48,,2025-12-31 12:59:21,VIDEOJET TECHNOLOGIES INT.,Und,1,,,,C,,15.00,SI,,,0E-16,,0E-16,,0E-16,,
2026,2,1129 - DELCAMPO S.A.S,CODIFICACION,VIDEOJET,FLUIDOS,,V7206-D,V7206-D (253154640EG),253154640EG,11/11/2027,MEK/METIL ETIL CETONA PQT (MEK CODIFICACION CONTROLADO) CARTUCHO DE 0.75 LITROS,Unidad,7.0000,0.0000,7.0000,18.8628,132.04,59.6600,17.4611,2025-12-31 10:12:56.340000,19.0000,38.0000,,,,,2025-08-20,48,,2025-12-31 12:59:21,VIDEOJET TECHNOLOGIES INT.,Und,1,,,,C,,15.00,SI,,,0E-16,,0E-16,,0E-16,,
2026,2,2114 - ITALIMENTOS CIA. LTDA.,CODIFICACION,VIDEOJET,FLUIDOS,,V7206-D,V7206-D (253154640EG),253154640EG,11/11/2027,MEK/METIL ETIL CETONA PQT (MEK CODIFICACION CONTROLADO) CARTUCHO DE 0.75 LITROS,Unidad,5.0000,0.0000,5.0000,18.8628,94.31,59.6600,17.4611,2025-12-31 10:12:56.340000,44.0000,89.0000,,,,,2025-08-20,48,,2025-12-31 12:59:21,VIDEOJET TECHNOLOGIES INT.,Und,1,,,,C,,15.00,SI,,,0E-16,,0E-16,,0E-16,,
2026,2,8003 - REMISIONES GUAYAQUIL,CODIFICACION,VIDEOJET,FLUIDOS,,V7206-D,V7206-D (253144627EG),253144627EG,10/11/2027,MEK/METIL ETIL CETONA PQT (MEK CODIFICACION CONTROLADO) CARTUCHO DE 0.75 LITROS,Unidad,1.0000,0.0000,1.0000,18.8627,18.86,59.6600,17.4611,2025-12-31 10:12:56.310000,,,,,,,2025-08-20,48,,2025-12-31 12:59:21,VIDEOJET TECHNOLOGIES INT.,Und,1,,,,C,,15.00,SI,,,0E-16,,0E-16,,0E-16,,
2026,2,8001 - TRANSFERENCIAS EN TRÁNSITO,CODIFICACION,VIDEOJET,FLUIDOS,,V7206-D,V7206-D (253144627EG),253144627EG,10/11/2027,MEK/METIL ETIL CETONA PQT (MEK CODIFICACION CONTROLADO) CARTUCHO DE 0.75 LITROS,Unidad,5.0000,0.0000,5.0000,18.8627,94.31,59.6600,17.4611,2025-12-31 10:12:56.310000,,,,,,,2025-08-20,48,,2025-12-31 12:59:21,VIDEOJET TECHNOLOGIES INT.,Und,1,,,,C,,15.00,SI,,,0E-16,,0E-16,,0E-16,,
2026,2,1104 - LUZURIAGA ROSALES JOSE MIGUEL,CODIFICACION,VIDEOJET,FLUIDOS,,V7206-D,V7206-D (252163110EG),252163110EG,04/08/2027,MEK/METIL ETIL CETONA PQT (MEK CODIFICACION CONTROLADO) CARTUCHO DE 0.75 LITROS,Unidad,2.0000,0.0000,2.0000,18.9000,37.80,59.6600,17.4611,2025-09-23 15:32:07.420000,5.0000,10.0000,,,,,2025-08-20,146,,2025-09-24 11:52:43,VIDEOJET TECHNOLOGIES INT.,Und,1,,,,C,,15.00,SI,,,0E-16,,0E-16,,0E-16,,
2026,2,1131 - PHARMALOG S.A.,CODIFICACION,VIDEOJET,FLUIDOS,,V7206-D,V7206-D (252163110EG),252163110EG,04/08/2027,MEK/METIL ETIL CETONA PQT (MEK CODIFICACION CONTROLADO) CARTUCHO DE 0.75 LITROS,Unidad,2.0000,0.0000,2.0000,18.9000,37.80,59.6600,17.4611,2025-09-23 15:32:07.420000,,,,,,,2025-08-20,146,,2025-09-24 11:52:43,VIDEOJET TECHNOLOGIES INT.,Und,1,,,,C,,15.00,SI,,,0E-16,,0E-16,,0E-16,,
2026,2,2113 - PROCESADORA DE FRUTAS NATURALES PROFRUTAS ,CODIFICACION,VIDEOJET,FLUIDOS,,V7206-D,V7206-D (251642369EG),251642369EG,13/06/2027,MEK/METIL ETIL CETONA PQT (MEK CODIFICACION CONTROLADO) CARTUCHO DE 0.75 LITROS,Unidad,14.0000,0.0000,14.0000,18.7527,262.54,59.6600,17.4611,2025-07-30 15:12:46.377000,6.0000,12.0000,,,,,2025-08-20,201,,2025-07-31 07:11:52,VIDEOJET TECHNOLOGIES INT.,Und,1,,,,C,,15.00,SI,,,0E-16,,0E-16,,0E-16,,
2026,2,6005 - BAJA CONTROLADOS MDI,CODIFICACION,VIDEOJET,FLUIDOS,,V7206-D,V7206-D (222043119EG),222043119EG,23/07/2024,MEK/METIL ETIL CETONA PQT (MEK CODIFICACION CONTROLADO) CARTUCHO DE 0.75 LITROS,Unidad,1.0000,0.0000,1.0000,15.6379,15.64,59.6600,17.4611,2022-09-07 16:38:13.450000,,,,,,,2025-08-20,1258,,2022-09-08 10:01:46,VIDEOJET TECHNOLOGIES INT.,Und,1,,,,C,,15.00,SI,,,0E-16,,0E-16,,0E-16,,
2026,2,1107 - PRODUCTOS Y DISTRIBUCIONES MEDICAS ANDINO P,CODIFICACION,VIDEOJET,FLUIDOS,,V7206-D,V7206-D (GENERICO),GENERICO,,MEK/METIL ETIL CETONA PQT (MEK CODIFICACION CONTROLADO) CARTUCHO DE 0.75 LITROS,Unidad,2.0000,0.0000,2.0000,15.2532,30.51,59.6600,17.4611,2021-05-31 22:52:44.020000,,,,,,,2025-08-20,1748,,2021-05-06 00:00:00,VIDEOJET TECHNOLOGIES INT.,Und,1,,,,C,,15.00,SI,,,0E-16,,0E-16,,0E-16,,
2026,2,6005 - BAJA CONTROLADOS MDI,CODIFICACION,VIDEOJET,FLUIDOS,,V7206-D,V7206-D (220891402EG),220891402EG,30/03/2024,MEK/METIL ETIL CETONA PQT (MEK CODIFICACION CONTROLADO) CARTUCHO DE 0.75 LITROS,Unidad,1.0000,0.0000,1.0000,15.7638,15.76,59.6600,17.4611,2022-04-30 10:08:47,,,,,,,2025-08-20,1074,,2023-03-11 21:45:02,VIDEOJET TECHNOLOGIES INT.,Und,1,,,,C,,15.00,SI,,,0E-16,,0E-16,,0E-16,,
2026,2,8003 - REMISIONES GUAYAQUIL,CODIFICACION,VIDEOJET,FLUIDOS,,V7206-D,V7206-D (251341918EG),251341918EG,14/05/2027,MEK/METIL ETIL CETONA PQT (MEK CODIFICACION CONTROLADO) CARTUCHO DE 0.75 LITROS,Unidad,10.0000,0.0000,10.0000,18.9085,189.09,59.6600,17.4611,2025-06-24 09:11:51.607000,,,,,,,2025-08-20,238,,2025-06-24 11:10:53,VIDEOJET TECHNOLOGIES INT.,Und,1,,,,C,,15.00,SI,,,0E-16,,0E-16,,0E-16,,
2026,2,2113 - PROCESADORA DE FRUTAS NATURALES PROFRUTAS ,CODIFICACION,VIDEOJET,FLUIDOS,,V7206-D,V7206-D (243394990EG),243394990EG,04/12/2026,MEK/METIL ETIL CETONA PQT (MEK CODIFICACION CONTROLADO) CARTUCHO DE 0.75 LITROS,Unidad,1.0000,0.0000,1.0000,17.2110,17.21,59.6600,17.4611,2025-01-22 22:39:16.883000,6.0000,12.0000,,,,,2025-08-20,390,,2025-01-23 05:36:50,VIDEOJET TECHNOLOGIES INT.,Und,1,,,,C,,15.00,SI,,,0E-16,,0E-16,,0E-16,,
2026,2,2112 - INDUSTRIAS ALES C.A.,CODIFICACION,VIDEOJET,FLUIDOS,,V7206-D,V7206-D (242153238EG),242153238EG,02/08/2026,MEK/METIL ETIL CETONA PQT (MEK CODIFICACION CONTROLADO) CARTUCHO DE 0.75 LITROS,Unidad,1.0000,0.0000,1.0000,17.4196,17.42,59.6600,17.4611,2024-09-20 15:31:16.213000,61.0000,123.0000,,,,,2025-08-20,515,,2024-09-20 16:23:54,VIDEOJET TECHNOLOGIES INT.,Und,1,,,,C,,15.00,SI,,,0E-16,,0E-16,,0E-16,,
2026,2,1090 - SIN USO (BODEGA GARANTÍAS UIO),CODIFICACION,VIDEOJET,FLUIDOS,,V7206-D,V7206-D (242684003EG),242684003EG,24/09/2026,MEK/METIL ETIL CETONA PQT (MEK CODIFICACION CONTROLADO) CARTUCHO DE 0.75 LITROS,Unidad,16.0000,0.0000,16.0000,17.2762,276.42,59.6600,17.4611,2024-11-15 15:46:44.857000,,,,,,,2025-08-20,456,,2024-11-18 12:26:53,VIDEOJET TECHNOLOGIES INT.,Und,1,,,,C,,15.00,SI,,,0E-16,,0E-16,,0E-16,,
2026,2,6005 - BAJA CONTROLADOS MDI,CODIFICACION,VIDEOJET,FLUIDOS,,V7206-D,V7206-D (231081569EG),231081569EG,18/04/2025,MEK/METIL ETIL CETONA PQT (MEK CODIFICACION CONTROLADO) CARTUCHO DE 0.75 LITROS,Unidad,1.0000,0.0000,1.0000,16.8900,16.89,59.6600,17.4611,2023-06-08 10:41:42.660000,,,,,,,2025-08-20,702,,2024-03-17 11:07:30,VIDEOJET TECHNOLOGIES INT.,Und,1,,,,C,,15.00,SI,,,0E-16,,0E-16,,0E-16,,
2026,2,6005 - BAJA CONTROLADOS MDI,CODIFICACION,VIDEOJET,FLUIDOS,,V7206-D,V7206-D (231151652EG),231151652EG,25/04/2025,MEK/METIL ETIL CETONA PQT (MEK CODIFICACION CONTROLADO) CARTUCHO DE 0.75 LITROS,Unidad,1.0000,0.0000,1.0000,16.8934,16.89,59.6600,17.4611,2023-06-08 10:41:42.677000,,,,,,,2025-08-20,779,,2023-12-31 06:53:58,VIDEOJET TECHNOLOGIES INT.,Und,1,,,,C,,15.00,SI,,,0E-16,,0E-16,,0E-16,,
2026,2,6005 - BAJA CONTROLADOS MDI,CODIFICACION,VIDEOJET,FLUIDOS,,V7206-D,V7206-D (232834134EG),232834134EG,10/10/2025,MEK/METIL ETIL CETONA PQT (MEK CODIFICACION CONTROLADO) CARTUCHO DE 0.75 LITROS,Unidad,1.0000,0.0000,1.0000,17.1821,17.18,59.6600,17.4611,2023-11-17 06:24:07.407000,,,,,,,2025-08-20,823,,2023-11-17 07:23:22,VIDEOJET TECHNOLOGIES INT.,Und,1,,,,C,,15.00,SI,,,0E-16,,0E-16,,0E-16,,
2026,2,6005 - BAJA CONTROLADOS MDI,CODIFICACION,VIDEOJET,FLUIDOS,,V7206-D,V7206-D (231432012EG),231432012EG,23/05/2025,MEK/METIL ETIL CETONA PQT (MEK CODIFICACION CONTROLADO) CARTUCHO DE 0.75 LITROS,Unidad,1.0000,0.0000,1.0000,16.9390,16.94,59.6600,17.4611,2023-07-10 15:27:30.277000,,,,,,,2025-08-20,952,,2023-07-11 10:33:05,VIDEOJET TECHNOLOGIES INT.,Und,1,,,,C,,15.00,SI,,,0E-16,,0E-16,,0E-16,,
2026,2,6005 - BAJA CONTROLADOS MDI,CODIFICACION,VIDEOJET,FLUIDOS,,V7206-D,V7206-D (231702431EG),231702431EG,19/06/2025,MEK/METIL ETIL CETONA PQT (MEK CODIFICACION CONTROLADO) CARTUCHO DE 0.75 LITROS,Unidad,1.0000,0.0000,1.0000,16.8836,16.88,59.6600,17.4611,2023-08-15 17:12:46.960000,,,,,,,2025-08-20,916,,2023-08-16 06:23:27,VIDEOJET TECHNOLOGIES INT.,Und,1,,,,C,,15.00,SI,,,0E-16,,0E-16,,0E-16,,
2026,2,6005 - BAJA CONTROLADOS MDI,CODIFICACION,VIDEOJET,FLUIDOS,,V7206-D,V7206-D (240821346EG),240821346EG,22/03/2026,MEK/METIL ETIL CETONA PQT (MEK CODIFICACION CONTROLADO) CARTUCHO DE 0.75 LITROS,Unidad,1.0000,0.0000,1.0000,17.1115,17.11,59.6600,17.4611,2024-05-10 11:28:14.743000,,,,,,,2025-08-20,645,,2024-05-13 08:15:31,VIDEOJET TECHNOLOGIES INT.,Und,1,,,,C,,15.00,SI,,,0E-16,,0E-16,,0E-16,,
2026,2,8001 - TRANSFERENCIAS EN TRÁNSITO,CODIFICACION,VIDEOJET,FLUIDOS,,V7206-D,V7206-D (251696277BR),251696277BR,18/06/2027,MEK/METIL ETIL CETONA PQT (MEK CODIFICACION CONTROLADO) CARTUCHO DE 0.75 LITROS,Unidad,88.0000,0.0000,88.0000,19.0497,1676.37,59.6600,17.4611,2026-01-22 16:39:35.650000,,,,,,,2025-08-20,25,,2026-01-23 07:46:41,VIDEOJET TECHNOLOGIES INT.,Und,1,,,,C,,15.00,SI,,,0E-16,,0E-16,,0E-16,,
2026,2,8001 - TRANSFERENCIAS EN TRÁNSITO,CODIFICACION,VIDEOJET,FLUIDOS,,V7206-D,V7206-D (252503635EG),252503635EG,07/09/2027,MEK/METIL ETIL CETONA PQT (MEK CODIFICACION CONTROLADO) CARTUCHO DE 0.75 LITROS,Unidad,1.0000,0.0000,1.0000,17.4600,17.46,59.6600,17.4611,2026-01-23 08:28:14,,,,,,,2025-08-20,25,,2026-01-23 08:28:14,VIDEOJET TECHNOLOGIES INT.,Und,1,,,,C,,15.00,SI,,,0E-16,,0E-16,,0E-16,,
2026,2,1030 - BODEGA DISPONIBLE PARA LA VENTA UIO,CODIFICACION,VIDEOJET,FLUIDOS,,V7206-D,V7206-D (251746282BR),251746282BR,23/06/2027,MEK/METIL ETIL CETONA PQT (MEK CODIFICACION CONTROLADO) CARTUCHO DE 0.75 LITROS,Unidad,12.0000,0.0000,12.0000,19.1026,229.23,59.6600,17.4611,2025-11-24 15:01:06.797000,5.0000,10.0000,,P01-N02,,,2025-08-20,25,,2026-01-23 07:46:41,VIDEOJET TECHNOLOGIES INT.,Und,1,,,,C,,15.00,SI,,,0E-16,,0E-16,,0E-16,,
2026,2,1030 - BODEGA DISPONIBLE PARA LA VENTA UIO,CODIFICACION,VIDEOJET,FLUIDOS,,V7206-D,V7206-D (251696277BR),251696277BR,18/06/2027,MEK/METIL ETIL CETONA PQT (MEK CODIFICACION CONTROLADO) CARTUCHO DE 0.75 LITROS,Unidad,83.0000,0.0000,83.0000,19.0497,1581.13,59.6600,17.4611,2026-01-22 16:39:35.650000,5.0000,10.0000,,P01-N02,,,2025-08-20,25,2026-02-13 09:32:50,2026-01-23 07:46:41,VIDEOJET TECHNOLOGIES INT.,Und,1,,,,C,,15.00,SI,,,0E-16,,0E-16,,0E-16,,
2026,2,2030 - BODEGA DISPONIBLE PARA LA VENTA GYE,CODIFICACION,VIDEOJET,FLUIDOS,,V7206-D,V7206-D (253154640EG),253154640EG,11/11/2027,MEK/METIL ETIL CETONA PQT (MEK CODIFICACION CONTROLADO) CARTUCHO DE 0.75 LITROS,Unidad,235.0000,0.0000,235.0000,18.8628,4432.76,59.6600,17.4611,2025-12-31 10:12:56.340000,5.0000,10.0000,,B1-P10-F1,B1-P11-F1,,2025-08-20,48,2026-02-13 06:11:31,2025-12-31 12:59:21,VIDEOJET TECHNOLOGIES INT.,Und,1,,,,C,,15.00,SI,,,0E-16,,0E-16,,0E-16,,
2026,2,2030 - BODEGA DISPONIBLE PARA LA VENTA GYE,CODIFICACION,VIDEOJET,FLUIDOS,,V7206-D,V7206-D (251746282BR),251746282BR,23/06/2027,MEK/METIL ETIL CETONA PQT (MEK CODIFICACION CONTROLADO) CARTUCHO DE 0.75 LITROS,Unidad,6.0000,0.0000,6.0000,19.1026,114.62,59.6600,17.4611,2025-11-24 15:01:06.797000,5.0000,10.0000,,B1-P10-F1,B1-P11-F1,,2025-08-20,25,2025-12-04 06:16:43,2026-01-23 07:46:41,VIDEOJET TECHNOLOGIES INT.,Und,1,,,,C,,15.00,SI,,,0E-16,,0E-16,,0E-16,,
2026,2,2030 - BODEGA DISPONIBLE PARA LA VENTA GYE,CODIFICACION,VIDEOJET,FLUIDOS,,V7206-D,V7206-D (251886329BR),251886329BR,07/07/2027,MEK/METIL ETIL CETONA PQT (MEK CODIFICACION CONTROLADO) CARTUCHO DE 0.75 LITROS,Unidad,150.0000,3.0000,153.0000,19.0475,2914.27,59.6600,17.4611,2026-01-22 16:39:35.543000,5.0000,10.0000,,B1-P10-F1,B1-P11-F1,,2025-08-20,25,,2026-01-23 08:28:14,VIDEOJET TECHNOLOGIES INT.,Und,1,,,,C,,15.00,SI,,,0E-16,,0E-16,,0E-16,,
2026,2,2030 - BODEGA DISPONIBLE PARA LA VENTA GYE,CODIFICACION,VIDEOJET,FLUIDOS,,V7206-D,V7206-D (253144627EG),253144627EG,10/11/2027,MEK/METIL ETIL CETONA PQT (MEK CODIFICACION CONTROLADO) CARTUCHO DE 0.75 LITROS,Unidad,15.0000,0.0000,15.0000,18.8627,282.94,59.6600,17.4611,2025-12-31 10:12:56.310000,5.0000,10.0000,,B1-P10-F1,B1-P11-F1,,2025-08-20,48,2026-01-09 06:26:59,2025-12-31 12:59:21,VIDEOJET TECHNOLOGIES INT.,Und,1,,,,C,,15.00,SI,,,0E-16,,0E-16,,0E-16,,
2026,2,1030 - BODEGA DISPONIBLE PARA LA VENTA UIO,CODIFICACION,VIDEOJET,FLUIDOS,,V7206-L,V7206-L (250741071EG),250741071EG,15/03/2027,MEK/METIL ETIL CETONA PQT (MEK CODIFICACION CONTROLADO) CARTUCHO DE 1  LITRO,Unidad,18.0000,0.0000,18.0000,25.1647,452.96,73.4500,24.6000,2025-04-28 16:42:57.627000,1.0000,2.0000,,P05-N03,,,2025-08-20,293,,2025-04-30 07:04:12,VIDEOJET TECHNOLOGIES INT.,Und,1,,,,C,,15.00,SI,,,0E-16,,0E-16,,0E-16,,
2026,2,1030 - BODEGA DISPONIBLE PARA LA VENTA UIO,CODIFICACION,VIDEOJET,FLUIDOS,,V7206-L,V7206-L (242683997EG),242683997EG,22/09/2026,MEK/METIL ETIL CETONA PQT (MEK CODIFICACION CONTROLADO) CARTUCHO DE 1  LITRO,Unidad,12.0000,0.0000,12.0000,30.2062,362.47,73.4500,24.6000,2024-11-15 15:46:44.793000,1.0000,2.0000,,P05-N03,,,2025-08-20,456,,2024-11-18 12:26:53,VIDEOJET TECHNOLOGIES INT.,Und,1,,,,C,,15.00,SI,,,0E-16,,0E-16,,0E-16,,
2026,2,1030 - BODEGA DISPONIBLE PARA LA VENTA UIO,CODIFICACION,VIDEOJET,FLUIDOS,,V7206-L,V7206-L (242573853EG),242573853EG,13/09/2026,MEK/METIL ETIL CETONA PQT (MEK CODIFICACION CONTROLADO) CARTUCHO DE 1  LITRO,Unidad,16.0000,0.0000,16.0000,30.2062,483.30,73.4500,24.6000,2024-11-15 15:46:44.810000,1.0000,2.0000,,P05-N03,,,2025-08-20,456,2025-04-30 20:43:06,2024-11-18 12:26:53,VIDEOJET TECHNOLOGIES INT.,Und,1,,,,C,,15.00,SI,,,0E-16,,0E-16,,0E-16,,
2026,2,2030 - BODEGA DISPONIBLE PARA LA VENTA GYE,CODIFICACION,VIDEOJET,FLUIDOS,,V7206-L,V7206-L (250741071EG),250741071EG,15/03/2027,MEK/METIL ETIL CETONA PQT (MEK CODIFICACION CONTROLADO) CARTUCHO DE 1  LITRO,Unidad,18.0000,0.0000,18.0000,25.1647,452.96,73.4500,24.6000,2025-04-28 16:42:57.627000,0.0000,0.0000,,B1-P15-F2,,,2025-08-20,293,,2025-04-30 07:04:12,VIDEOJET TECHNOLOGIES INT.,Und,1,,,,C,,15.00,SI,,,0E-16,,0E-16,,0E-16,,
2026,2,2030 - BODEGA DISPONIBLE PARA LA VENTA GYE,CODIFICACION,VIDEOJET,FLUIDOS,,V7206-L,V7206-L (250580839EG),250580839EG,27/02/2027,MEK/METIL ETIL CETONA PQT (MEK CODIFICACION CONTROLADO) CARTUCHO DE 1  LITRO,Unidad,11.0000,0.0000,11.0000,27.0325,297.36,73.4500,24.6000,2025-05-30 09:57:41.620000,0.0000,0.0000,,B1-P15-F2,,,2025-08-20,262,,2025-05-31 10:24:21,VIDEOJET TECHNOLOGIES INT.,Und,1,,,,C,,15.00,SI,,,0E-16,,0E-16,,0E-16,,
2026,2,2030 - BODEGA DISPONIBLE PARA LA VENTA GYE,CODIFICACION,VIDEOJET,FLUIDOS,,V7206-L,V7206-L (251602301EG),251602301EG,09/06/2027,MEK/METIL ETIL CETONA PQT (MEK CODIFICACION CONTROLADO) CARTUCHO DE 1  LITRO,Unidad,102.0000,0.0000,102.0000,26.6966,2723.05,73.4500,24.6000,2025-07-30 15:12:46.313000,0.0000,0.0000,,B1-P15-F2,,,2025-08-20,201,,2025-07-31 07:11:52,VIDEOJET TECHNOLOGIES INT.,Und,1,,,,C,,15.00,SI,,,0E-16,,0E-16,,0E-16,,
2026,2,2030 - BODEGA DISPONIBLE PARA LA VENTA GYE,CODIFICACION,VIDEOJET,FLUIDOS,,V7206-L,V7206-L (251341940EG),251341940EG,14/05/2027,MEK/METIL ETIL CETONA PQT (MEK CODIFICACION CONTROLADO) CARTUCHO DE 1  LITRO,Unidad,24.0000,0.0000,24.0000,26.9183,646.04,73.4500,24.6000,2025-06-24 09:11:51.640000,0.0000,0.0000,,B1-P15-F2,,,2025-08-20,238,,2025-06-24 11:10:53,VIDEOJET TECHNOLOGIES INT.,Und,1,,,,C,,15.00,SI,,,0E-16,,0E-16,,0E-16,,
2026,2,2030 - BODEGA DISPONIBLE PARA LA VENTA GYE,CODIFICACION,VIDEOJET,FLUIDOS,,V7206-L,V7206-L (242974481EG),242974481EG,23/10/2026,MEK/METIL ETIL CETONA PQT (MEK CODIFICACION CONTROLADO) CARTUCHO DE 1  LITRO,Unidad,45.0000,0.0000,45.0000,31.4925,1417.16,73.4500,24.6000,2025-01-29 18:34:20.560000,0.0000,0.0000,,B1-P15-F2,,,2025-08-20,383,2025-12-31 03:24:00,2025-01-30 05:29:03,VIDEOJET TECHNOLOGIES INT.,Und,1,,,,C,,15.00,SI,,,0E-16,,0E-16,,0E-16,,
2026,2,8004 - REMISIONES MANTA,CODIFICACION,VIDEOJET,FLUIDOS,,V7206-L,V7206-L (242683997EG),242683997EG,22/09/2026,MEK/METIL ETIL CETONA PQT (MEK CODIFICACION CONTROLADO) CARTUCHO DE 1  LITRO,Unidad,6.0000,0.0000,6.0000,30.2062,181.24,73.4500,24.6000,2024-11-15 15:46:44.793000,,,,,,,2025-08-20,456,,2024-11-18 12:26:53,VIDEOJET TECHNOLOGIES INT.,Und,1,,,,C,,15.00,SI,,,0E-16,,0E-16,,0E-16,,
2026,2,8004 - REMISIONES MANTA,CODIFICACION,VIDEOJET,FLUIDOS,,V7206-L,V7206-L (242573853EG),242573853EG,13/09/2026,MEK/METIL ETIL CETONA PQT (MEK CODIFICACION CONTROLADO) CARTUCHO DE 1  LITRO,Unidad,4.0000,0.0000,4.0000,30.2062,120.82,73.4500,24.6000,2024-11-15 15:46:44.810000,,,,,,,2025-08-20,456,,2024-11-18 12:26:53,VIDEOJET TECHNOLOGIES INT.,Und,1,,,,C,,15.00,SI,,,0E-16,,0E-16,,0E-16,,
2026,2,2106 - BEBIDAS ARCACONTINENTAL GUAYAQUIL,CODIFICACION,VIDEOJET,FLUIDOS,,V7206-L,V7206-L (242974481EG),242974481EG,23/10/2026,MEK/METIL ETIL CETONA PQT (MEK CODIFICACION CONTROLADO) CARTUCHO DE 1  LITRO,Unidad,11.0000,0.0000,11.0000,31.4925,346.42,73.4500,24.6000,2025-01-29 18:34:20.560000,,,,,,,2025-08-20,383,,2025-01-30 05:29:03,VIDEOJET TECHNOLOGIES INT.,Und,1,,,,C,,15.00,SI,,,0E-16,,0E-16,,0E-16,,
2026,2,8001 - TRANSFERENCIAS EN TRÁNSITO,CODIFICACION,VIDEOJET,FLUIDOS,,V7206-L,V7206-L (242974481EG),242974481EG,23/10/2026,MEK/METIL ETIL CETONA PQT (MEK CODIFICACION CONTROLADO) CARTUCHO DE 1  LITRO,Unidad,5.0000,0.0000,5.0000,31.4925,157.46,73.4500,24.6000,2025-01-29 18:34:20.560000,,,,,,,2025-08-20,383,,2025-01-30 05:29:03,VIDEOJET TECHNOLOGIES INT.,Und,1,,,,C,,15.00,SI,,,0E-16,,0E-16,,0E-16,,
2026,2,6005 - BAJA CONTROLADOS MDI,CODIFICACION,VIDEOJET,FLUIDOS,,V7206-L,V7206-L (222664024EG),222664024EG,23/09/2024,MEK/METIL ETIL CETONA PQT (MEK CODIFICACION CONTROLADO) CARTUCHO DE 1  LITRO,Unidad,3.0000,0.0000,3.0000,28.9988,87.00,73.4500,24.6000,2022-11-15 18:14:38.203000,,,,,,,2025-08-20,1189,,2022-11-16 12:58:44,VIDEOJET TECHNOLOGIES INT.,Und,1,,,,C,,15.00,SI,,,0E-16,,0E-16,,0E-16,,
2026,2,6005 - BAJA CONTROLADOS MDI,CODIFICACION,VIDEOJET,FLUIDOS,,V720-D,V720-D (222874289EG),222874289EG,14/10/2024,MEK/METIL ETIL CETONA PQT (MEK CODIFICACION CONTROLADO) CARTUCHO DE 0.75 LITROS,Unidad,1.0000,0.0000,1.0000,22.2675,22.27,70.2000,22.8900,2022-12-06 16:33:26.783000,,,,,,,2025-08-20,1054,,2023-03-31 23:51:00,VIDEOJET TECHNOLOGIES INT.,Und,1,,,,C,,15.00,SI,,,0E-16,,0E-16,,0E-16,,
2026,2,8001 - TRANSFERENCIAS EN TRÁNSITO,CODIFICACION,VIDEOJET,FLUIDOS,,V720-D,V720-D (243044569EG),243044569EG,30/10/2026,MEK/METIL ETIL CETONA PQT (MEK CODIFICACION CONTROLADO) CARTUCHO DE 0.75 LITROS,Unidad,1.0000,0.0000,1.0000,23.6050,23.61,70.2000,22.8900,2025-01-29 18:34:20.513000,,,,,,,2025-08-20,383,,2025-01-30 05:29:03,VIDEOJET TECHNOLOGIES INT.,Und,1,,,,C,,15.00,SI,,,0E-16,,0E-16,,0E-16,,
2026,2,6005 - BAJA CONTROLADOS MDI,CODIFICACION,VIDEOJET,FLUIDOS,,V720-D,V720-D (231642337EG),231642337EG,13/06/2025,MEK/METIL ETIL CETONA PQT (MEK CODIFICACION CONTROLADO) CARTUCHO DE 0.75 LITROS,Unidad,1.0000,0.0000,1.0000,24.1842,24.18,70.2000,22.8900,2023-08-15 17:12:46.917000,,,,,,,2025-08-20,916,,2023-08-16 06:23:27,VIDEOJET TECHNOLOGIES INT.,Und,1,,,,C,,15.00,SI,,,0E-16,,0E-16,,0E-16,,
2026,2,8001 - TRANSFERENCIAS EN TRÁNSITO,CODIFICACION,VIDEOJET,FLUIDOS,,V720-D,V720-D (253164649eg),253164649eg,12/11/2027,MEK/METIL ETIL CETONA PQT (MEK CODIFICACION CONTROLADO) CARTUCHO DE 0.75 LITROS,Unidad,1.0000,0.0000,1.0000,24.9700,24.97,70.2000,22.8900,2026-01-22 16:39:35.590000,,,,,,,2025-08-20,25,,2026-01-23 07:46:41,VIDEOJET TECHNOLOGIES INT.,Und,1,,,,C,,15.00,SI,,,0E-16,,0E-16,,0E-16,,
2026,2,2104 - INDUSTRIAS LACTEAS TONI SA,CODIFICACION,VIDEOJET,FLUIDOS,,V720-D,V720-D (253164649eg),253164649eg,12/11/2027,MEK/METIL ETIL CETONA PQT (MEK CODIFICACION CONTROLADO) CARTUCHO DE 0.75 LITROS,Unidad,2.0000,0.0000,2.0000,24.9700,49.94,70.2000,22.8900,2026-01-22 16:39:35.590000,0.0000,0.0000,,,,,2025-08-20,25,,2026-01-23 07:46:41,VIDEOJET TECHNOLOGIES INT.,Und,1,,,,C,,15.00,SI,,,0E-16,,0E-16,,0E-16,,
2026,2,1030 - BODEGA DISPONIBLE PARA LA VENTA UIO,CODIFICACION,VIDEOJET,FLUIDOS,,V720-D,V720-D (243044569EG),243044569EG,30/10/2026,MEK/METIL ETIL CETONA PQT (MEK CODIFICACION CONTROLADO) CARTUCHO DE 0.75 LITROS,Unidad,1.0000,0.0000,1.0000,23.6050,23.61,70.2000,22.8900,2025-01-29 18:34:20.513000,0.0000,0.0000,,P07-N02,,,2025-08-20,383,2025-09-03 08:33:23,2025-01-30 05:29:03,VIDEOJET TECHNOLOGIES INT.,Und,1,,,,C,,15.00,SI,,,0E-16,,0E-16,,0E-16,,
2026,2,1030 - BODEGA DISPONIBLE PARA LA VENTA UIO,CODIFICACION,VIDEOJET,FLUIDOS,,V720-D,V720-D (252313349EG),252313349EG,19/08/2027,MEK/METIL ETIL CETONA PQT (MEK CODIFICACION CONTROLADO) CARTUCHO DE 0.75 LITROS,Unidad,4.0000,0.0000,4.0000,24.8550,99.42,70.2000,22.8900,2025-10-22 17:49:28.403000,0.0000,0.0000,,P07-N02,,,2025-08-20,117,,2025-10-23 13:24:20,VIDEOJET TECHNOLOGIES INT.,Und,1,,,,C,,15.00,SI,,,0E-16,,0E-16,,0E-16,,
2026,2,1030 - BODEGA DISPONIBLE PARA LA VENTA UIO,CODIFICACION,VIDEOJET,FLUIDOS,,V7211-D,V7211-D,,,SOLVENTE DE CODIFICACION NO CONTROLADA,Unidad,18.0000,0.0000,18.0000,21.6836,390.30,57.2900,20.1700,,1.0000,2.0000,,P15-N03,,,2025-08-20,117,2026-01-09 10:13:37,2025-10-23 13:24:20,VIDEOJET TECHNOLOGIES INT.,Und,1,,,,C,,15.00,NO,,,0E-16,,0E-16,,0E-16,,
2026,2,2030 - BODEGA DISPONIBLE PARA LA VENTA GYE,CODIFICACION,VIDEOJET,FLUIDOS,,V7211-D,V7211-D,,,SOLVENTE DE CODIFICACION NO CONTROLADA,Unidad,112.0000,0.0000,112.0000,21.6836,2428.56,57.2900,20.1700,,5.0000,10.0000,,B1-P28-F1,,,2025-08-20,117,2024-05-01 06:12:22,2025-10-23 13:24:20,VIDEOJET TECHNOLOGIES INT.,Und,1,,,,B,,15.00,NO,,,0E-16,,0E-16,,0E-16,,
2026,2,8004 - REMISIONES MANTA,CODIFICACION,VIDEOJET,FLUIDOS,,V7211-D,V7211-D,,,SOLVENTE DE CODIFICACION NO CONTROLADA,Unidad,2.0000,0.0000,2.0000,21.6836,43.37,57.2900,20.1700,,,,,,,,2025-08-20,117,2025-12-31 11:03:04,2025-10-23 13:24:20,VIDEOJET TECHNOLOGIES INT.,Und,1,,,,B,,15.00,NO,,,0E-16,,0E-16,,0E-16,,
2026,2,8003 - REMISIONES GUAYAQUIL,CODIFICACION,VIDEOJET,FLUIDOS,,V7212-D,V7212-D,,,SOLVENTE DE CODIFICACION NO CONTROLADO,Unidad,12.0000,0.0000,12.0000,19.3897,232.68,59.6600,17.9200,,,,,,,,2025-08-20,25,2026-01-31 18:41:18,2026-01-23 07:46:41,VIDEOJET TECHNOLOGIES INT.,Und,1,,,,A,,15.00,NO,,,0E-16,,0E-16,,0E-16,,
2026,2,2112 - INDUSTRIAS ALES C.A.,CODIFICACION,VIDEOJET,FLUIDOS,,V7212-D,V7212-D,,,SOLVENTE DE CODIFICACION NO CONTROLADO,Unidad,6.0000,0.0000,6.0000,19.3897,116.34,59.6600,17.9200,,,,,,,,2025-08-20,25,,2026-01-23 07:46:41,VIDEOJET TECHNOLOGIES INT.,Und,1,,,,A,,15.00,NO,,,0E-16,,0E-16,,0E-16,,
2026,2,2030 - BODEGA DISPONIBLE PARA LA VENTA GYE,CODIFICACION,VIDEOJET,FLUIDOS,,V7212-D,V7212-D,,,SOLVENTE DE CODIFICACION NO CONTROLADO,Unidad,47.0000,0.0000,47.0000,19.3897,911.32,59.6600,17.9200,,15.0000,30.0000,,B1-P27-F1,,,2025-08-20,25,2026-01-28 12:08:17,2026-01-23 07:46:41,VIDEOJET TECHNOLOGIES INT.,Und,1,,,,B,,15.00,NO,,,0E-16,,0E-16,,0E-16,,
2026,2,1030 - BODEGA DISPONIBLE PARA LA VENTA UIO,CODIFICACION,VIDEOJET,FLUIDOS,,V7212-D,V7212-D,,,SOLVENTE DE CODIFICACION NO CONTROLADO,Unidad,21.0000,0.0000,21.0000,19.3897,407.18,59.6600,17.9200,,0.0000,0.0000,,P15-N02,,,2025-08-20,25,2026-01-05 16:15:11,2026-01-23 07:46:41,VIDEOJET TECHNOLOGIES INT.,Und,1,,,,B,,15.00,NO,,,0E-16,,0E-16,,0E-16,,
2026,2,2030 - BODEGA DISPONIBLE PARA LA VENTA GYE,CODIFICACION,VIDEOJET,FLUIDOS,,V7219-D,V7219-D,,,SOLVENTE DE CODIFICACION NO CONTROLADO,Unidad,8.0000,0.0000,8.0000,20.5493,164.39,52.9100,20.0500,,2.0000,4.0000,,B1-P26-F1,B1-P26-F3,,2025-08-20,25,2026-01-26 15:36:28,2026-01-23 07:46:41,VIDEOJET TECHNOLOGIES INT.,Und,1,,,,B,,15.00,NO,,,0E-16,,0E-16,,0E-16,,
2026,2,2030 - BODEGA DISPONIBLE PARA LA VENTA GYE,CODIFICACION,VIDEOJET,FLUIDOS,,V721-D,V721-D (252964379EG),252964379EG,23/10/2027,MEK/METIL ETIL CETONA PQT (MEK CODIFICACION CONTROLADO) CARTUCHO DE 0.75 LITROS,Unidad,62.0000,0.0000,62.0000,22.1981,1376.28,65.8100,20.4600,2025-12-31 10:12:56.293000,3.0000,7.0000,,B1-P14-F1,B1-P14-F2,,2025-08-20,25,,2026-01-23 07:46:41,VIDEOJET TECHNOLOGIES INT.,Und,1,,,,C,COMPRA EXTERIOR,15.00,SI,,,0E-16,,0E-16,,0E-16,,
2026,2,1030 - BODEGA DISPONIBLE PARA LA VENTA UIO,CODIFICACION,VIDEOJET,FLUIDOS,,V721-D,V721-D (252964379EG),252964379EG,23/10/2027,MEK/METIL ETIL CETONA PQT (MEK CODIFICACION CONTROLADO) CARTUCHO DE 0.75 LITROS,Unidad,104.0000,0.0000,104.0000,22.1981,2308.60,65.8100,20.4600,2025-12-31 10:12:56.293000,,,,P08-N03,,,2025-08-20,25,,2026-01-23 07:46:41,VIDEOJET TECHNOLOGIES INT.,Und,1,,,,C,COMPRA EXTERIOR,15.00,SI,,,0E-16,,0E-16,,0E-16,,
2026,2,4030 - BODEGA DISPONIBLE PARA LA VENTA MANTA,CODIFICACION,VIDEOJET,FLUIDOS,,V721-D,V721-D (250220264EG),250220264EG,22/01/2027,MEK/METIL ETIL CETONA PQT (MEK CODIFICACION CONTROLADO) CARTUCHO DE 0.75 LITROS,Unidad,1.0000,0.0000,1.0000,21.1389,21.14,65.8100,20.4600,2025-03-25 16:14:08.260000,,,,,,,2025-08-20,328,,2025-03-26 09:49:11,VIDEOJET TECHNOLOGIES INT.,Und,1,,,,C,COMPRA EXTERIOR,15.00,SI,,,0E-16,,0E-16,,0E-16,,
2026,2,6005 - BAJA CONTROLADOS MDI,CODIFICACION,VIDEOJET,FLUIDOS,,V721-D,V721-D (221892907EG),221892907EG,08/07/2024,MEK/METIL ETIL CETONA PQT (MEK CODIFICACION CONTROLADO) CARTUCHO DE 0.75 LITROS,Unidad,2.0000,0.0000,2.0000,17.7354,35.47,65.8100,20.4600,2022-09-07 16:38:13.020000,,,,,,,2025-08-20,1224,,2022-10-12 07:57:13,VIDEOJET TECHNOLOGIES INT.,Und,1,,,,C,COMPRA EXTERIOR,15.00,SI,,,0E-16,,0E-16,,0E-16,,
2026,2,8003 - REMISIONES GUAYAQUIL,CODIFICACION,VIDEOJET,FLUIDOS,,V721-D,V721-D (242784154EG),242784154EG,04/10/2026,MEK/METIL ETIL CETONA PQT (MEK CODIFICACION CONTROLADO) CARTUCHO DE 0.75 LITROS,Unidad,1.0000,0.0000,1.0000,20.9956,21.00,65.8100,20.4600,2025-01-22 22:39:17.087000,,,,,,,2025-08-20,383,,2025-01-30 05:29:03,VIDEOJET TECHNOLOGIES INT.,Und,1,,,,C,COMPRA EXTERIOR,15.00,SI,,,0E-16,,0E-16,,0E-16,,
2026,2,1114 - CERVECERIA NACIONAL CN S.A.,CODIFICACION,VIDEOJET,FLUIDOS,,V721-D,V721-D (252964379EG),252964379EG,23/10/2027,MEK/METIL ETIL CETONA PQT (MEK CODIFICACION CONTROLADO) CARTUCHO DE 0.75 LITROS,Unidad,4.0000,0.0000,4.0000,22.1981,88.79,65.8100,20.4600,2025-12-31 10:12:56.293000,33.0000,66.0000,,,,,2025-08-20,25,,2026-01-23 07:46:41,VIDEOJET TECHNOLOGIES INT.,Und,1,,,,C,COMPRA EXTERIOR,15.00,SI,,,0E-16,,0E-16,,0E-16,,
2026,2,8001 - TRANSFERENCIAS EN TRÁNSITO,CODIFICACION,VIDEOJET,FLUIDOS,,V721-D,V721-D (252964379EG),252964379EG,23/10/2027,MEK/METIL ETIL CETONA PQT (MEK CODIFICACION CONTROLADO) CARTUCHO DE 0.75 LITROS,Unidad,44.0000,0.0000,44.0000,22.1981,976.72,65.8100,20.4600,2025-12-31 10:12:56.293000,,,,,,,2025-08-20,25,,2026-01-23 07:46:41,VIDEOJET TECHNOLOGIES INT.,Und,1,,,,C,COMPRA EXTERIOR,15.00,SI,,,0E-16,,0E-16,,0E-16,,
2026,2,2109 - CERVECERIA NACIONAL CN S.A. GUAYAQUIL,CODIFICACION,VIDEOJET,FLUIDOS,,V721-D,V721-D (252964379EG),252964379EG,23/10/2027,MEK/METIL ETIL CETONA PQT (MEK CODIFICACION CONTROLADO) CARTUCHO DE 0.75 LITROS,Unidad,16.0000,0.0000,16.0000,22.1981,355.17,65.8100,20.4600,2025-12-31 10:12:56.293000,70.0000,140.0000,,,,,2025-08-20,25,,2026-01-23 07:46:41,VIDEOJET TECHNOLOGIES INT.,Und,1,,,,C,COMPRA EXTERIOR,15.00,SI,,,0E-16,,0E-16,,0E-16,,
2026,2,8001 - TRANSFERENCIAS EN TRÁNSITO,CODIFICACION,VIDEOJET,FLUIDOS,,V721-D,V721-D (252543713EG),252543713EG,11/09/2027,MEK/METIL ETIL CETONA PQT (MEK CODIFICACION CONTROLADO) CARTUCHO DE 0.75 LITROS,Unidad,12.0000,0.0000,12.0000,22.3200,267.84,65.8100,20.4600,2025-11-24 15:01:06.780000,,,,,,,2025-08-20,25,,2026-01-23 07:46:41,VIDEOJET TECHNOLOGIES INT.,Und,1,,,,C,COMPRA EXTERIOR,15.00,SI,,,0E-16,,0E-16,,0E-16,,
2026,2,4030 - BODEGA DISPONIBLE PARA LA VENTA MANTA,CODIFICACION,VIDEOJET,FLUIDOS,,V721-D,V721-D (252323367EG),252323367EG,20/08/2027,MEK/METIL ETIL CETONA PQT (MEK CODIFICACION CONTROLADO) CARTUCHO DE 0.75 LITROS,Unidad,1.0000,0.0000,1.0000,22.2158,22.22,65.8100,20.4600,2025-10-22 17:49:28.370000,,,,,,,2025-08-20,117,,2025-10-23 13:24:20,VIDEOJET TECHNOLOGIES INT.,Und,1,,,,C,COMPRA EXTERIOR,15.00,SI,,,0E-16,,0E-16,,0E-16,,
2026,2,1114 - CERVECERIA NACIONAL CN S.A.,CODIFICACION,VIDEOJET,FLUIDOS,,V721-D,V721-D (252323367EG),252323367EG,20/08/2027,MEK/METIL ETIL CETONA PQT (MEK CODIFICACION CONTROLADO) CARTUCHO DE 0.75 LITROS,Unidad,19.0000,0.0000,19.0000,22.2158,422.10,65.8100,20.4600,2025-10-22 17:49:28.370000,33.0000,66.0000,,,,,2025-08-20,117,,2025-10-23 13:24:20,VIDEOJET TECHNOLOGIES INT.,Und,1,,,,C,COMPRA EXTERIOR,15.00,SI,,,0E-16,,0E-16,,0E-16,,
2026,2,8001 - TRANSFERENCIAS EN TRÁNSITO,CODIFICACION,VIDEOJET,FLUIDOS,,V721-D,V721-D (252323367EG),252323367EG,20/08/2027,MEK/METIL ETIL CETONA PQT (MEK CODIFICACION CONTROLADO) CARTUCHO DE 0.75 LITROS,Unidad,4.0000,0.0000,4.0000,22.2158,88.86,65.8100,20.4600,2025-10-22 17:49:28.370000,,,,,,,2025-08-20,117,,2025-10-23 13:24:20,VIDEOJET TECHNOLOGIES INT.,Und,1,,,,C,COMPRA EXTERIOR,15.00,SI,,,0E-16,,0E-16,,0E-16,,
2026,2,8003 - REMISIONES GUAYAQUIL,CODIFICACION,VIDEOJET,FLUIDOS,,V7222-D,V7222-D,,,SOLVENTE DE CODIFICACION NO CONTROLADO,Unidad,133.0000,0.0000,133.0000,20.1628,2681.65,55.8900,18.4300,,,,,,,,2025-08-20,25,2026-01-31 19:17:57,2026-01-23 07:46:41,VIDEOJET TECHNOLOGIES INT.,Und,1,,,,A,,15.00,NO,,,0E-16,,0E-16,,0E-16,,
2026,2,2030 - BODEGA DISPONIBLE PARA LA VENTA GYE,CODIFICACION,VIDEOJET,FLUIDOS,,V7222-D,V7222-D,,,SOLVENTE DE CODIFICACION NO CONTROLADO,Unidad,54.0000,0.0000,54.0000,20.1628,1088.79,55.8900,18.4300,,145.0000,291.0000,,B1-P36-F1,B1-P36-F2,,2025-08-20,25,2026-02-10 06:38:44,2026-01-23 07:46:41,VIDEOJET TECHNOLOGIES INT.,Und,1,,,,A,,15.00,NO,,,0E-16,,0E-16,,0E-16,,
2026,2,1030 - BODEGA DISPONIBLE PARA LA VENTA UIO,CODIFICACION,VIDEOJET,FLUIDOS,,V7222-D,V7222-D,,,SOLVENTE DE CODIFICACION NO CONTROLADO,Unidad,19.0000,0.0000,19.0000,20.1628,383.09,55.8900,18.4300,,1.0000,3.0000,,P15-N04,,,2025-08-20,25,2026-02-03 09:27:35,2026-01-23 07:46:41,VIDEOJET TECHNOLOGIES INT.,Und,1,,,,B,,15.00,NO,,,0E-16,,0E-16,,0E-16,,
2026,2,2030 - BODEGA DISPONIBLE PARA LA VENTA GYE,CODIFICACION,VIDEOJET,FLUIDOS,,V7223-D,V7223-D (253554856EG),253554856EG,01/12/2027,MEK/METIL ETIL CETONA PQT (MEK CODIFICACION CONTROLADO) CARTUCHO DE 0.75 LITROS,Unidad,33.0000,0.0000,33.0000,17.1300,565.29,54.9500,17.1300,2026-02-04 15:26:01.197000,0.0000,1.0000,,B1-P07-F1,,,2025-08-20,12,,2026-02-05 11:12:34.263000,VIDEOJET TECHNOLOGIES INT.,Und,1,,,,C,,15.00,SI,,,0E-16,,0E-16,,0E-16,,
2026,2,8001 - TRANSFERENCIAS EN TRÁNSITO,CODIFICACION,VIDEOJET,FLUIDOS,,V7223-D,V7223-D (253554856EG),253554856EG,01/12/2027,MEK/METIL ETIL CETONA PQT (MEK CODIFICACION CONTROLADO) CARTUCHO DE 0.75 LITROS,Unidad,9.0000,0.0000,9.0000,17.1300,154.17,54.9500,17.1300,2026-02-04 15:26:01.197000,,,,,,,2025-08-20,12,,2026-02-05 11:12:34.263000,VIDEOJET TECHNOLOGIES INT.,Und,1,,,,C,,15.00,SI,,,0E-16,,0E-16,,0E-16,,
2026,2,8001 - TRANSFERENCIAS EN TRÁNSITO,CODIFICACION,VIDEOJET,FLUIDOS,,V7223-D,V7223-D (251362190DE),251362190DE,16/05/2027,MEK/METIL ETIL CETONA PQT (MEK CODIFICACION CONTROLADO) CARTUCHO DE 0.75 LITROS,Unidad,18.0000,0.0000,18.0000,17.1300,308.34,54.9500,17.1300,2026-02-04 15:26:01.243000,,,,,,,2025-08-20,12,,2026-02-05 11:12:34.263000,VIDEOJET TECHNOLOGIES INT.,Und,1,,,,C,,15.00,SI,,,0E-16,,0E-16,,0E-16,,
2026,2,8003 - REMISIONES GUAYAQUIL,CODIFICACION,VIDEOJET,FLUIDOS,,V7223-D,V7223-D (252042921eg),252042921eg,23/07/2027,MEK/METIL ETIL CETONA PQT (MEK CODIFICACION CONTROLADO) CARTUCHO DE 0.75 LITROS,Unidad,2.0000,0.0000,2.0000,18.4659,36.93,54.9500,17.1300,2025-09-23 15:32:07.453000,,,,,,,2025-08-20,146,,2025-09-24 11:52:43,VIDEOJET TECHNOLOGIES INT.,Und,1,,,,C,,15.00,SI,,,0E-16,,0E-16,,0E-16,,
2026,2,1128 - BEBIDAS ARCACONTINENTAL SANTO DOMINGO,CODIFICACION,VIDEOJET,FLUIDOS,,V7223-D,V7223-D (252042921eg),252042921eg,23/07/2027,MEK/METIL ETIL CETONA PQT (MEK CODIFICACION CONTROLADO) CARTUCHO DE 0.75 LITROS,Unidad,11.0000,0.0000,11.0000,18.4659,203.12,54.9500,17.1300,2025-09-23 15:32:07.453000,31.0000,62.0000,,,,,2025-08-20,146,,2025-09-24 11:52:43,VIDEOJET TECHNOLOGIES INT.,Und,1,,,,C,,15.00,SI,,,0E-16,,0E-16,,0E-16,,
2026,2,8002 - REMISIONES QUITO,CODIFICACION,VIDEOJET,FLUIDOS,,V7223-D,V7223-D (252042921eg),252042921eg,23/07/2027,MEK/METIL ETIL CETONA PQT (MEK CODIFICACION CONTROLADO) CARTUCHO DE 0.75 LITROS,Unidad,36.0000,0.0000,36.0000,18.4659,664.77,54.9500,17.1300,2025-09-23 15:32:07.453000,,,,,,,2025-08-20,146,,2025-09-24 11:52:43,VIDEOJET TECHNOLOGIES INT.,Und,1,,,,C,,15.00,SI,,,0E-16,,0E-16,,0E-16,,
2026,2,1127 - BEBIDAS ARCACONTINENTAL QUITO,CODIFICACION,VIDEOJET,FLUIDOS,,V7223-D,V7223-D (252042921eg),252042921eg,23/07/2027,MEK/METIL ETIL CETONA PQT (MEK CODIFICACION CONTROLADO) CARTUCHO DE 0.75 LITROS,Unidad,4.0000,0.0000,4.0000,18.4659,73.86,54.9500,17.1300,2025-09-23 15:32:07.453000,3.0000,5.0000,,,,,2025-08-20,146,,2025-09-24 11:52:43,VIDEOJET TECHNOLOGIES INT.,Und,1,,,,C,,15.00,SI,,,0E-16,,0E-16,,0E-16,,
2026,2,8002 - REMISIONES QUITO,CODIFICACION,VIDEOJET,FLUIDOS,,V7223-D,V7223-D (251702440EG),251702440EG,19/06/2027,MEK/METIL ETIL CETONA PQT (MEK CODIFICACION CONTROLADO) CARTUCHO DE 0.75 LITROS,Unidad,57.0000,0.0000,57.0000,19.5122,1112.20,54.9500,17.1300,2025-08-08 15:53:17.487000,,,,,,,2025-08-20,189,,2025-08-12 13:17:31,VIDEOJET TECHNOLOGIES INT.,Und,1,,,,C,,15.00,SI,,,0E-16,,0E-16,,0E-16,,
2026,2,1128 - BEBIDAS ARCACONTINENTAL SANTO DOMINGO,CODIFICACION,VIDEOJET,FLUIDOS,,V7223-D,V7223-D (251702440EG),251702440EG,19/06/2027,MEK/METIL ETIL CETONA PQT (MEK CODIFICACION CONTROLADO) CARTUCHO DE 0.75 LITROS,Unidad,4.0000,0.0000,4.0000,19.5122,78.05,54.9500,17.1300,2025-08-08 15:53:17.487000,31.0000,62.0000,,,,,2025-08-20,189,,2025-08-12 13:17:31,VIDEOJET TECHNOLOGIES INT.,Und,1,,,,C,,15.00,SI,,,0E-16,,0E-16,,0E-16,,
2026,2,8003 - REMISIONES GUAYAQUIL,CODIFICACION,VIDEOJET,FLUIDOS,,V7223-D,V7223-D (251702440EG),251702440EG,19/06/2027,MEK/METIL ETIL CETONA PQT (MEK CODIFICACION CONTROLADO) CARTUCHO DE 0.75 LITROS,Unidad,8.0000,0.0000,8.0000,19.5122,156.10,54.9500,17.1300,2025-08-08 15:53:17.487000,,,,,,,2025-08-20,189,,2025-08-12 13:17:31,VIDEOJET TECHNOLOGIES INT.,Und,1,,,,C,,15.00,SI,,,0E-16,,0E-16,,0E-16,,
2026,2,6005 - BAJA CONTROLADOS MDI,CODIFICACION,VIDEOJET,FLUIDOS,,V7223-D,V7223-D (223274899EG),223274899EG,23/11/2024,MEK/METIL ETIL CETONA PQT (MEK CODIFICACION CONTROLADO) CARTUCHO DE 0.75 LITROS,Unidad,4.0000,0.0000,4.0000,22.5360,90.14,54.9500,17.1300,2023-01-17 17:10:53.570000,,,,,,,2025-08-20,1054,,2023-03-31 06:50:09,VIDEOJET TECHNOLOGIES INT.,Und,1,,,,C,,15.00,SI,,,0E-16,,0E-16,,0E-16,,
2026,2,2050 - PRODUCTO NO CONFORME GYE,CODIFICACION,VIDEOJET,FLUIDOS,,V722-D,V722-D,,,SOLVENTE DE CODIFICACION NO CONTROLADO,Unidad,2.0000,0.0000,2.0000,19.4632,38.93,55.8900,18.4400,,,,,,,,2025-08-20,117,,2025-10-23 13:24:20,VIDEOJET TECHNOLOGIES INT.,Und,1,,,,B,,15.00,NO,,,0E-16,,0E-16,,0E-16,,
2026,2,2030 - BODEGA DISPONIBLE PARA LA VENTA GYE,CODIFICACION,VIDEOJET,FLUIDOS,,V722-D,V722-D,,,SOLVENTE DE CODIFICACION NO CONTROLADO,Unidad,32.0000,0.0000,32.0000,19.4632,622.82,55.8900,18.4400,,6.0000,11.0000,,B1-P20-F2,,,2025-08-20,117,2026-02-02 11:05:35,2025-10-23 13:24:20,VIDEOJET TECHNOLOGIES INT.,Und,1,,,,B,,15.00,NO,,,0E-16,,0E-16,,0E-16,,
2026,2,1030 - BODEGA DISPONIBLE PARA LA VENTA UIO,CODIFICACION,VIDEOJET,FLUIDOS,,V722-D,V722-D,,,SOLVENTE DE CODIFICACION NO CONTROLADO,Unidad,28.0000,0.0000,28.0000,19.4632,544.97,55.8900,18.4400,,,,,P12-N03,,,2025-08-20,117,2025-12-01 06:17:46,2025-10-23 13:24:20,VIDEOJET TECHNOLOGIES INT.,Und,1,,,,B,,15.00,NO,,,0E-16,,0E-16,,0E-16,,
2026,2,6005 - BAJA CONTROLADOS MDI,CODIFICACION,VIDEOJET,FLUIDOS,,V723-D,V723-D (221362167EG),221362167EG,16/05/2024,MEK/METIL ETIL CETONA PQT (MEK CODIFICACION CONTROLADO) CARTUCHO DE 0.75 LITROS,Unidad,31.0000,0.0000,31.0000,20.0489,621.52,54.9500,16.5600,2022-06-29 09:58:53.883000,,,,,,,2025-08-20,1299,,2022-07-29 09:26:19,VIDEOJET TECHNOLOGIES INT.,Und,1,,,,C,,15.00,SI,,,0E-16,,0E-16,,0E-16,,
2026,2,8003 - REMISIONES GUAYAQUIL,CODIFICACION,VIDEOJET,FLUIDOS,,V723-D,V723-D (241502372EG),241502372EG,29/05/2026,MEK/METIL ETIL CETONA PQT (MEK CODIFICACION CONTROLADO) CARTUCHO DE 0.75 LITROS,Unidad,1.0000,0.0000,1.0000,16.5600,16.56,54.9500,16.5600,2025-06-04 10:52:20.357000,,,,,,,2025-08-20,258,,2025-06-04 10:52:20,VIDEOJET TECHNOLOGIES INT.,Und,1,,,,C,,15.00,SI,,,0E-16,,0E-16,,0E-16,,
2026,2,1030 - BODEGA DISPONIBLE PARA LA VENTA UIO,CODIFICACION,VIDEOJET,FLUIDOS,,V730-D,V730-D,,,SOLVENTE DE CODIFICACION NO CONTROLADO,Unidad,3.0000,0.0000,3.0000,30.9610,92.88,74.3400,27.7900,,0.0000,0.0000,,P15-N04,,,2025-08-20,25,2026-01-07 14:46:41,2026-01-23 07:46:41,VIDEOJET TECHNOLOGIES INT.,Und,1,,,,B,,15.00,NO,,,0E-16,,0E-16,,0E-16,,
2026,2,2030 - BODEGA DISPONIBLE PARA LA VENTA GYE,CODIFICACION,VIDEOJET,FLUIDOS,,V730-D,V730-D,,,SOLVENTE DE CODIFICACION NO CONTROLADO,Unidad,6.0000,0.0000,6.0000,30.9610,185.77,74.3400,27.7900,,,,,B1-P25-F4,,,2025-08-20,25,2025-10-15 09:03:43,2026-01-23 07:46:41,VIDEOJET TECHNOLOGIES INT.,Und,1,,,,C,,15.00,NO,,,0E-16,,0E-16,,0E-16,,
2026,2,2030 - BODEGA DISPONIBLE PARA LA VENTA GYE,CODIFICACION,VIDEOJET,FLUIDOS,,V821-D,V821-D (242473677EG),242473677EG,03/09/2026,MEK/METIL ETIL CETONA PQT (MEK CODIFICACION CONTROLADO) CARTUCHO DE 0.75 LITROS,Unidad,3.0000,0.0000,3.0000,27.8150,83.45,63.6700,27.8000,2024-10-15 12:41:10.133000,,,,B1-P07-F2,,,2025-08-20,490,,2024-10-15 14:28:38,VIDEOJET TECHNOLOGIES INT.,Und,1,,,,C,,15.00,SI,,,0E-16,,0E-16,,0E-16,,
2026,2,2030 - BODEGA DISPONIBLE PARA LA VENTA GYE,CODIFICACION,VIDEOJET,FLUIDOS,,V821-D,V821-D (241562442EG),241562442EG,04/06/2026,MEK/METIL ETIL CETONA PQT (MEK CODIFICACION CONTROLADO) CARTUCHO DE 0.75 LITROS,Unidad,10.0000,0.0000,10.0000,31.0359,310.36,63.6700,27.8000,2024-07-25 12:35:32.707000,,,,B1-P07-F2,,,2025-08-20,387,,2025-01-26 23:38:24,VIDEOJET TECHNOLOGIES INT.,Und,1,,,,C,,15.00,SI,,,0E-16,,0E-16,,0E-16,,
2026,2,2030 - BODEGA DISPONIBLE PARA LA VENTA GYE,CODIFICACION,VIDEOJET,FLUIDOS,,V821-D,V821-D (243264877EG),243264877EG,21/11/2026,MEK/METIL ETIL CETONA PQT (MEK CODIFICACION CONTROLADO) CARTUCHO DE 0.75 LITROS,Unidad,36.0000,0.0000,36.0000,29.7131,1069.67,63.6700,27.8000,2025-01-22 22:39:16.943000,,,,B1-P07-F2,,,2025-08-20,354,,2025-02-28 06:59:00,VIDEOJET TECHNOLOGIES INT.,Und,1,,,,C,,15.00,SI,,,0E-16,,0E-16,,0E-16,,
2026,2,2030 - BODEGA DISPONIBLE PARA LA VENTA GYE,CODIFICACION,VIDEOJET,FLUIDOS,,V821-D,V821-D (242714068EG),242714068EG,27/09/2026,MEK/METIL ETIL CETONA PQT (MEK CODIFICACION CONTROLADO) CARTUCHO DE 0.75 LITROS,Unidad,18.0000,0.0000,18.0000,30.0547,540.98,63.6700,27.8000,2024-11-15 15:46:44.827000,,,,B1-P07-F2,,,2025-08-20,456,,2024-11-18 12:26:53,VIDEOJET TECHNOLOGIES INT.,Und,1,,,,C,,15.00,SI,,,0E-16,,0E-16,,0E-16,,
2026,2,1113 - THE TESALIA SPRINGS COMPANY S.A. MACHACHI,CODIFICACION,VIDEOJET,FLUIDOS,,V821-D,V821-D (241352140EG),241352140EG,14/05/2026,MEK/METIL ETIL CETONA PQT (MEK CODIFICACION CONTROLADO) CARTUCHO DE 0.75 LITROS,Unidad,3.0000,0.0000,3.0000,29.5639,88.69,63.6700,27.8000,2024-07-15 16:32:45.630000,9.0000,17.0000,,,,,2025-08-20,581,,2024-07-16 06:37:11,VIDEOJET TECHNOLOGIES INT.,Und,1,,,,C,,15.00,SI,,,0E-16,,0E-16,,0E-16,,
2026,2,1113 - THE TESALIA SPRINGS COMPANY S.A. MACHACHI,CODIFICACION,VIDEOJET,FLUIDOS,,V821-D,V821-D (233394996EG),233394996EG,05/12/2025,MEK/METIL ETIL CETONA PQT (MEK CODIFICACION CONTROLADO) CARTUCHO DE 0.75 LITROS,Unidad,3.0000,0.0000,3.0000,28.2725,84.82,63.6700,27.8000,2024-01-29 13:08:26.030000,9.0000,17.0000,,,,,2025-08-20,749,,2024-01-30 10:09:41,VIDEOJET TECHNOLOGIES INT.,Und,1,,,,C,,15.00,SI,,,0E-16,,0E-16,,0E-16,,
2026,2,8003 - REMISIONES GUAYAQUIL,CODIFICACION,VIDEOJET,FLUIDOS,,V822-D,V822-D,,,SOLVENTE DE CODIFICACION NO CONTROLADO,Unidad,1.0000,0.0000,1.0000,32.8373,32.84,52.7200,30.0800,,,,,,,,2025-08-20,48,2023-04-30 00:49:16,2025-12-31 12:59:21,VIDEOJET TECHNOLOGIES INT.,Und,1,,,,A,,15.00,NO,,,0E-16,,0E-16,,0E-16,,
2026,2,2030 - BODEGA DISPONIBLE PARA LA VENTA GYE,CODIFICACION,VIDEOJET,FLUIDOS,,V822-D,V822-D,,,SOLVENTE DE CODIFICACION NO CONTROLADO,Unidad,20.0000,0.0000,20.0000,32.8373,656.75,52.7200,30.0800,,0.0000,0.0000,,B1-P23-F3,,,2025-08-20,48,2026-01-21 04:34:45,2025-12-31 12:59:21,VIDEOJET TECHNOLOGIES INT.,Und,1,,,,B,,15.00,NO,,,0E-16,,0E-16,,0E-16,,
2026,2,1030 - BODEGA DISPONIBLE PARA LA VENTA UIO,CODIFICACION,VIDEOJET,FLUIDOS,,V822-D,V822-D,,,SOLVENTE DE CODIFICACION NO CONTROLADO,Unidad,50.0000,0.0000,50.0000,32.8373,1641.87,52.7200,30.0800,,,,,P11-N03,,,2025-08-20,48,2026-01-23 08:22:24,2025-12-31 12:59:21,VIDEOJET TECHNOLOGIES INT.,Und,1,,,,A,,15.00,NO,,,0E-16,,0E-16,,0E-16,,
2026,2,2030 - BODEGA DISPONIBLE PARA LA VENTA GYE,CODIFICACION,VIDEOJET,FLUIDOS,,V827-D,V827-D,,,SOLVENTE DE CODIFICACION NO CONTROLADO,Unidad,27.0000,0.0000,27.0000,32.9098,888.56,67.2400,30.3600,,5.0000,9.0000,,B1-P35-F2,B1-P35-F3,,2025-08-20,25,2026-02-11 15:22:58,2026-01-23 07:46:41,VIDEOJET TECHNOLOGIES INT.,Und,1,,,,A,,15.00,NO,,,0E-16,,0E-16,,0E-16,,
2026,2,4030 - BODEGA DISPONIBLE PARA LA VENTA MANTA,CODIFICACION,VIDEOJET,FLUIDOS,,V827-D,V827-D,,,SOLVENTE DE CODIFICACION NO CONTROLADO,Unidad,6.0000,0.0000,6.0000,32.9098,197.46,67.2400,30.3600,,0.0000,0.0000,,,,,2025-08-20,25,2025-01-10 14:22:01,2026-01-23 07:46:41,VIDEOJET TECHNOLOGIES INT.,Und,1,,,,C,,15.00,NO,,,0E-16,,0E-16,,0E-16,,
2026,2,8003 - REMISIONES GUAYAQUIL,CODIFICACION,VIDEOJET,FLUIDOS,,V840-D,V840-D (241352133EG),241352133EG,14/05/2026,MEK/METIL ETIL CETONA PQT (MEK CODIFICACION CONTROLADO) CARTUCHO DE 0.75 LITROS,Unidad,1.0000,0.0000,1.0000,21.1663,21.17,47.5900,20.7100,2024-07-15 16:32:45.550000,,,,,,,2025-08-20,581,,2024-07-16 06:37:11,VIDEOJET TECHNOLOGIES INT.,Und,1,,,,C,,15.00,SI,,,0E-16,,0E-16,,0E-16,,
2026,2,6005 - BAJA CONTROLADOS MDI,CODIFICACION,VIDEOJET,FLUIDOS,,V840-D,V840-D (231872656EG),231872656EG,06/07/2025,MEK/METIL ETIL CETONA PQT (MEK CODIFICACION CONTROLADO) CARTUCHO DE 0.75 LITROS,Unidad,1.0000,0.0000,1.0000,20.5750,20.58,47.5900,20.7100,2023-09-11 14:37:52.693000,,,,,,,2025-08-20,846,,2023-10-25 10:50:55,VIDEOJET TECHNOLOGIES INT.,Und,1,,,,C,,15.00,SI,,,0E-16,,0E-16,,0E-16,,
2026,2,6005 - BAJA CONTROLADOS MDI,CODIFICACION,VIDEOJET,FLUIDOS,,V840-D,V840-D (232363398EG),232363398EG,24/08/2025,MEK/METIL ETIL CETONA PQT (MEK CODIFICACION CONTROLADO) CARTUCHO DE 0.75 LITROS,Unidad,1.0000,0.0000,1.0000,20.5944,20.59,47.5900,20.7100,2023-10-19 10:22:22.810000,,,,,,,2025-08-20,823,,2023-11-17 07:23:22,VIDEOJET TECHNOLOGIES INT.,Und,1,,,,C,,15.00,SI,,,0E-16,,0E-16,,0E-16,,
2026,2,1118 - OLYMPIC JUICE OLYJUICE CIA. LTDA.,CODIFICACION,VIDEOJET,FLUIDOS,,V840-D,V840-D (242694027EG),242694027EG,25/09/2026,MEK/METIL ETIL CETONA PQT (MEK CODIFICACION CONTROLADO) CARTUCHO DE 0.75 LITROS,Unidad,1.0000,0.0000,1.0000,21.8419,21.84,47.5900,20.7100,2024-11-15 15:46:44.763000,1.0000,1.0000,,,,,2025-08-20,383,,2025-01-30 05:29:03,VIDEOJET TECHNOLOGIES INT.,Und,1,,,,C,,15.00,SI,,,0E-16,,0E-16,,0E-16,,
2026,2,2030 - BODEGA DISPONIBLE PARA LA VENTA GYE,CODIFICACION,VIDEOJET,FLUIDOS,,V840-D,V840-D (250350478EG),250350478EG,04/02/2027,MEK/METIL ETIL CETONA PQT (MEK CODIFICACION CONTROLADO) CARTUCHO DE 0.75 LITROS,Unidad,36.0000,0.0000,36.0000,22.2550,801.18,47.5900,20.7100,2025-03-25 16:14:08.273000,0.0000,0.0000,,B1-P07-F2,B1-P07-F3,,2025-08-20,293,,2025-04-30 07:04:12,VIDEOJET TECHNOLOGIES INT.,Und,1,,,,C,,15.00,SI,,,0E-16,,0E-16,,0E-16,,
2026,2,2030 - BODEGA DISPONIBLE PARA LA VENTA GYE,CODIFICACION,VIDEOJET,FLUIDOS,,V840-D,V840-D (243415022EG),243415022EG,06/12/2026,MEK/METIL ETIL CETONA PQT (MEK CODIFICACION CONTROLADO) CARTUCHO DE 0.75 LITROS,Unidad,52.0000,0.0000,52.0000,23.4415,1218.96,47.5900,20.7100,2025-01-24 16:18:03.113000,0.0000,0.0000,,B1-P07-F2,B1-P07-F3,,2025-08-20,354,,2025-02-28 06:59:00,VIDEOJET TECHNOLOGIES INT.,Und,1,,,,C,,15.00,SI,,,0E-16,,0E-16,,0E-16,,
2026,2,2030 - BODEGA DISPONIBLE PARA LA VENTA GYE,CODIFICACION,VIDEOJET,FLUIDOS,,V840-D,V840-D (242694027EG),242694027EG,25/09/2026,MEK/METIL ETIL CETONA PQT (MEK CODIFICACION CONTROLADO) CARTUCHO DE 0.75 LITROS,Unidad,27.0000,0.0000,27.0000,21.8419,589.73,47.5900,20.7100,2024-11-15 15:46:44.763000,0.0000,0.0000,,B1-P07-F2,B1-P07-F3,,2025-08-20,383,2024-12-31 10:09:26,2025-01-30 05:29:03,VIDEOJET TECHNOLOGIES INT.,Und,1,,,,C,,15.00,SI,,,0E-16,,0E-16,,0E-16,,
2026,2,1030 - BODEGA DISPONIBLE PARA LA VENTA UIO,CODIFICACION,VIDEOJET,FLUIDOS,,V840-D,V840-D (242694027EG),242694027EG,25/09/2026,MEK/METIL ETIL CETONA PQT (MEK CODIFICACION CONTROLADO) CARTUCHO DE 0.75 LITROS,Unidad,1.0000,0.0000,1.0000,21.8419,21.84,47.5900,20.7100,2024-11-15 15:46:44.763000,,,,P09-N03,,,2025-08-20,383,,2025-01-30 05:29:03,VIDEOJET TECHNOLOGIES INT.,Und,1,,,,C,,15.00,SI,,,0E-16,,0E-16,,0E-16,,
2026,2,1030 - BODEGA DISPONIBLE PARA LA VENTA UIO,CODIFICACION,VIDEOJET,FLUIDOS,,V851-R,V851-R,,,SOLVENTE DE CODIFICACION NO CONTROLADO,Unidad,14.0000,0.0000,14.0000,24.9369,349.12,57.5900,23.2100,,5.0000,9.0000,,P12-N03,,,2025-08-20,48,2026-01-22 15:13:12,2025-12-31 12:59:21,VIDEOJET TECHNOLOGIES INT.,Und,1,,,,A,,15.00,NO,,,0E-16,,0E-16,,0E-16,,
2026,2,2030 - BODEGA DISPONIBLE PARA LA VENTA GYE,CODIFICACION,VIDEOJET,FLUIDOS,,V851-R,V851-R,,,SOLVENTE DE CODIFICACION NO CONTROLADO,Unidad,34.0000,0.0000,34.0000,24.9369,847.85,57.5900,23.2100,,1.0000,1.0000,,B1-P24-F1,,,2025-08-20,48,2026-01-19 13:51:44,2025-12-31 12:59:21,VIDEOJET TECHNOLOGIES INT.,Und,1,,,,B,,15.00,NO,,,0E-16,,0E-16,,0E-16,,
2026,2,8003 - REMISIONES GUAYAQUIL,CODIFICACION,VIDEOJET,FLUIDOS,,V851-R,V851-R,,,SOLVENTE DE CODIFICACION NO CONTROLADO,Unidad,2.0000,0.0000,2.0000,24.9369,49.87,57.5900,23.2100,,,,,,,,2025-08-20,48,2022-07-31 11:33:39,2025-12-31 12:59:21,VIDEOJET TECHNOLOGIES INT.,Und,1,,,,A,,15.00,NO,,,0E-16,,0E-16,,0E-16,,
2026,2,8002 - REMISIONES QUITO,CODIFICACION,VIDEOJET,FLUIDOS,,V851-R,V851-R,,,SOLVENTE DE CODIFICACION NO CONTROLADO,Unidad,1.0000,0.0000,1.0000,24.9369,24.94,57.5900,23.2100,,,,,,,,2025-08-20,48,,2025-12-31 12:59:21,VIDEOJET TECHNOLOGIES INT.,Und,1,,,,A,,15.00,NO,,,0E-16,,0E-16,,0E-16,,
2026,2,2050 - PRODUCTO NO CONFORME GYE,CODIFICACION,VIDEOJET,FLUIDOS,,V851-R,V851-R,,,SOLVENTE DE CODIFICACION NO CONTROLADO,Unidad,3.0000,0.0000,3.0000,24.9369,74.81,57.5900,23.2100,,,,,,,,2025-08-20,48,,2025-12-31 12:59:21,VIDEOJET TECHNOLOGIES INT.,Und,1,,,,A,,15.00,NO,,,0E-16,,0E-16,,0E-16,,
2026,2,2030 - BODEGA DISPONIBLE PARA LA VENTA GYE,CODIFICACION,VIDEOJET,FLUIDOS,,V904-Q,V904-Q,,,ACETONA (SOLVENTE DE LIMPIEZA NO CONTROLADO),Unidad,6.0000,0.0000,6.0000,16.6083,99.65,38.4700,15.4000,,,,,B1-P24-F6,,,2025-08-20,48,2022-12-16 13:37:36,2025-12-31 12:59:21,VIDEOJET TECHNOLOGIES INT.,Und,1,,,,C,,15.00,NO,,,0E-16,,0E-16,,0E-16,,
2026,2,1030 - BODEGA DISPONIBLE PARA LA VENTA UIO,CODIFICACION,VIDEOJET,FLUIDOS,,V904-Q,V904-Q,,,ACETONA (SOLVENTE DE LIMPIEZA NO CONTROLADO),Unidad,13.0000,0.0000,13.0000,16.6083,215.91,38.4700,15.4000,,,,,P18-N03,,,2025-08-20,48,2026-01-21 07:35:25,2025-12-31 12:59:21,VIDEOJET TECHNOLOGIES INT.,Und,1,,,,A,,15.00,NO,,,0E-16,,0E-16,,0E-16,,
2026,2,2030 - BODEGA DISPONIBLE PARA LA VENTA GYE,CODIFICACION,VIDEOJET,FLUIDOS,,V905-Q,V905-Q,,,SOLUCION DE LIMPIEZA NO CONTROLADA,Unidad,1.0000,0.0000,1.0000,15.7233,15.72,33.6900,14.7400,,0.0000,0.0000,,B1-P38-F1,,,2025-08-20,413,2025-10-06 13:12:18,2024-12-31 15:42:24,VIDEOJET TECHNOLOGIES INT.,Und,1,,,,C,,15.00,NO,,,0E-16,,0E-16,,0E-16,,
2026,2,2030 - BODEGA DISPONIBLE PARA LA VENTA GYE,CODIFICACION,VIDEOJET,FLUIDOS,,V909-Q,V909-Q,,,SOLUCION DE LIMPIEZA NO CONTROLADA,Unidad,1.0000,0.0000,1.0000,17.0661,17.07,38.4700,16.1200,,,,,B1-P34-F1,,,2025-08-20,117,2026-02-11 06:29:16,2025-10-23 13:24:20,VIDEOJET TECHNOLOGIES INT.,Und,1,,,,B,,15.00,NO,,,0E-16,,0E-16,,0E-16,,
2026,2,2030 - BODEGA DISPONIBLE PARA LA VENTA GYE,CODIFICACION,VIDEOJET,FLUIDOS,,V910-Q,V910-Q,,,SOLUCION DE LIMPIEZA NO CONTROLADA,Unidad,3.0000,0.0000,3.0000,16.6391,49.92,44.8900,15.3500,,,,,B1-P38-F2,,,2025-08-20,25,2026-01-13 05:02:01,2026-01-23 07:46:41,VIDEOJET TECHNOLOGIES INT.,Und,1,,,,B,,15.00,NO,,,0E-16,,0E-16,,0E-16,,
2026,2,1030 - BODEGA DISPONIBLE PARA LA VENTA UIO,CODIFICACION,VIDEOJET,FLUIDOS,,V910-Q,V910-Q,,,SOLUCION DE LIMPIEZA NO CONTROLADA,Unidad,10.0000,0.0000,10.0000,16.6391,166.39,44.8900,15.3500,,2.0000,4.0000,,P18-N03,,,2025-08-20,25,2026-02-11 07:22:02,2026-01-23 07:46:41,VIDEOJET TECHNOLOGIES INT.,Und,1,,,,B,,15.00,NO,,,0E-16,,0E-16,,0E-16,,
2026,2,8002 - REMISIONES QUITO,CODIFICACION,VIDEOJET,FLUIDOS,,V910-Q,V910-Q,,,SOLUCION DE LIMPIEZA NO CONTROLADA,Unidad,2.0000,0.0000,2.0000,16.6391,33.28,44.8900,15.3500,,,,,,,,2025-08-20,25,2025-09-16 08:06:32,2026-01-23 07:46:41,VIDEOJET TECHNOLOGIES INT.,Und,1,,,,B,,15.00,NO,,,0E-16,,0E-16,,0E-16,,
2026,2,2030 - BODEGA DISPONIBLE PARA LA VENTA GYE,CODIFICACION,VIDEOJET,FLUIDOS,,V912-Q,V912-Q,,,SOLUCION DE LIMPIEZA NO CONTROLADA,Unidad,30.0000,0.0000,30.0000,17.0531,511.59,38.4700,16.3700,,,,,B1-P29-F1,,,2025-08-20,117,2026-01-16 04:54:15,2025-10-23 13:24:20,VIDEOJET TECHNOLOGIES INT.,Und,1,,,,B,,15.00,NO,,,0E-16,,0E-16,,0E-16,,
2026,2,1030 - BODEGA DISPONIBLE PARA LA VENTA UIO,CODIFICACION,VIDEOJET,FLUIDOS,,V915-Q,V915-Q,,,SOLUCION DE LIMPIEZA NO CONTROLADA,Unidad,89.0000,0.0000,89.0000,15.1996,1352.76,38.4700,13.8600,,30.0000,60.0000,12345,P17-N03,,,2025-08-20,25,2026-02-12 08:44:18,2026-01-23 07:46:41,VIDEOJET TECHNOLOGIES INT.,Und,1,,,,A,,15.00,NO,PO2303 no arribaron/PRESTAMO PROPEMAR DEV EQUIPO,,0E-16,,0E-16,,0E-16,,
2026,2,2030 - BODEGA DISPONIBLE PARA LA VENTA GYE,CODIFICACION,VIDEOJET,FLUIDOS,,V915-Q,V915-Q,,,SOLUCION DE LIMPIEZA NO CONTROLADA,Unidad,54.0000,0.0000,54.0000,15.1996,820.78,38.4700,13.8600,,45.0000,91.0000,12345,B1-P26-F2,B1-P37-F1,,2025-08-20,25,2026-02-13 15:03:40,2026-01-23 07:46:41,VIDEOJET TECHNOLOGIES INT.,Und,1,,,,A,,15.00,NO,PO2303 no arribaron/PRESTAMO PROPEMAR DEV EQUIPO,,0E-16,,0E-16,,0E-16,,
2026,2,8004 - REMISIONES MANTA,CODIFICACION,VIDEOJET,FLUIDOS,,V915-Q,V915-Q,,,SOLUCION DE LIMPIEZA NO CONTROLADA,Unidad,1.0000,0.0000,1.0000,15.1996,15.20,38.4700,13.8600,,,,12345,,,,2025-08-20,25,2024-07-31 06:56:57,2026-01-23 07:46:41,VIDEOJET TECHNOLOGIES INT.,Und,1,,,,A,,15.00,NO,PO2303 no arribaron/PRESTAMO PROPEMAR DEV EQUIPO,,0E-16,,0E-16,,0E-16,,
2026,2,8002 - REMISIONES QUITO,CODIFICACION,VIDEOJET,FLUIDOS,,V915-Q,V915-Q,,,SOLUCION DE LIMPIEZA NO CONTROLADA,Unidad,19.0000,0.0000,19.0000,15.1996,288.79,38.4700,13.8600,,,,12345,,,,2025-08-20,25,2026-02-09 05:08:10,2026-01-23 07:46:41,VIDEOJET TECHNOLOGIES INT.,Und,1,,,,A,,15.00,NO,PO2303 no arribaron/PRESTAMO PROPEMAR DEV EQUIPO,,0E-16,,0E-16,,0E-16,,
2026,2,8003 - REMISIONES GUAYAQUIL,CODIFICACION,VIDEOJET,FLUIDOS,,V915-Q,V915-Q,,,SOLUCION DE LIMPIEZA NO CONTROLADA,Unidad,42.0000,0.0000,42.0000,15.1996,638.38,38.4700,13.8600,,,,12345,,,,2025-08-20,25,2026-01-31 19:17:57,2026-01-23 07:46:41,VIDEOJET TECHNOLOGIES INT.,Und,1,,,,A,,15.00,NO,PO2303 no arribaron/PRESTAMO PROPEMAR DEV EQUIPO,,0E-16,,0E-16,,0E-16,,
2026,2,4030 - BODEGA DISPONIBLE PARA LA VENTA MANTA,CODIFICACION,VIDEOJET,FLUIDOS,,V915-Q,V915-Q,,,SOLUCION DE LIMPIEZA NO CONTROLADA,Unidad,3.0000,0.0000,3.0000,15.1996,45.60,38.4700,13.8600,,,,12345,,,,2025-08-20,25,2025-12-16 04:34:07,2026-01-23 07:46:41,VIDEOJET TECHNOLOGIES INT.,Und,1,,,,C,,15.00,NO,PO2303 no arribaron/PRESTAMO PROPEMAR DEV EQUIPO,,0E-16,,0E-16,,0E-16,,
2026,2,2030 - BODEGA DISPONIBLE PARA LA VENTA GYE,CODIFICACION,COGNEX,REPUESTOS,,CCB-PWRIO-05,CCB-PWRIO-05,,,"Cable de alimentación e E/S, M12-12 (longitud de 5 M)",Unidad,1.0000,0.0000,1.0000,167.7050,167.71,191.1000,147.0000,,1.0000,2.0000,,B1-P54-F5,,,2025-01-16,179,2025-04-11 05:59:00,2025-08-22 10:04:31,COGNEX CORPORATION,Und,1,,,,C,COMPRA EXTERIOR,15.00,NO,,,0E-16,,0E-16,,0E-16,,
2026,2,1021 - MALETÍN TÉCNICOS UIO,CODIFICACION,COGNEX,REPUESTOS,,IS2000M-130-40-125,IS2000M-130-40-125,,,"IS2000M-130, MONOPREMIUM WHITE STDLENS",Unidad,1.0000,0.0000,1.0000,1882.8480,1882.85,2635.9800,1882.8500,,,,,TALLER CODIFICACION,,,2025-01-16,2392,,2019-08-01 00:00:00,CORPORACION DE REPRESENTACIONES Y SERVICIOS TECNICOS COREPTEC S.A.,Und,1,,,,,,15.00,NO,,,0E-16,,0E-16,,0E-16,,
2026,2,1030 - BODEGA DISPONIBLE PARA LA VENTA UIO,CODIFICACION,KETAN,REPUESTOS,,HGW-20-CA,HGW-20-CA,,,Carro lineal HGW-20-CA,Unidad,2.0000,0.0000,2.0000,233.0700,466.14,393.5900,170.0000,,,,,P39-N05,,,2025-01-16,890,2022-05-19 17:10:52,2023-09-11 09:18:19,CORPORACION DE REPRESENTACIONES Y SERVICIOS TECNICOS COREPTEC S.A.,Und,1,,,,C,,15.00,NO,,,0E-16,,0E-16,,0E-16,,
2026,2,1030 - BODEGA DISPONIBLE PARA LA VENTA UIO,CODIFICACION,KETAN,REPUESTOS,,K750H-KDXY-X,K750H-KDXY-X,,,Correa dentada eje X 750H,Unidad,1.0000,0.0000,1.0000,117.3200,117.32,232.8100,97.0000,,,,,P39-N03,,,2025-01-16,82,,2025-11-27 18:54:49,CORPORACION DE REPRESENTACIONES Y SERVICIOS TECNICOS COREPTEC S.A.,Und,1,,,,C,,15.00,NO,,,0E-16,,0E-16,,0E-16,,
2026,2,1030 - BODEGA DISPONIBLE PARA LA VENTA UIO,CODIFICACION,KETAN,REPUESTOS,,K750H-KDXY-Y,K750H-KDXY-Y,,,Correa dentada eje Y 750H,Unidad,1.0000,0.0000,1.0000,117.3200,117.32,232.8100,97.0000,,,,,P39-N03,,,2025-01-16,82,,2025-11-27 18:54:49,CORPORACION DE REPRESENTACIONES Y SERVICIOS TECNICOS COREPTEC S.A.,Und,1,,,,C,,15.00,NO,,,0E-16,,0E-16,,0E-16,,
2026,2,2030 - BODEGA DISPONIBLE PARA LA VENTA GYE,CODIFICACION,KETAN,REPUESTOS,,KCONT-KD01,KCONT-KD01,,,KD-XY CONTROLLER EPOXY PAINTED STEEL X INTERNAL DRIVER,Unidad,1.0000,0.0000,1.0000,979.9500,979.95,2035.1900,850.0000,,,,,B1-P54-F4,,,2025-01-16,876,,2023-09-25 13:11:58,CORPORACION DE REPRESENTACIONES Y SERVICIOS TECNICOS COREPTEC S.A.,Und,1,,,,C,,15.00,NO,,,0E-16,,0E-16,,0E-16,,
2026,2,2030 - BODEGA DISPONIBLE PARA LA VENTA GYE,CODIFICACION,KETAN,REPUESTOS,,KD-XY-CONT,KD-XY-CONT,,,KD-XY Controller epoxy painted steel XY external driver,Unidad,1.0000,0.0000,1.0000,879.0350,879.04,2035.1900,879.0400,,,,,B1-P54-F4,,,2025-01-16,2379,,2019-08-14 00:00:00,CORPORACION DE REPRESENTACIONES Y SERVICIOS TECNICOS COREPTEC S.A.,Und,1,,,,C,,15.00,NO,,,0E-16,,0E-16,,0E-16,,
2026,2,1030 - BODEGA DISPONIBLE PARA LA VENTA UIO,CODIFICACION,KETAN,REPUESTOS,,KD-XY-CONT,KD-XY-CONT,,,KD-XY Controller epoxy painted steel XY external driver,Unidad,1.0000,0.0000,1.0000,879.0350,879.04,2035.1900,879.0400,,,,,P39-N05,,,2025-01-16,2379,,2019-08-14 00:00:00,CORPORACION DE REPRESENTACIONES Y SERVICIOS TECNICOS COREPTEC S.A.,Und,1,,,,C,,15.00,NO,,,0E-16,,0E-16,,0E-16,,
2026,2,2030 - BODEGA DISPONIBLE PARA LA VENTA GYE,CODIFICACION,WUHAN,MÁQUINAS,,OP1,OP1,,,Feeder conveyor Conveyor Dimension:1500 x 300 x750 Height adjustable: +/- 5,Unidad,4.0000,0.0000,4.0000,1408.3811,5633.52,2788.5600,1408.3800,,,,,B2-P01-F1,,,2022-08-02,1798,2024-10-02 11:32:26,2021-03-17 00:00:00,CORPORACION DE REPRESENTACIONES Y SERVICIOS TECNICOS COREPTEC S.A.,Und,1,,,,C,,15.00,NO,,,0E-16,,0E-16,,0E-16,,
2026,2,1031 - BODEGA EQUIPOS USADOS  OPERATIVOS UIO,CODIFICACION,WUHAN,MÁQUINAS,,OP1,OP1,,,Feeder conveyor Conveyor Dimension:1500 x 300 x750 Height adjustable: +/- 5,Unidad,1.0000,0.0000,1.0000,1408.3811,1408.38,2788.5600,1408.3800,,0.0000,0.0000,,ZONA 1031,,,2022-08-02,1798,,2021-03-17 00:00:00,CORPORACION DE REPRESENTACIONES Y SERVICIOS TECNICOS COREPTEC S.A.,Und,1,,,,,,15.00,NO,,,0E-16,,0E-16,,0E-16,,
2026,2,2025 - TALLER INOPERATIVO GYE,CODIFICACION,WUHAN,MÁQUINAS,,OP1,OP1,,,Feeder conveyor Conveyor Dimension:1500 x 300 x750 Height adjustable: +/- 5,Unidad,2.0000,0.0000,2.0000,1408.3811,2816.76,2788.5600,1408.3800,,,,,,,,2022-08-02,1798,,2021-03-17 00:00:00,CORPORACION DE REPRESENTACIONES Y SERVICIOS TECNICOS COREPTEC S.A.,Und,1,,,,,,15.00,NO,,,0E-16,,0E-16,,0E-16,,
2026,2,2030 - BODEGA DISPONIBLE PARA LA VENTA GYE,CODIFICACION,WUHAN,REPUESTOS,,OP10002,OP10002,,,Granule White Belt,Unidad,5.0000,0.0000,5.0000,27.6767,138.38,44.1000,21.0000,,0.0000,0.0000,,B1-P60-F5,,,2025-01-16,743,2024-03-13 11:02:18,2024-02-05 05:46:09,CORPORACION DE REPRESENTACIONES Y SERVICIOS TECNICOS COREPTEC S.A.,Und,1,,,,C,,15.00,NO,,,0E-16,,0E-16,,0E-16,,
2026,2,1030 - BODEGA DISPONIBLE PARA LA VENTA UIO,CODIFICACION,WUHAN,REPUESTOS,,OP10002,OP10002,,,Granule White Belt,Unidad,9.0000,0.0000,9.0000,27.6767,249.09,44.1000,21.0000,,,,,P40-N05,,,2025-01-16,743,2025-09-18 17:05:12,2024-02-05 05:46:09,CORPORACION DE REPRESENTACIONES Y SERVICIOS TECNICOS COREPTEC S.A.,Und,1,,,,C,,15.00,NO,,,0E-16,,0E-16,,0E-16,,
2026,2,2030 - BODEGA DISPONIBLE PARA LA VENTA GYE,CODIFICACION,WUHAN,REPUESTOS,,OP10007,OP10007,,,Bearing 1202,Unidad,12.0000,0.0000,12.0000,5.7126,68.55,9.4500,4.3000,,3.0000,7.0000,,B1-P54-F4,,,2025-01-16,89,,2025-11-20 09:58:10,CORPORACION DE REPRESENTACIONES Y SERVICIOS TECNICOS COREPTEC S.A.,Und,1,,,,C,,15.00,NO,,,0E-16,,0E-16,,0E-16,,
2026,2,2030 - BODEGA DISPONIBLE PARA LA VENTA GYE,CODIFICACION,VIDEOJET,ACCESORIOS,,101030,101030,,,BASE DE ENCODER NACIONAL,Unidad,3.0000,0.0000,3.0000,176.4000,529.20,288.6900,176.4000,,1.0000,1.0000,,B1-P59-F3,,,2025-01-16,26,2024-12-11 11:18:06,2026-01-22 10:58:41.973000,CORPORACION DE REPRESENTACIONES Y SERVICIOS TECNICOS COREPTEC S.A.,Und,1,,,,C,,15.00,NO,,,0E-16,,0E-16,,0E-16,,
2026,2,1030 - BODEGA DISPONIBLE PARA LA VENTA UIO,CODIFICACION,VIDEOJET,ACCESORIOS,,101030,101030,,,BASE DE ENCODER NACIONAL,Unidad,2.0000,0.0000,2.0000,176.4000,352.80,288.6900,176.4000,,,,,P35-N06,,,2025-01-16,26,2025-12-18 14:54:17,2026-01-22 10:58:41.973000,CORPORACION DE REPRESENTACIONES Y SERVICIOS TECNICOS COREPTEC S.A.,Und,1,,,,C,,15.00,NO,,,0E-16,,0E-16,,0E-16,,
2026,2,2030 - BODEGA DISPONIBLE PARA LA VENTA GYE,CODIFICACION,VIDEOJET,MÁQUINAS,,S1280-00-572S-0100,S1280-00-572S-0100 (24338003C56ZH),24338003C56ZH,,"VJ1280 STD, WORLD, IP55, 70 MICRON, 2M STRAIGHT",Unidad,1.0000,0.0000,1.0000,3729.5200,3729.52,0.0100,3760.6800,2025-02-20 10:34:26.280000,2.0000,4.0000,,,,,2021-07-22,358,,2025-02-24 07:57:05,,Und,1,,,,,,15.00,NO,,,0E-16,,0E-16,,0E-16,,
2026,2,2025 - TALLER INOPERATIVO GYE,CODIFICACION,VIDEOJET,MÁQUINAS,,S1280-00-572S-0100,S1280-00-572S-0100 (25237002C56ZH),25237002C56ZH,,"VJ1280 STD, WORLD, IP55, 70 MICRON, 2M STRAIGHT",Unidad,1.0000,0.0000,1.0000,4204.5000,4204.50,0.0100,3760.6800,2025-10-07 17:04:28.090000,,,,,,,2021-07-22,124,,2025-10-16 12:09:44,,Und,1,,,,,,15.00,NO,,,0E-16,,0E-16,,0E-16,,
2026,2,2020 - TALLER OPERATIVO GYE,CODIFICACION,VIDEOJET,MÁQUINAS,,S1280-00-572S-0100,S1280-00-572S-0100 (25237003C56ZH),25237003C56ZH,,"VJ1280 STD, WORLD, IP55, 70 MICRON, 2M STRAIGHT",Unidad,1.0000,0.0000,1.0000,4204.5000,4204.50,0.0100,3760.6800,2025-10-07 17:04:28.097000,,,,,,,2021-07-22,124,,2025-10-16 12:09:44,,Und,1,,,,,,15.00,NO,,,0E-16,,0E-16,,0E-16,,
2026,2,8003 - REMISIONES GUAYAQUIL,CODIFICACION,VIDEOJET,MÁQUINAS,,S1280-00-572S-0100,S1280-00-572S-0100 (25237004C56ZH),25237004C56ZH,,"VJ1280 STD, WORLD, IP55, 70 MICRON, 2M STRAIGHT",Unidad,1.0000,0.0000,1.0000,4204.5000,4204.50,0.0100,3760.6800,2025-10-07 17:04:28.103000,,,,,,,2021-07-22,124,,2025-10-16 12:09:44,,Und,1,,,,,,15.00,NO,,,0E-16,,0E-16,,0E-16,,
2026,2,2030 - BODEGA DISPONIBLE PARA LA VENTA GYE,CODIFICACION,VIDEOJET,MÁQUINAS,,S1280-00-572S-0100,S1280-00-572S-0100 (25237008C56ZH),25237008C56ZH,,"VJ1280 STD, WORLD, IP55, 70 MICRON, 2M STRAIGHT",Unidad,1.0000,0.0000,1.0000,4204.5000,4204.50,0.0100,3760.6800,2025-10-07 17:04:28.130000,2.0000,4.0000,,,,,2021-07-22,124,,2025-10-16 12:09:44,,Und,1,,,,,,15.00,NO,,,0E-16,,0E-16,,0E-16,,
2026,2,1025 - TALLER INOPERATIVO UIO,CODIFICACION,VIDEOJET,MÁQUINAS,,S1280-00-572S-0100,S1280-00-572S-0100 (25237010C56ZH),25237010C56ZH,,"VJ1280 STD, WORLD, IP55, 70 MICRON, 2M STRAIGHT",Unidad,1.0000,0.0000,1.0000,4204.5000,4204.50,0.0100,3760.6800,2025-10-07 17:04:28.150000,,,,,,,2021-07-22,124,,2025-10-16 12:09:44,,Und,1,,,,,,15.00,NO,,,0E-16,,0E-16,,0E-16,,
2026,2,8003 - REMISIONES GUAYAQUIL,CODIFICACION,VIDEOJET,MÁQUINAS,,406017,406017 (24358002PWD),24358002PWD,,VJ 9550 RH,Unidad,1.0000,0.0000,1.0000,8364.2900,8364.29,0.0100,7503.0300,2025-02-16 17:41:27.840000,,,,,,,2021-07-22,358,,2025-02-24 08:03:28,CORPORACION DE REPRESENTACIONES Y SERVICIOS TECNICOS COREPTEC S.A.,Und,1,,,,,,15.00,NO,,,0E-16,,0E-16,,0E-16,,
2026,2,2025 - TALLER INOPERATIVO GYE,CODIFICACION,VIDEOJET,MÁQUINAS,,406017,406017 (24162011PWD),24162011PWD,,VJ 9550 RH,Unidad,1.0000,0.0000,1.0000,8364.2900,8364.29,0.0100,7503.0300,2025-02-16 17:41:28.057000,,,,,,,2021-07-22,358,,2025-02-24 08:03:28,CORPORACION DE REPRESENTACIONES Y SERVICIOS TECNICOS COREPTEC S.A.,Und,1,,,,,,15.00,NO,,,0E-16,,0E-16,,0E-16,,
2026,2,8002 - REMISIONES QUITO,CODIFICACION,VIDEOJET,MÁQUINAS,,406991,406991 (20017002PWD),20017002PWD,,VJ 9550 53 - LH,Unidad,1.0000,0.0000,1.0000,6731.1500,6731.15,0.0100,8711.7600,2020-04-02 00:00:00,,,,,,,2021-07-22,2153,,2020-03-27 00:00:00,CORPORACION DE REPRESENTACIONES Y SERVICIOS TECNICOS COREPTEC S.A.,Und,1,,,,,,15.00,NO,,,0E-16,,0E-16,,0E-16,,
2026,2,1030 - BODEGA DISPONIBLE PARA LA VENTA UIO,CODIFICACION,VIDEOJET,MÁQUINAS,,407765,407765 (2523711013TZH),2523711013TZH,,VJ DATAFLEX 6330 PRINTER - LH 53MM,Unidad,1.0000,0.0000,1.0000,4748.9700,4748.97,0.0100,4247.6600,2025-10-07 17:04:27.930000,,,,,,,2021-07-22,124,,2025-10-16 12:09:44,CORPORACION DE REPRESENTACIONES Y SERVICIOS TECNICOS COREPTEC S.A.,Und,1,,,,,,15.00,NO,,,0E-16,,0E-16,,0E-16,,
2026,2,2030 - BODEGA DISPONIBLE PARA LA VENTA GYE,CODIFICACION,VIDEOJET,MÁQUINAS,,407765,407765 (2523711014TZH),2523711014TZH,,VJ DATAFLEX 6330 PRINTER - LH 53MM,Unidad,1.0000,0.0000,1.0000,4748.9700,4748.97,0.0100,4247.6600,2025-10-07 17:04:27.937000,,,,,,,2021-07-22,124,,2025-10-16 12:09:44,CORPORACION DE REPRESENTACIONES Y SERVICIOS TECNICOS COREPTEC S.A.,Und,1,,,,,,15.00,NO,,,0E-16,,0E-16,,0E-16,,
2026,2,2025 - TALLER INOPERATIVO GYE,CODIFICACION,VIDEOJET,MÁQUINAS,,407804,407804 (2515014013TZH),2515014013TZH,,VJ6230 PRINTER - RH,Unidad,1.0000,0.0000,1.0000,2576.0600,2576.06,0.0100,2356.3200,2025-08-05 14:44:56.787000,,,,,,,2021-07-22,193,,2025-08-08 08:01:31,CORPORACION DE REPRESENTACIONES Y SERVICIOS TECNICOS COREPTEC S.A.,Und,1,,,,,,15.00,NO,,,0E-16,,0E-16,,0E-16,,
2026,2,4030 - BODEGA DISPONIBLE PARA LA VENTA MANTA,CODIFICACION,VIDEOJET,MÁQUINAS,,407804,407804 (2515014015TZH),2515014015TZH,,VJ6230 PRINTER - RH,Unidad,1.0000,0.0000,1.0000,2576.0600,2576.06,0.0100,2356.3200,2025-08-05 14:44:57.020000,,,,,,,2021-07-22,193,,2025-08-08 08:01:31,CORPORACION DE REPRESENTACIONES Y SERVICIOS TECNICOS COREPTEC S.A.,Und,1,,,,,,15.00,NO,,,0E-16,,0E-16,,0E-16,,
2026,2,1025 - TALLER INOPERATIVO UIO,CODIFICACION,VIDEOJET,MÁQUINAS,,407804,407804 (2515014016TZH),2515014016TZH,,VJ6230 PRINTER - RH,Unidad,1.0000,0.0000,1.0000,2576.0600,2576.06,0.0100,2356.3200,2025-08-05 14:44:57.037000,,,,,,,2021-07-22,193,,2025-08-08 08:01:31,CORPORACION DE REPRESENTACIONES Y SERVICIOS TECNICOS COREPTEC S.A.,Und,1,,,,,,15.00,NO,,,0E-16,,0E-16,,0E-16,,
2026,2,8003 - REMISIONES GUAYAQUIL,CODIFICACION,VIDEOJET,MÁQUINAS,,407804,407804 (2515014017TZH),2515014017TZH,,VJ6230 PRINTER - RH,Unidad,1.0000,0.0000,1.0000,2576.0600,2576.06,0.0100,2356.3200,2025-08-05 14:44:57.037000,,,,,,,2021-07-22,193,,2025-08-08 08:01:31,CORPORACION DE REPRESENTACIONES Y SERVICIOS TECNICOS COREPTEC S.A.,Und,1,,,,,,15.00,NO,,,0E-16,,0E-16,,0E-16,,
2026,2,2025 - TALLER INOPERATIVO GYE,CODIFICACION,VIDEOJET,MÁQUINAS,6530,407962,407962 (2514710014TZH),2514710014TZH,,VJ DATAFLEX 6530 PRINTER - LH 53MM,Unidad,1.0000,0.0000,1.0000,5409.4400,5409.44,0.0100,4871.8500,2025-06-25 13:01:58.990000,,,,,,,2021-07-22,236,,2025-06-26 07:34:07,CORPORACION DE REPRESENTACIONES Y SERVICIOS TECNICOS COREPTEC S.A.,Und,1,,,,,,15.00,NO,,,0E-16,,0E-16,,0E-16,,
2026,2,2030 - BODEGA DISPONIBLE PARA LA VENTA GYE,CODIFICACION,VIDEOJET,MÁQUINAS,,408431,408431 (2533518001TZH),2533518001TZH,,DATAFLEX 6530 107MM RH,Unidad,1.0000,0.0000,1.0000,6458.5500,6458.55,0.0100,6048.2600,2025-12-26 22:54:52.790000,0.0000,0.0000,,,,,2021-07-22,52,,2025-12-27 15:01:19,CORPORACION DE REPRESENTACIONES Y SERVICIOS TECNICOS COREPTEC S.A.,Und,1,,,,,,15.00,NO,,,0E-16,,0E-16,,0E-16,,
2026,2,2031 - BODEGA EQUIPOS USADOS OPERATIVOS GYE,CODIFICACION,VIDEOJET,MÁQUINAS,,408431,408431 (2334718002TZH),2334718002TZH,,DATAFLEX 6530 107MM RH,Unidad,1.0000,0.0000,1.0000,6516.6100,6516.61,0.0100,6048.2600,2024-01-29 12:04:57.780000,,,,,,,2021-07-22,743,,2024-02-05 03:57:58,CORPORACION DE REPRESENTACIONES Y SERVICIOS TECNICOS COREPTEC S.A.,Und,1,,,,,,15.00,NO,,,0E-16,,0E-16,,0E-16,,
2026,2,8003 - REMISIONES GUAYAQUIL,CODIFICACION,VIDEOJET,MÁQUINAS,,408431,408431 (2335418002TZH),2335418002TZH,,DATAFLEX 6530 107MM RH,Unidad,1.0000,0.0000,1.0000,6204.9700,6204.97,0.0100,6048.2600,2024-02-22 12:55:44.363000,,,,,,,2021-07-22,722,,2024-02-26 11:52:26,CORPORACION DE REPRESENTACIONES Y SERVICIOS TECNICOS COREPTEC S.A.,Und,1,,,,,,15.00,NO,,,0E-16,,0E-16,,0E-16,,
2026,2,8003 - REMISIONES GUAYAQUIL,CODIFICACION,VIDEOJET,MÁQUINAS,,408432,408432 (2308318001TZH),2308318001TZH,,DATAFLEX 6530 107MM LH,Unidad,1.0000,0.0000,1.0000,7261.3600,7261.36,0.0100,6542.7000,2023-06-08 18:06:44.993000,,,,,,,2021-07-22,981,,2023-06-12 13:39:21,CORPORACION DE REPRESENTACIONES Y SERVICIOS TECNICOS COREPTEC S.A.,Und,1,,,,,,15.00,NO,,,0E-16,,0E-16,,0E-16,,
2026,2,1025 - TALLER INOPERATIVO UIO,CODIFICACION,VIDEOJET,MÁQUINAS,6330,408594,408594 (2335419005TZH),2335419005TZH,,VJ DATAFLEX 6330 PRINTER - RH 32MM,Unidad,1.0000,0.0000,1.0000,3576.4600,3576.46,0.0100,3485.4200,2024-02-22 12:55:44.380000,,,,,,,2021-07-22,722,,2024-02-26 11:52:26,CORPORACION DE REPRESENTACIONES Y SERVICIOS TECNICOS COREPTEC S.A.,Und,1,,,,,,15.00,NO,,,0E-16,,0E-16,,0E-16,,
2026,2,1031 - BODEGA EQUIPOS USADOS  OPERATIVOS UIO,CODIFICACION,VIDEOJET,MÁQUINAS,6330,408594,408594 (2335419007TZH),2335419007TZH,,VJ DATAFLEX 6330 PRINTER - RH 32MM,Unidad,1.0000,0.0000,1.0000,3576.4600,3576.46,0.0100,3485.4200,2024-02-22 12:55:44.380000,,,,,,,2021-07-22,722,,2024-02-26 11:52:26,CORPORACION DE REPRESENTACIONES Y SERVICIOS TECNICOS COREPTEC S.A.,Und,1,,,,,,15.00,NO,,,0E-16,,0E-16,,0E-16,,
2026,2,2025 - TALLER INOPERATIVO GYE,CODIFICACION,VIDEOJET,MÁQUINAS,6330,408594,408594 (2335419008TZH),2335419008TZH,,VJ DATAFLEX 6330 PRINTER - RH 32MM,Unidad,1.0000,0.0000,1.0000,3576.4600,3576.46,0.0100,3485.4200,2024-02-22 12:55:44.380000,,,,,,,2021-07-22,722,,2024-02-26 11:52:26,CORPORACION DE REPRESENTACIONES Y SERVICIOS TECNICOS COREPTEC S.A.,Und,1,,,,,,15.00,NO,,,0E-16,,0E-16,,0E-16,,
2026,2,2030 - BODEGA DISPONIBLE PARA LA VENTA GYE,CODIFICACION,VIDEOJET,MÁQUINAS,6330,408594,408594 (2334719003TZH),2334719003TZH,,VJ DATAFLEX 6330 PRINTER - RH 32MM,Unidad,1.0000,0.0000,1.0000,3756.0800,3756.08,0.0100,3485.4200,2024-01-29 12:04:57.750000,0.0000,0.0000,,,,,2021-07-22,743,,2024-02-05 03:57:58,CORPORACION DE REPRESENTACIONES Y SERVICIOS TECNICOS COREPTEC S.A.,Und,1,,,,,,15.00,NO,,,0E-16,,0E-16,,0E-16,,
2026,2,2025 - TALLER INOPERATIVO GYE,CODIFICACION,VIDEOJET,MÁQUINAS,6330,408594,408594 (2523719003TZH),2523719003TZH,,VJ DATAFLEX 6330 PRINTER - RH 32MM,Unidad,1.0000,0.0000,1.0000,3896.7700,3896.77,0.0100,3485.4200,2025-10-07 17:04:27.943000,,,,,,,2021-07-22,124,,2025-10-16 12:09:44,CORPORACION DE REPRESENTACIONES Y SERVICIOS TECNICOS COREPTEC S.A.,Und,1,,,,,,15.00,NO,,,0E-16,,0E-16,,0E-16,,
2026,2,8002 - REMISIONES QUITO,CODIFICACION,VIDEOJET,MÁQUINAS,6330,408594,408594 (2523719004TZH),2523719004TZH,,VJ DATAFLEX 6330 PRINTER - RH 32MM,Unidad,1.0000,0.0000,1.0000,3896.7700,3896.77,0.0100,3485.4200,2025-10-07 17:04:27.950000,,,,,,,2021-07-22,124,,2025-10-16 12:09:44,CORPORACION DE REPRESENTACIONES Y SERVICIOS TECNICOS COREPTEC S.A.,Und,1,,,,,,15.00,NO,,,0E-16,,0E-16,,0E-16,,
2026,2,8003 - REMISIONES GUAYAQUIL,CODIFICACION,VIDEOJET,MÁQUINAS,6330,408595,408595 (2523719001TZH),2523719001TZH,,VJ DATAFLEX 6330 PRINTER - LH 32MM,Unidad,1.0000,0.0000,1.0000,3905.1000,3905.10,0.0100,3492.8700,2025-10-07 17:04:27.957000,,,,,,,2021-07-22,124,,2025-10-16 12:09:44,CORPORACION DE REPRESENTACIONES Y SERVICIOS TECNICOS COREPTEC S.A.,Und,1,,,,,,15.00,NO,,,0E-16,,0E-16,,0E-16,,
2026,2,2025 - TALLER INOPERATIVO GYE,CODIFICACION,WUHAN,MÁQUINAS,,BC-220V,BC-220V,,,BELT CONVEYOR 220VAC/90W,Unidad,2.0000,0.0000,2.0000,475.9174,951.83,1250.0000,365.0000,,,,,,,,2022-08-02,89,,2025-11-20 09:58:10,WUHAN WIDODA CO.LTD,Und,1,,,,,COMPRA EXTERIOR,15.00,NO,,,0E-16,,0E-16,,0E-16,,
2026,2,2020 - TALLER OPERATIVO GYE,CODIFICACION,WUHAN,MÁQUINAS,,BC-220V,BC-220V,,,BELT CONVEYOR 220VAC/90W,Unidad,1.0000,0.0000,1.0000,475.9174,475.92,1250.0000,365.0000,,,,,,,,2022-08-02,89,,2025-11-20 09:58:10,WUHAN WIDODA CO.LTD,Und,1,,,,,COMPRA EXTERIOR,15.00,NO,,,0E-16,,0E-16,,0E-16,,
2026,2,8002 - REMISIONES QUITO,CODIFICACION,WUHAN,MÁQUINAS,,BC-220V,BC-220V,,,BELT CONVEYOR 220VAC/90W,Unidad,1.0000,0.0000,1.0000,475.9174,475.92,1250.0000,365.0000,,,,,,,,2022-08-02,89,,2025-11-20 09:58:10,WUHAN WIDODA CO.LTD,Und,1,,,,,COMPRA EXTERIOR,15.00,NO,,,0E-16,,0E-16,,0E-16,,
2026,2,2030 - BODEGA DISPONIBLE PARA LA VENTA GYE,CODIFICACION,WUHAN,MÁQUINAS,,BC-220V,BC-220V,,,BELT CONVEYOR 220VAC/90W,Unidad,21.0000,0.0000,21.0000,475.9174,9994.27,1250.0000,365.0000,,0.0000,1.0000,,B2A-P01-F1,,,2022-08-02,89,2026-01-06 07:34:39,2025-11-20 09:58:10,WUHAN WIDODA CO.LTD,Und,1,,,,B,COMPRA EXTERIOR,15.00,NO,,,0E-16,,0E-16,,0E-16,,
2026,2,2030 - BODEGA DISPONIBLE PARA LA VENTA GYE,CODIFICACION,WUHAN,REPUESTOS,,BC-SC110V,BC-SC110V,,,SPEED CONTROLLER 110V/200W,Unidad,3.0000,0.0000,3.0000,45.8000,137.40,92.5000,31.0000,,0.0000,0.0000,,B1-P60-F4,,,2025-01-16,839,2025-02-18 16:02:00,2023-11-01 07:10:24,WUHAN WIDODA CO.LTD,Und,1,,,,C,COMPRA EXTERIOR,15.00,NO,,,0E-16,,0E-16,,0E-16,,
2026,2,2030 - BODEGA DISPONIBLE PARA LA VENTA GYE,CODIFICACION,KETAN,ACCESORIOS,,KTP-000273,KTP-000273,,,CORREA DENTADA DE TRACCION K200 (K200-M-0038),Unidad,2.0000,0.0000,2.0000,17.6734,35.35,42.0000,15.0000,,,,,B1-P59-F1,,,2025-01-16,876,2023-10-18 16:51:19,2023-09-25 13:11:58,KETAN ARGENTINA SOCIEDAD ANONIMA,Und,1,,,,C,COMPRA EXTERIOR,15.00,NO,,,0E-16,,0E-16,,0E-16,,
2026,2,2030 - BODEGA DISPONIBLE PARA LA VENTA GYE,CODIFICACION,KETAN,ACCESORIOS,,KTP-000228,KTP-000228,,,RESORTE DE FRENO K50/K200/K320/K280 (K50-M-0037),Unidad,2.0000,0.0000,2.0000,9.7995,19.60,30.0000,9.0000,,,,,B1-P59-F1,,,2025-01-16,876,2023-10-18 16:51:19,2023-09-25 13:11:58,KETAN ARGENTINA SOCIEDAD ANONIMA,Und,1,,,,C,COMPRA EXTERIOR,15.00,NO,,,0E-16,,0E-16,,0E-16,,
2026,2,2030 - BODEGA DISPONIBLE PARA LA VENTA GYE,CODIFICACION,KETAN,ACCESORIOS,,KTA-000176,KTA-000176,,,KIT DE CORREAS DE FRENO KETAN K200/K50 (KIT 3 UNDS),Unidad,2.0000,0.0000,2.0000,17.5487,35.10,54.0000,7.0000,,,,,B1-P59-F1,,,2025-01-16,876,2023-10-18 16:51:19,2023-09-25 13:11:58,KETAN ARGENTINA SOCIEDAD ANONIMA,Und,1,,,,C,COMPRA EXTERIOR,15.00,NO,,,0E-16,,0E-16,,0E-16,,
2026,2,2030 - BODEGA DISPONIBLE PARA LA VENTA GYE,CODIFICACION,KETAN,ACCESORIOS,,KTA-000204-8,KTA-000204-8,,,"Rodillo engomado con polea 8""",Unidad,2.0000,0.0000,2.0000,347.5566,695.11,683.0000,295.0000,,,,,B1-P59-F1,,,2025-01-16,876,2023-10-18 16:51:19,2023-09-25 13:11:58,KETAN ARGENTINA SOCIEDAD ANONIMA,Und,1,,,,C,COMPRA EXTERIOR,15.00,NO,,,0E-16,,0E-16,,0E-16,,
2026,2,2030 - BODEGA DISPONIBLE PARA LA VENTA GYE,CODIFICACION,KETAN,ACCESORIOS,,KTP-000210,KTP-000210,,,Cepillo,Unidad,1.0000,0.0000,1.0000,156.2100,156.21,223.2500,95.0000,,,,,B1-P54-F2,,,2025-01-16,1306,2022-06-09 11:01:18,2022-07-22 02:50:53,KETAN ARGENTINA SOCIEDAD ANONIMA,Und,1,,,,C,COMPRA EXTERIOR,15.00,NO,,,0E-16,,0E-16,,0E-16,,
2026,2,1030 - BODEGA DISPONIBLE PARA LA VENTA UIO,CODIFICACION,KETAN,ACCESORIOS,,HGR20RC,HGR20RC,,,Guias Lineales,Unidad,2.0000,0.0000,2.0000,136.2100,272.42,266.2600,115.0000,,,,,P35-N07,,,2025-01-16,82,2022-05-19 17:10:52,2025-11-27 18:54:49,KETAN ARGENTINA SOCIEDAD ANONIMA,Und,1,,,,C,COMPRA EXTERIOR,15.00,NO,,,0E-16,,0E-16,,0E-16,,
2026,2,1021 - MALETÍN TÉCNICOS UIO,CODIFICACION,COGNEX,REPUESTOS,,BKT-2000-ADAPT-00,BKT-2000-ADAPT-00,,,Adaptador de montaje del sensor de visión a la vista 2000,Unidad,1.0000,0.0000,1.0000,50.6000,50.60,81.9000,39.0000,,,,,TALLER CODIFICACION,,,2025-01-16,1644,,2021-08-18 19:00:55,COGNEX CORPORATION,Und,1,,,,,COMPRA EXTERIOR,15.00,NO,,,0E-16,,0E-16,,0E-16,,
2026,2,1021 - MALETÍN TÉCNICOS UIO,CODIFICACION,COGNEX,REPUESTOS,,CCB-84901-2001-02,CCB-84901-2001-02,,,Cable Ethernet Cognex X-Coded M12 (longitud de 2 M),Unidad,1.0000,0.0000,1.0000,95.3966,95.40,156.9800,74.7500,,,,,TALLER CODIFICACION,,,2025-01-16,1644,,2021-08-18 19:00:55,COGNEX CORPORATION,Und,1,,,,,COMPRA EXTERIOR,15.00,NO,,,0E-16,,0E-16,,0E-16,,
2026,2,2020 - TALLER OPERATIVO GYE,CODIFICACION,VIDEOJET,MÁQUINAS,,399915,399915 (22080003C19ZH),22080003C19ZH,,"VJ1710, 3m STRAIGHT UMBILICAL, IP65, 60micron POSITIVE AIR PUMP",Unidad,1.0000,0.0000,1.0000,10139.3400,10139.34,0.0000,7732.1700,2022-05-17 16:58:07.210000,,,,,,,2021-10-13,1370,,2022-05-19 05:12:11,VIDEOJET TECHNOLOGIES INT.,Und,1,,,,,COMPRA EXTERIOR,15.00,NO,,,0E-16,,0E-16,,0E-16,,
2026,2,1090 - SIN USO (BODEGA GARANTÍAS UIO),CODIFICACION,VIDEOJET,FLUIDOS,,V4230-D,V4230-D,,,BLACK MEK/METIL ETIL CETONA PQT (TINTA NO CONTROLADA) 0.75ML,Unidad,7.0000,0.0000,7.0000,126.2166,883.52,272.4100,117.4200,,,,,,,,2025-08-20,84,,2025-11-25 07:59:06,VIDEOJET TECHNOLOGIES INT.,Und,1,,,,B,COMPRA EXTERIOR,15.00,NO,,,0E-16,,0E-16,,0E-16,,
2026,2,1080 - PROXIMOS VENCIMIENTOS UIO,CODIFICACION,VIDEOJET,FLUIDOS,,V4230-D,V4230-D,,,BLACK MEK/METIL ETIL CETONA PQT (TINTA NO CONTROLADA) 0.75ML,Unidad,2.0000,0.0000,2.0000,126.2166,252.43,272.4100,117.4200,,,,,,,,2025-08-20,84,,2025-11-25 07:59:06,VIDEOJET TECHNOLOGIES INT.,Und,1,,,,B,COMPRA EXTERIOR,15.00,NO,,,0E-16,,0E-16,,0E-16,,
2026,2,1030 - BODEGA DISPONIBLE PARA LA VENTA UIO,CODIFICACION,VIDEOJET,FLUIDOS,,V4230-D,V4230-D,,,BLACK MEK/METIL ETIL CETONA PQT (TINTA NO CONTROLADA) 0.75ML,Unidad,3.0000,0.0000,3.0000,126.2166,378.65,272.4100,117.4200,,2.0000,4.0000,,P17-N01,,,2025-08-20,84,2026-02-02 10:17:59,2025-11-25 07:59:06,VIDEOJET TECHNOLOGIES INT.,Und,1,,,,B,COMPRA EXTERIOR,15.00,NO,,,0E-16,,0E-16,,0E-16,,
2026,2,2030 - BODEGA DISPONIBLE PARA LA VENTA GYE,CODIFICACION,VIDEOJET,FLUIDOS,,V4230-D,V4230-D,,,BLACK MEK/METIL ETIL CETONA PQT (TINTA NO CONTROLADA) 0.75ML,Unidad,54.0000,0.0000,54.0000,126.2166,6815.70,272.4100,117.4200,,3.0000,6.0000,,B1-P20-F1,,,2025-08-20,84,2025-12-16 06:39:58,2025-11-25 07:59:06,VIDEOJET TECHNOLOGIES INT.,Und,1,,,,C,COMPRA EXTERIOR,15.00,NO,,,0E-16,,0E-16,,0E-16,,
2026,2,2030 - BODEGA DISPONIBLE PARA LA VENTA GYE,CODIFICACION,VIDEOJET,ACCESORIOS,,399278L,399278L,,,BASE SOPORTE SENSOR DE PRODUCTO 8mm,Unidad,6.0000,0.0000,6.0000,9.7752,58.65,68.0000,9.7500,,1.0000,2.0000,,B1-P59-F2,,,2025-01-16,111,2026-01-06 07:55:37,2025-10-29 14:29:00,,Und,1,,,,C,COMPRA LOCAL,15.00,NO,,,0E-16,,0E-16,,0E-16,,
2026,2,1030 - BODEGA DISPONIBLE PARA LA VENTA UIO,CODIFICACION,VIDEOJET,ACCESORIOS,,399278L,399278L,,,BASE SOPORTE SENSOR DE PRODUCTO 8mm,Unidad,1.0000,0.0000,1.0000,9.7752,9.78,68.0000,9.7500,,0.0000,0.0000,,P36-N03,,,2025-01-16,111,2026-02-06 08:43:45,2025-10-29 14:29:00,,Und,1,,,,C,COMPRA LOCAL,15.00,NO,,,0E-16,,0E-16,,0E-16,,
2026,2,1030 - BODEGA DISPONIBLE PARA LA VENTA UIO,CODIFICACION,VIDEOJET,FLUIDOS,,V4237-D,V4237-D,,,MEK/METIL ETIL CETONA PQT (TINTA NO CONTROLADA),Unidad,1.0000,0.0000,1.0000,112.2608,112.26,271.9200,102.5600,,2.0000,5.0000,,P07-N01,,,2025-08-20,48,2025-07-24 14:06:08,2025-12-31 12:59:21,VIDEOJET TECHNOLOGIES INT.,Und,1,,,,C,COMPRA EXTERIOR,15.00,NO,,,0E-16,,0E-16,,0E-16,,
2026,2,2030 - BODEGA DISPONIBLE PARA LA VENTA GYE,CODIFICACION,VIDEOJET,FLUIDOS,,V4237-D,V4237-D,,,MEK/METIL ETIL CETONA PQT (TINTA NO CONTROLADA),Unidad,94.0000,0.0000,94.0000,112.2608,10552.52,271.9200,102.5600,,7.0000,14.0000,,B1-P22-F1,,,2025-08-20,48,2026-02-04 07:12:04,2025-12-31 12:59:21,VIDEOJET TECHNOLOGIES INT.,Und,1,,,,B,COMPRA EXTERIOR,15.00,NO,,,0E-16,,0E-16,,0E-16,,
2026,2,4030 - BODEGA DISPONIBLE PARA LA VENTA MANTA,CODIFICACION,VIDEOJET,FLUIDOS,,V4237-D,V4237-D,,,MEK/METIL ETIL CETONA PQT (TINTA NO CONTROLADA),Unidad,3.0000,0.0000,3.0000,112.2608,336.78,271.9200,102.5600,,0.0000,0.0000,,,,,2025-08-20,48,2025-12-16 12:06:28,2025-12-31 12:59:21,VIDEOJET TECHNOLOGIES INT.,Und,1,,,,C,COMPRA EXTERIOR,15.00,NO,,,0E-16,,0E-16,,0E-16,,
2026,2,8004 - REMISIONES MANTA,CODIFICACION,VIDEOJET,FLUIDOS,,V4237-D,V4237-D,,,MEK/METIL ETIL CETONA PQT (TINTA NO CONTROLADA),Unidad,3.0000,0.0000,3.0000,112.2608,336.78,271.9200,102.5600,,,,,,,,2025-08-20,48,2025-12-31 16:18:38,2025-12-31 12:59:21,VIDEOJET TECHNOLOGIES INT.,Und,1,,,,A,COMPRA EXTERIOR,15.00,NO,,,0E-16,,0E-16,,0E-16,,
2026,2,8002 - REMISIONES QUITO,CODIFICACION,VIDEOJET,FLUIDOS,,V7223-L,V7223-L (250480660EG),250480660EG,17/02/2027,MEK/METIL ETIL CETONA PQT (MEK CODIFICACION CONTROLADO) CARTUCHO DE 1  LITRO,Unidad,148.0000,0.0000,148.0000,23.3319,3453.12,72.7500,21.6600,2025-04-28 16:42:57.657000,,,,,,,2025-08-20,262,,2025-05-31 10:24:21,VIDEOJET TECHNOLOGIES INT.,Und,1,,,,C,COMPRA EXTERIOR,15.00,SI,,,0E-16,,0E-16,,0E-16,,
2026,2,8003 - REMISIONES GUAYAQUIL,CODIFICACION,VIDEOJET,FLUIDOS,,V7223-L,V7223-L (250480660EG),250480660EG,17/02/2027,MEK/METIL ETIL CETONA PQT (MEK CODIFICACION CONTROLADO) CARTUCHO DE 1  LITRO,Unidad,53.0000,0.0000,53.0000,23.3319,1236.59,72.7500,21.6600,2025-04-28 16:42:57.657000,,,,,,,2025-08-20,262,,2025-05-31 10:24:21,VIDEOJET TECHNOLOGIES INT.,Und,1,,,,C,COMPRA EXTERIOR,15.00,SI,,,0E-16,,0E-16,,0E-16,,
2026,2,8003 - REMISIONES GUAYAQUIL,CODIFICACION,VIDEOJET,FLUIDOS,,V7223-L,V7223-L (251331916EG),251331916EG,13/05/2027,MEK/METIL ETIL CETONA PQT (MEK CODIFICACION CONTROLADO) CARTUCHO DE 1  LITRO,Unidad,6.0000,0.0000,6.0000,22.3772,134.26,72.7500,21.6600,2025-07-30 15:12:46.453000,,,,,,,2025-08-20,201,,2025-07-31 07:11:52,VIDEOJET TECHNOLOGIES INT.,Und,1,,,,C,COMPRA EXTERIOR,15.00,SI,,,0E-16,,0E-16,,0E-16,,
2026,2,2106 - BEBIDAS ARCACONTINENTAL GUAYAQUIL,CODIFICACION,VIDEOJET,FLUIDOS,,V7223-L,V7223-L (251331916EG),251331916EG,13/05/2027,MEK/METIL ETIL CETONA PQT (MEK CODIFICACION CONTROLADO) CARTUCHO DE 1  LITRO,Unidad,8.0000,0.0000,8.0000,22.3772,179.02,72.7500,21.6600,2025-07-30 15:12:46.453000,,,,,,,2025-08-20,201,,2025-07-31 07:11:52,VIDEOJET TECHNOLOGIES INT.,Und,1,,,,C,COMPRA EXTERIOR,15.00,SI,,,0E-16,,0E-16,,0E-16,,
2026,2,8001 - TRANSFERENCIAS EN TRÁNSITO,CODIFICACION,VIDEOJET,FLUIDOS,,V7223-L,V7223-L (251331916EG),251331916EG,13/05/2027,MEK/METIL ETIL CETONA PQT (MEK CODIFICACION CONTROLADO) CARTUCHO DE 1  LITRO,Unidad,5.0000,0.0000,5.0000,22.3772,111.89,72.7500,21.6600,2025-07-30 15:12:46.453000,,,,,,,2025-08-20,201,,2025-07-31 07:11:52,VIDEOJET TECHNOLOGIES INT.,Und,1,,,,C,COMPRA EXTERIOR,15.00,SI,,,0E-16,,0E-16,,0E-16,,
2026,2,8003 - REMISIONES GUAYAQUIL,CODIFICACION,VIDEOJET,FLUIDOS,,V7223-L,V7223-L (251492130EG),251492130EG,29/05/2027,MEK/METIL ETIL CETONA PQT (MEK CODIFICACION CONTROLADO) CARTUCHO DE 1  LITRO,Unidad,54.0000,0.0000,54.0000,22.3774,1208.38,72.7500,21.6600,2025-07-30 15:12:46.347000,,,,,,,2025-08-20,201,,2025-07-31 07:11:52,VIDEOJET TECHNOLOGIES INT.,Und,1,,,,C,COMPRA EXTERIOR,15.00,SI,,,0E-16,,0E-16,,0E-16,,
2026,2,2030 - BODEGA DISPONIBLE PARA LA VENTA GYE,CODIFICACION,VIDEOJET,FLUIDOS,,V7223-L,V7223-L (251702440EG),251702440EG,19/06/2027,MEK/METIL ETIL CETONA PQT (MEK CODIFICACION CONTROLADO) CARTUCHO DE 1  LITRO,Unidad,37.0000,0.0000,37.0000,21.6600,801.42,72.7500,21.6600,2026-02-04 15:26:01.273000,1.0000,2.0000,,B1-P06-F3,,,2025-08-20,12,,2026-02-05 11:12:34.263000,VIDEOJET TECHNOLOGIES INT.,Und,1,,,,C,COMPRA EXTERIOR,15.00,SI,,,0E-16,,0E-16,,0E-16,,
2026,2,2030 - BODEGA DISPONIBLE PARA LA VENTA GYE,CODIFICACION,VIDEOJET,FLUIDOS,,V7223-L,V7223-L (252453546EG),252453546EG,02/09/2027,MEK/METIL ETIL CETONA PQT (MEK CODIFICACION CONTROLADO) CARTUCHO DE 1  LITRO,Unidad,6.0000,0.0000,6.0000,21.6600,129.96,72.7500,21.6600,2026-02-04 15:26:01.303000,1.0000,2.0000,,B1-P06-F3,,,2025-08-20,12,,2026-02-05 11:12:34.263000,VIDEOJET TECHNOLOGIES INT.,Und,1,,,,C,COMPRA EXTERIOR,15.00,SI,,,0E-16,,0E-16,,0E-16,,
2026,2,8001 - TRANSFERENCIAS EN TRÁNSITO,CODIFICACION,VIDEOJET,FLUIDOS,,V7223-L,V7223-L (251702440EG),251702440EG,19/06/2027,MEK/METIL ETIL CETONA PQT (MEK CODIFICACION CONTROLADO) CARTUCHO DE 1  LITRO,Unidad,29.0000,0.0000,29.0000,21.6600,628.14,72.7500,21.6600,2026-02-04 15:26:01.273000,,,,,,,2025-08-20,12,,2026-02-05 11:12:34.263000,VIDEOJET TECHNOLOGIES INT.,Und,1,,,,C,COMPRA EXTERIOR,15.00,SI,,,0E-16,,0E-16,,0E-16,,
2026,2,2030 - BODEGA DISPONIBLE PARA LA VENTA GYE,CODIFICACION,VIDEOJET,MÁQUINAS,,200-0210-101,200-0210-101,,,"LABEL APPL,210-100 LH 115/230VAC #",Unidad,1.0000,0.0000,1.0000,4790.3000,4790.30,7054.1800,3682.0100,,,,,,,,2022-04-08,52,2022-08-09 17:57:18,2025-12-27 18:00:24,VIDEOJET TECHNOLOGIES INT.,Und,1,,,,C,COMPRA EXTERIOR,15.00,NO,,,0E-16,,0E-16,,0E-16,,
2026,2,1050 - BODEGA PRODUCTO NO CONFORME UIO,CODIFICACION,VIDEOJET,FLUIDOS,,V4220-L,V4220-L,,,MEK/METIL ETIL CETONA PQT BLACK (TINTA NO CONTROLADA) 1 LITRO,Unidad,3.0000,0.0000,3.0000,91.7938,275.38,223.1500,79.4000,,,,,,,,2025-08-20,12,,2026-02-05 11:12:34.263000,VIDEOJET TECHNOLOGIES INT.,Und,1,,,,C,COMPRA EXTERIOR,15.00,NO,,,0E-16,,0E-16,,0E-16,,
2026,2,2080 - PRÓXIMOS VENCIMIENTOS GYE,CODIFICACION,VIDEOJET,FLUIDOS,,V4220-L,V4220-L,,,MEK/METIL ETIL CETONA PQT BLACK (TINTA NO CONTROLADA) 1 LITRO,Unidad,10.0000,0.0000,10.0000,91.7938,917.94,223.1500,79.4000,,,,,,,,2025-08-20,12,,2026-02-05 11:12:34.263000,VIDEOJET TECHNOLOGIES INT.,Und,1,,,,C,COMPRA EXTERIOR,15.00,NO,,,0E-16,,0E-16,,0E-16,,
2026,2,2050 - PRODUCTO NO CONFORME GYE,CODIFICACION,VIDEOJET,FLUIDOS,,V4220-L,V4220-L,,,MEK/METIL ETIL CETONA PQT BLACK (TINTA NO CONTROLADA) 1 LITRO,Unidad,13.0000,0.0000,13.0000,91.7938,1193.32,223.1500,79.4000,,,,,,,,2025-08-20,12,,2026-02-05 11:12:34.263000,VIDEOJET TECHNOLOGIES INT.,Und,1,,,,C,COMPRA EXTERIOR,15.00,NO,,,0E-16,,0E-16,,0E-16,,
2026,2,8003 - REMISIONES GUAYAQUIL,CODIFICACION,VIDEOJET,FLUIDOS,,V4220-L,V4220-L,,,MEK/METIL ETIL CETONA PQT BLACK (TINTA NO CONTROLADA) 1 LITRO,Unidad,1.0000,0.0000,1.0000,91.7938,91.79,223.1500,79.4000,,,,,,,,2025-08-20,12,2026-01-11 14:38:22,2026-02-05 11:12:34.263000,VIDEOJET TECHNOLOGIES INT.,Und,1,,,,C,COMPRA EXTERIOR,15.00,NO,,,0E-16,,0E-16,,0E-16,,
2026,2,1030 - BODEGA DISPONIBLE PARA LA VENTA UIO,CODIFICACION,VIDEOJET,FLUIDOS,,V4220-L,V4220-L,,,MEK/METIL ETIL CETONA PQT BLACK (TINTA NO CONTROLADA) 1 LITRO,Unidad,21.0000,0.0000,21.0000,91.7938,1927.67,223.1500,79.4000,,0.0000,0.0000,,P03-N01,,,2025-08-20,12,,2026-02-05 11:12:34.263000,VIDEOJET TECHNOLOGIES INT.,Und,1,,,,C,COMPRA EXTERIOR,15.00,NO,,,0E-16,,0E-16,,0E-16,,
2026,2,2030 - BODEGA DISPONIBLE PARA LA VENTA GYE,CODIFICACION,VIDEOJET,FLUIDOS,,V4220-L,V4220-L,,,MEK/METIL ETIL CETONA PQT BLACK (TINTA NO CONTROLADA) 1 LITRO,Unidad,5.0000,0.0000,5.0000,91.7938,458.97,223.1500,79.4000,,2.0000,4.0000,,B1-P20-F2,B1-P20-F3,,2025-08-20,12,,2026-02-05 11:12:34.263000,VIDEOJET TECHNOLOGIES INT.,Und,1,,,,C,COMPRA EXTERIOR,15.00,NO,,,0E-16,,0E-16,,0E-16,,
2026,2,2030 - BODEGA DISPONIBLE PARA LA VENTA GYE,CODIFICACION,VIDEOJET,MÁQUINAS,,AL-81502,AL-81502 (25150001L15ZH),25150001L15ZH,,"LASER MARKING SYSTEM,VIDEOJET,3210,6mm,9.3um",Unidad,1.0000,0.0000,1.0000,9754.0700,9754.07,0.0100,8922.2900,2025-08-05 14:44:57.067000,0.0000,1.0000,,,,,2022-06-03,193,,2025-08-08 08:01:31,VIDEOJET TECHNOLOGIES INT.,Und,1,,,,,COMPRA EXTERIOR,15.00,NO,,,0E-16,,0E-16,,0E-16,,
2026,2,2020 - TALLER OPERATIVO GYE,CODIFICACION,VIDEOJET,MÁQUINAS,,AL-81502,AL-81502 (23038001L15ZH),23038001L15ZH,03/03/2023,"LASER MARKING SYSTEM,VIDEOJET,3210,6mm,9.3um",Unidad,1.0000,0.0000,1.0000,12303.5600,12303.56,0.0100,8922.2900,2023-03-03 15:09:26.603000,,,,,,,2022-06-03,1082,,2023-03-03 15:31:58,VIDEOJET TECHNOLOGIES INT.,Und,1,,,,,COMPRA EXTERIOR,15.00,NO,,,0E-16,,0E-16,,0E-16,,
2026,2,3020 - BODEGA DISPONIBLE PARA LA VENTA CUENCA,CODIFICACION,VIDEOJET,ACCESORIOS,,399068L,399068L,,,Auto Align Printhead Holder (L),Unidad,1.0000,0.0000,1.0000,38.2916,38.29,138.9200,38.4000,,,,,,,,2025-01-16,79,,2025-11-30 12:46:49,BURGOS ROMAN SULLY JANINA,Und,1,,,,C,COMPRA LOCAL,15.00,NO,,,0E-16,,0E-16,,0E-16,,
2026,2,8004 - REMISIONES MANTA,CODIFICACION,VIDEOJET,ACCESORIOS,,399068L,399068L,,,Auto Align Printhead Holder (L),Unidad,1.0000,0.0000,1.0000,38.2916,38.29,138.9200,38.4000,,,,,,,,2025-01-16,79,2025-12-31 00:55:58,2025-11-30 12:46:49,BURGOS ROMAN SULLY JANINA,Und,1,,,,,COMPRA LOCAL,15.00,NO,,,0E-16,,0E-16,,0E-16,,
2026,2,8002 - REMISIONES QUITO,CODIFICACION,VIDEOJET,ACCESORIOS,,399068L,399068L,,,Auto Align Printhead Holder (L),Unidad,4.0000,0.0000,4.0000,38.2916,153.17,138.9200,38.4000,,,,,,,,2025-01-16,79,2025-11-30 13:25:47,2025-11-30 12:46:49,BURGOS ROMAN SULLY JANINA,Und,1,,,,,COMPRA LOCAL,15.00,NO,,,0E-16,,0E-16,,0E-16,,
2026,2,8003 - REMISIONES GUAYAQUIL,CODIFICACION,VIDEOJET,ACCESORIOS,,399068L,399068L,,,Auto Align Printhead Holder (L),Unidad,2.0000,0.0000,2.0000,38.2916,76.58,138.9200,38.4000,,,,,,,,2025-01-16,79,2025-11-30 06:47:17,2025-11-30 12:46:49,BURGOS ROMAN SULLY JANINA,Und,1,,,,,COMPRA LOCAL,15.00,NO,,,0E-16,,0E-16,,0E-16,,
2026,2,1031 - BODEGA EQUIPOS USADOS  OPERATIVOS UIO,CODIFICACION,VIDEOJET,ACCESORIOS,,399068L,399068L,,,Auto Align Printhead Holder (L),Unidad,1.0000,0.0000,1.0000,38.2916,38.29,138.9200,38.4000,,,,,ZONA 1031,,,2025-01-16,79,,2025-11-30 12:46:49,BURGOS ROMAN SULLY JANINA,Und,1,,,,,COMPRA LOCAL,15.00,NO,,,0E-16,,0E-16,,0E-16,,
2026,2,2030 - BODEGA DISPONIBLE PARA LA VENTA GYE,CODIFICACION,VIDEOJET,FLUIDOS,,V4275-D,V4275-D,,,MEK/METIL ETIL CETONA PQT (TINTA NO CONTROLADA) 0.75ml,Unidad,46.0000,0.0000,46.0000,143.6145,6606.27,234.0000,131.7600,,3.0000,5.0000,,B1-P24-F4,,,2025-08-20,84,,2025-11-25 07:59:06,VIDEOJET TECHNOLOGIES INT.,Und,1,,,,C,COMPRA EXTERIOR,15.00,NO,,,0E-16,,0E-16,,0E-16,,
2026,2,1030 - BODEGA DISPONIBLE PARA LA VENTA UIO,CODIFICACION,VIDEOJET,FLUIDOS,,V4275-D,V4275-D,,,MEK/METIL ETIL CETONA PQT (TINTA NO CONTROLADA) 0.75ml,Unidad,6.0000,0.0000,6.0000,143.6145,861.69,234.0000,131.7600,,1.0000,1.0000,,P15-N01,,,2025-08-20,84,2025-08-01 08:22:06,2025-11-25 07:59:06,VIDEOJET TECHNOLOGIES INT.,Und,1,,,,C,COMPRA EXTERIOR,15.00,NO,,,0E-16,,0E-16,,0E-16,,
2026,2,1080 - PROXIMOS VENCIMIENTOS UIO,CODIFICACION,VIDEOJET,FLUIDOS,,V4275-D,V4275-D,,,MEK/METIL ETIL CETONA PQT (TINTA NO CONTROLADA) 0.75ml,Unidad,3.0000,0.0000,3.0000,143.6145,430.84,234.0000,131.7600,,,,,,,,2025-08-20,84,,2025-11-25 07:59:06,VIDEOJET TECHNOLOGIES INT.,Und,1,,,,B,COMPRA EXTERIOR,15.00,NO,,,0E-16,,0E-16,,0E-16,,
2026,2,8003 - REMISIONES GUAYAQUIL,CODIFICACION,WUHAN,ACCESORIOS,,BC-MOTOR 220V,BC-MOTOR 220V,,,MOTOR 220V/200W,Unidad,2.0000,0.0000,2.0000,198.8157,397.63,360.2000,146.0000,,,,,,,,2025-01-16,89,2026-01-26 02:03:37,2025-11-20 09:58:10,WUHAN WIDODA CO.LTD,Und,1,,,,,COMPRA EXTERIOR,15.00,NO,,,0E-16,,0E-16,,0E-16,,
2026,2,1030 - BODEGA DISPONIBLE PARA LA VENTA UIO,CODIFICACION,WUHAN,ACCESORIOS,,BC-MOTOR 220V,BC-MOTOR 220V,,,MOTOR 220V/200W,Unidad,2.0000,0.0000,2.0000,198.8157,397.63,360.2000,146.0000,,0.0000,0.0000,,P35-N07,,,2025-01-16,89,2024-06-20 18:49:14,2025-11-20 09:58:10,WUHAN WIDODA CO.LTD,Und,1,,,,C,COMPRA EXTERIOR,15.00,NO,,,0E-16,,0E-16,,0E-16,,
2026,2,2030 - BODEGA DISPONIBLE PARA LA VENTA GYE,CODIFICACION,WUHAN,ACCESORIOS,,BC-MOTOR 220V,BC-MOTOR 220V,,,MOTOR 220V/200W,Unidad,4.0000,0.0000,4.0000,198.8157,795.26,360.2000,146.0000,,0.0000,1.0000,,B1-P60-F2,,,2025-01-16,89,2023-03-16 18:01:05,2025-11-20 09:58:10,WUHAN WIDODA CO.LTD,Und,1,,,,C,COMPRA EXTERIOR,15.00,NO,,,0E-16,,0E-16,,0E-16,,
2026,2,2030 - BODEGA DISPONIBLE PARA LA VENTA GYE,CODIFICACION,WUHAN,ACCESORIOS,,BC-SC 220V,BC-SC 220V,,,Speed controller 220V,Unidad,2.0000,0.0000,2.0000,28.8833,57.77,94.7000,13.0000,,0.0000,1.0000,,B1-P59-F3,,,2025-01-16,113,2023-05-24 11:06:17,2025-10-27 07:58:26,WUHAN WIDODA CO.LTD,Und,1,,,,C,COMPRA EXTERIOR,15.00,NO,,,0E-16,,0E-16,,0E-16,,
2026,2,1030 - BODEGA DISPONIBLE PARA LA VENTA UIO,CODIFICACION,WUHAN,ACCESORIOS,,BC-SC 220V,BC-SC 220V,,,Speed controller 220V,Unidad,1.0000,0.0000,1.0000,28.8833,28.88,94.7000,13.0000,,0.0000,0.0000,,P35-N07,,,2025-01-16,113,2024-06-20 18:49:14,2025-10-27 07:58:26,WUHAN WIDODA CO.LTD,Und,1,,,,C,COMPRA EXTERIOR,15.00,NO,,,0E-16,,0E-16,,0E-16,,
2026,2,1030 - BODEGA DISPONIBLE PARA LA VENTA UIO,CODIFICACION,VIDEOJET,ACCESORIOS,,399278LMD,399278LMD,,,BASE SOPORTE SENSOR DE PRODUCTO 12mm,Unidad,1.0000,0.0000,1.0000,10.3214,10.32,65.0700,9.7500,,,,,P35-N04,,,2025-01-16,111,2025-08-18 08:55:28,2025-10-29 14:29:00,BURGOS ROMAN SULLY JANINA,Und,1,,,,C,COMPRA LOCAL,15.00,NO,,,0E-16,,0E-16,,0E-16,,
2026,2,2030 - BODEGA DISPONIBLE PARA LA VENTA GYE,CODIFICACION,VIDEOJET,ACCESORIOS,,399278LMD,399278LMD,,,BASE SOPORTE SENSOR DE PRODUCTO 12mm,Unidad,1.0000,0.0000,1.0000,10.3214,10.32,65.0700,9.7500,,0.0000,0.0000,,B1-P59-F1,,,2025-01-16,111,2025-06-19 06:41:31,2025-10-29 14:29:00,BURGOS ROMAN SULLY JANINA,Und,1,,,,C,COMPRA LOCAL,15.00,NO,,,0E-16,,0E-16,,0E-16,,
2026,2,8002 - REMISIONES QUITO,CODIFICACION,VIDEOJET,ACCESORIOS,,399278LMD,399278LMD,,,BASE SOPORTE SENSOR DE PRODUCTO 12mm,Unidad,2.0000,0.0000,2.0000,10.3214,20.64,65.0700,9.7500,,,,,,,,2025-01-16,111,2025-04-30 21:45:17,2025-10-29 14:29:00,BURGOS ROMAN SULLY JANINA,Und,1,,,,,COMPRA LOCAL,15.00,NO,,,0E-16,,0E-16,,0E-16,,
2026,2,4030 - BODEGA DISPONIBLE PARA LA VENTA MANTA,CODIFICACION,VIDEOJET,ACCESORIOS,,399278LMD,399278LMD,,,BASE SOPORTE SENSOR DE PRODUCTO 12mm,Unidad,1.0000,0.0000,1.0000,10.3214,10.32,65.0700,9.7500,,,,,,,,2025-01-16,111,,2025-10-29 14:29:00,BURGOS ROMAN SULLY JANINA,Und,1,,,,C,COMPRA LOCAL,15.00,NO,,,0E-16,,0E-16,,0E-16,,
2026,2,8004 - REMISIONES MANTA,CODIFICACION,VIDEOJET,ACCESORIOS,,399278LMD,399278LMD,,,BASE SOPORTE SENSOR DE PRODUCTO 12mm,Unidad,1.0000,0.0000,1.0000,10.3214,10.32,65.0700,9.7500,,,,,,,,2025-01-16,111,2025-12-31 00:55:58,2025-10-29 14:29:00,BURGOS ROMAN SULLY JANINA,Und,1,,,,,COMPRA LOCAL,15.00,NO,,,0E-16,,0E-16,,0E-16,,
2026,2,8003 - REMISIONES GUAYAQUIL,CODIFICACION,VIDEOJET,ACCESORIOS,,399278LMD,399278LMD,,,BASE SOPORTE SENSOR DE PRODUCTO 12mm,Unidad,1.0000,0.0000,1.0000,10.3214,10.32,65.0700,9.7500,,,,,,,,2025-01-16,111,2024-06-21 04:45:29,2025-10-29 14:29:00,BURGOS ROMAN SULLY JANINA,Und,1,,,,,COMPRA LOCAL,15.00,NO,,,0E-16,,0E-16,,0E-16,,
2026,2,8003 - REMISIONES GUAYAQUIL,CODIFICACION,VIDEOJET,ACCESORIOS,,399278LSEAU,399278LSEAU,,,BASE SOPORTE SENSOR DE PRODUCTO 18mm,Unidad,2.0000,0.0000,2.0000,9.8051,19.61,65.0700,9.7500,,,,,,,,2025-01-16,111,2025-08-31 02:53:37,2025-10-29 14:29:00,BURGOS ROMAN SULLY JANINA,Und,1,,,,,COMPRA LOCAL,15.00,NO,,,0E-16,,0E-16,,0E-16,,
2026,2,4030 - BODEGA DISPONIBLE PARA LA VENTA MANTA,CODIFICACION,VIDEOJET,ACCESORIOS,,399278LSEAU,399278LSEAU,,,BASE SOPORTE SENSOR DE PRODUCTO 18mm,Unidad,3.0000,0.0000,3.0000,9.8051,29.42,65.0700,9.7500,,0.0000,0.0000,,,,,2025-01-16,111,,2025-10-29 14:29:00,BURGOS ROMAN SULLY JANINA,Und,1,,,,C,COMPRA LOCAL,15.00,NO,,,0E-16,,0E-16,,0E-16,,
2026,2,8002 - REMISIONES QUITO,CODIFICACION,VIDEOJET,ACCESORIOS,,399278LSEAU,399278LSEAU,,,BASE SOPORTE SENSOR DE PRODUCTO 18mm,Unidad,1.0000,0.0000,1.0000,9.8051,9.81,65.0700,9.7500,,,,,,,,2025-01-16,111,2025-12-31 16:50:28,2025-10-29 14:29:00,BURGOS ROMAN SULLY JANINA,Und,1,,,,,COMPRA LOCAL,15.00,NO,,,0E-16,,0E-16,,0E-16,,
2026,2,2030 - BODEGA DISPONIBLE PARA LA VENTA GYE,CODIFICACION,VIDEOJET,ACCESORIOS,,399278LSEAU,399278LSEAU,,,BASE SOPORTE SENSOR DE PRODUCTO 18mm,Unidad,2.0000,0.0000,2.0000,9.8051,19.61,65.0700,9.7500,,4.0000,9.0000,,B1-P59-F3,,,2025-01-16,111,2026-01-26 07:38:13,2025-10-29 14:29:00,BURGOS ROMAN SULLY JANINA,Und,1,,,,A,COMPRA LOCAL,15.00,NO,,,0E-16,,0E-16,,0E-16,,
2026,2,1030 - BODEGA DISPONIBLE PARA LA VENTA UIO,CODIFICACION,VIDEOJET,ACCESORIOS,,399278LSEAU,399278LSEAU,,,BASE SOPORTE SENSOR DE PRODUCTO 18mm,Unidad,1.0000,0.0000,1.0000,9.8051,9.81,65.0700,9.7500,,3.0000,7.0000,,P35-N04,,,2025-01-16,111,2025-12-19 05:52:28,2025-10-29 14:29:00,BURGOS ROMAN SULLY JANINA,Und,1,,,,C,COMPRA LOCAL,15.00,NO,,,0E-16,,0E-16,,0E-16,,
2026,2,1030 - BODEGA DISPONIBLE PARA LA VENTA UIO,CODIFICACION,ZEBRA,REPUESTOS,,MARK-PH,MARK-PH,,, PRINTHEAD CLEANING MARKER,Unidad,3.0000,0.0000,3.0000,6.9400,20.82,36.7500,6.9400,,,,,P37-N05,,,2025-01-16,171,2025-02-14 16:19:47,2025-08-30 15:40:11.257000,UNISCAN CIA. LTDA.,Und,1,,,,,COMPRA LOCAL,15.00,NO,,,0E-16,,0E-16,,0E-16,,
2026,2,8003 - REMISIONES GUAYAQUIL,CODIFICACION,VIDEOJET,ACCESORIOS,,216381-900L,216381-900L,,,"DATAFLEX,900mm BACKING RUBBER ROLL WITH SHAFT RUBBER ROLLER (L)",Unidad,2.0000,0.0000,2.0000,386.7908,773.58,795.1000,387.6200,,,,,,,,2025-01-16,252,2025-06-29 19:18:45,2025-06-10 11:58:00,,Und,1,,,,,COMPRA LOCAL,15.00,NO,,,0E-16,,0E-16,,0E-16,,
2026,2,2050 - PRODUCTO NO CONFORME GYE,CODIFICACION,VIDEOJET,FLUIDOS,,V4271-D,V4271-D,,,INK MEK/METIL ETIL CETONA PQT ( NO CONTROLADA) 0.75ml VIOLET,Unidad,19.0000,0.0000,19.0000,108.3865,2059.34,271.9200,100.7100,,10.0000,20.0000,,,,,2025-08-20,117,,2025-10-23 13:24:20,VIDEOJET TECHNOLOGIES INT.,Und,1,,,,A,COMPRA EXTERIOR,15.00,NO,,,0E-16,,0E-16,,0E-16,,
2026,2,8003 - REMISIONES GUAYAQUIL,CODIFICACION,VIDEOJET,FLUIDOS,,V4271-D,V4271-D,,,INK MEK/METIL ETIL CETONA PQT ( NO CONTROLADA) 0.75ml VIOLET,Unidad,2.0000,0.0000,2.0000,108.3865,216.77,271.9200,100.7100,,,,,,,,2025-08-20,117,2026-01-31 19:11:45,2025-10-23 13:24:20,VIDEOJET TECHNOLOGIES INT.,Und,1,,,,A,COMPRA EXTERIOR,15.00,NO,,,0E-16,,0E-16,,0E-16,,
2026,2,2030 - BODEGA DISPONIBLE PARA LA VENTA GYE,CODIFICACION,VIDEOJET,FLUIDOS,,V4271-D,V4271-D,,,INK MEK/METIL ETIL CETONA PQT ( NO CONTROLADA) 0.75ml VIOLET,Unidad,15.0000,0.0000,15.0000,108.3865,1625.80,271.9200,100.7100,,2.0000,5.0000,,B1-P21-F2,,,2025-08-20,117,2026-01-14 06:18:02,2025-10-23 13:24:20,VIDEOJET TECHNOLOGIES INT.,Und,1,,,,C,COMPRA EXTERIOR,15.00,NO,,,0E-16,,0E-16,,0E-16,,
2026,2,2030 - BODEGA DISPONIBLE PARA LA VENTA GYE,CODIFICACION,VIDEOJET,FLUIDOS,,V514-D,V514-D,,,INK MEK/METIL ETIL CETONA PQT ( NO CONTROLADA) 0.75ml VIOLET,Unidad,18.0000,0.0000,18.0000,100.0553,1801.00,279.0600,93.0900,,0.0000,0.0000,,B1-P23-F3,,,2025-08-20,117,2026-01-14 06:18:02,2025-10-23 13:24:20,VIDEOJET TECHNOLOGIES INT.,Und,1,,,,A,COMPRA EXTERIOR,15.00,NO,,,0E-16,,0E-16,,0E-16,,
2026,2,2030 - BODEGA DISPONIBLE PARA LA VENTA GYE,CODIFICACION,VIDEOJET,FLUIDOS,,V826-D,V826-D,,,MAKE UP MEK/METIL ETIL CETONA PQT  ( NO CONTROLADO) 0.75ml,Unidad,125.0000,0.0000,125.0000,33.5799,4197.49,65.0000,30.7900,,2.0000,4.0000,,B1-P25-F1,,,2025-08-20,117,2026-01-14 06:18:02,2025-10-23 13:24:20,VIDEOJET TECHNOLOGIES INT.,Und,1,,,,A,COMPRA EXTERIOR,15.00,NO,,,0E-16,,0E-16,,0E-16,,
2026,2,4030 - BODEGA DISPONIBLE PARA LA VENTA MANTA,CODIFICACION,VIDEOJET,FLUIDOS,,V826-D,V826-D,,,MAKE UP MEK/METIL ETIL CETONA PQT  ( NO CONTROLADO) 0.75ml,Unidad,3.0000,0.0000,3.0000,33.5799,100.74,65.0000,30.7900,,1.0000,1.0000,,,,,2025-08-20,117,2025-05-22 06:16:48,2025-10-23 13:24:20,VIDEOJET TECHNOLOGIES INT.,Und,1,,,,C,COMPRA EXTERIOR,15.00,NO,,,0E-16,,0E-16,,0E-16,,
2026,2,4030 - BODEGA DISPONIBLE PARA LA VENTA MANTA,CODIFICACION,VIDEOJET,FLUIDOS,,V7216-D,V7216-D,,,MAKE UP MEK MEK/METIL ETIL CETONA PQT ( NO CONTROLADO) 0.75ml,Unidad,3.0000,0.0000,3.0000,31.4431,94.33,65.0000,29.1500,,,,,,,,2025-08-20,146,2024-07-22 18:27:18,2025-09-24 11:52:43,VIDEOJET TECHNOLOGIES INT.,Und,1,,,,C,COMPRA EXTERIOR,15.00,NO,,,0E-16,,0E-16,,0E-16,,
2026,2,8003 - REMISIONES GUAYAQUIL,CODIFICACION,VIDEOJET,FLUIDOS,,V7216-D,V7216-D,,,MAKE UP MEK MEK/METIL ETIL CETONA PQT ( NO CONTROLADO) 0.75ml,Unidad,12.0000,0.0000,12.0000,31.4431,377.32,65.0000,29.1500,,,,,,,,2025-08-20,146,2026-01-31 18:19:20,2025-09-24 11:52:43,VIDEOJET TECHNOLOGIES INT.,Und,1,,,,A,COMPRA EXTERIOR,15.00,NO,,,0E-16,,0E-16,,0E-16,,
2026,2,2030 - BODEGA DISPONIBLE PARA LA VENTA GYE,CODIFICACION,VIDEOJET,FLUIDOS,,V7216-D,V7216-D,,,MAKE UP MEK MEK/METIL ETIL CETONA PQT ( NO CONTROLADO) 0.75ml,Unidad,96.0000,0.0000,96.0000,31.4431,3018.54,65.0000,29.1500,,7.0000,15.0000,,B1-P26-F1,B1-P27-F2,,2025-08-20,146,2026-01-14 06:18:02,2025-09-24 11:52:43,VIDEOJET TECHNOLOGIES INT.,Und,1,,,,C,COMPRA EXTERIOR,15.00,NO,,,0E-16,,0E-16,,0E-16,,
2026,2,8003 - REMISIONES GUAYAQUIL,CODIFICACION,VIDEOJET,FLUIDOS,,V4259-D,V4259-D,,,INK MEK/METIL ETIL CETONA ( NO CONTROLADA) 0.75ml UV visible (Clear),Unidad,4.0000,0.0000,4.0000,94.2199,376.88,183.2700,87.0400,,,,,,,,2025-08-20,48,2026-01-31 18:44:28,2025-12-31 12:59:21,VIDEOJET TECHNOLOGIES INT.,Und,1,,,,B,COMPRA EXTERIOR,15.00,NO,,,0E-16,,0E-16,,0E-16,,
2026,2,1030 - BODEGA DISPONIBLE PARA LA VENTA UIO,CODIFICACION,VIDEOJET,ACCESORIOS,,BAS-BAL,BAS-BAL,,,BASE PARA BALIZA LUZ DE ALERTA EN ACERO INOX. 2MM ESPESOR,Unidad,4.0000,0.0000,4.0000,8.0000,32.00,23.1500,8.0000,,0.0000,0.0000,,P35-N04,,,2025-01-16,1164,2025-12-02 22:17:23,2022-12-11 12:12:00,RODRIGUEZ HUNGRIA DARIO JAVIER,Und,1,,,,C,COMPRA LOCAL,15.00,NO,,,0E-16,,0E-16,,0E-16,,
2026,2,2030 - BODEGA DISPONIBLE PARA LA VENTA GYE,CODIFICACION,VIDEOJET,ACCESORIOS,,BAS-BAL,BAS-BAL,,,BASE PARA BALIZA LUZ DE ALERTA EN ACERO INOX. 2MM ESPESOR,Unidad,7.0000,0.0000,7.0000,8.0000,56.00,23.1500,8.0000,,0.0000,0.0000,,B1-P59-F1,,,2025-01-16,1164,2026-02-04 10:40:53,2022-12-11 12:12:00,RODRIGUEZ HUNGRIA DARIO JAVIER,Und,1,,,,C,COMPRA LOCAL,15.00,NO,,,0E-16,,0E-16,,0E-16,,
2026,2,2025 - TALLER INOPERATIVO GYE,CODIFICACION,VIDEOJET,MÁQUINAS,,406018,406018 (23075003PWD),23075003PWD,,VJ 9550 LH,Unidad,1.0000,0.0000,1.0000,8695.8100,8695.81,12500.0000,8408.5700,2023-05-12 16:00:52.020000,,,,,,,2023-05-04,1009,,2023-05-15 06:47:17,VIDEOJET TECHNOLOGIES INT.,Und,1,,,,,COMPRA EXTERIOR,15.00,NO,,,0E-16,,0E-16,,0E-16,,
2026,2,2031 - BODEGA EQUIPOS USADOS OPERATIVOS GYE,CODIFICACION,VIDEOJET,ACCESORIOS,,CAJS-00021,CAJS-00021,,,CAJA PLASTICA LISA 224-L 220X170X120mm JSL,Unidad,1.0000,0.0000,1.0000,23.0000,23.00,47.3300,23.0000,,,,,B2-P01-F2,,,2025-01-16,957,,2023-07-06 13:02:11.990000,SENSORCONTROL SENSORES Y CONTROLADORES S.A,Und,1,,,,,COMPRA LOCAL,15.00,NO,,,0E-16,,0E-16,,0E-16,,
2026,2,1030 - BODEGA DISPONIBLE PARA LA VENTA UIO,CODIFICACION,VIDEOJET,FLUIDOS,,V4212-L,V4212-L,,,INK MEK/METIL ETIL CETONA PQT ( NO CONTROLADA) 1LITRO,Unidad,6.0000,0.0000,6.0000,90.0886,540.53,223.1500,79.4000,,,,,P34-N01,,,2025-08-20,48,,2025-12-31 12:59:21,VIDEOJET TECHNOLOGIES INT.,Und,1,,,,C,COMPRA EXTERIOR,15.00,NO,,,0E-16,,0E-16,,0E-16,,
2026,2,2030 - BODEGA DISPONIBLE PARA LA VENTA GYE,CODIFICACION,VIDEOJET,FLUIDOS,,V4212-L,V4212-L,,,INK MEK/METIL ETIL CETONA PQT ( NO CONTROLADA) 1LITRO,Unidad,31.0000,0.0000,31.0000,90.0886,2792.75,223.1500,79.4000,,,,,B1-P19-F1,,,2025-08-20,48,,2025-12-31 12:59:21,VIDEOJET TECHNOLOGIES INT.,Und,1,,,,C,COMPRA EXTERIOR,15.00,NO,,,0E-16,,0E-16,,0E-16,,
2026,2,2080 - PRÓXIMOS VENCIMIENTOS GYE,CODIFICACION,VIDEOJET,FLUIDOS,,V4212-L,V4212-L,,,INK MEK/METIL ETIL CETONA PQT ( NO CONTROLADA) 1LITRO,Unidad,4.0000,0.0000,4.0000,90.0886,360.35,223.1500,79.4000,,,,,,,,2025-08-20,48,,2025-12-31 12:59:21,VIDEOJET TECHNOLOGIES INT.,Und,1,,,,C,COMPRA EXTERIOR,15.00,NO,,,0E-16,,0E-16,,0E-16,,
2026,2,2050 - PRODUCTO NO CONFORME GYE,CODIFICACION,VIDEOJET,FLUIDOS,,V4212-L,V4212-L,,,INK MEK/METIL ETIL CETONA PQT ( NO CONTROLADA) 1LITRO,Unidad,8.0000,0.0000,8.0000,90.0886,720.71,223.1500,79.4000,,4.0000,8.0000,,,,,2025-08-20,48,,2025-12-31 12:59:21,VIDEOJET TECHNOLOGIES INT.,Und,1,,,,C,COMPRA EXTERIOR,15.00,NO,,,0E-16,,0E-16,,0E-16,,
2026,2,8003 - REMISIONES GUAYAQUIL,CODIFICACION,VIDEOJET,FLUIDOS,,V7217-L,V7217-L (233044467EG),233044467EG,31/10/2025,MEK/METIL ETIL CETONA PQT (MEK CODIFICACION CONTROLADO) CARTUCHO DE 1 LITRO,Unidad,2.0000,0.0000,2.0000,28.0384,56.08,76.3900,25.5300,2023-11-24 16:04:09.070000,,,,,,,2025-08-20,728,,2024-02-20 08:53:05,VIDEOJET TECHNOLOGIES INT.,Und,1,,,,C,COMPRA EXTERIOR,15.00,SI,,,0E-16,,0E-16,,0E-16,,
2026,2,6005 - BAJA CONTROLADOS MDI,CODIFICACION,VIDEOJET,FLUIDOS,,V7217-L,V7217-L (220290442EG),220290442EG,29/01/2024,MEK/METIL ETIL CETONA PQT (MEK CODIFICACION CONTROLADO) CARTUCHO DE 1 LITRO,Unidad,1.0000,0.0000,1.0000,36.2379,36.24,76.3900,25.5300,2023-08-10 10:07:44.270000,,,,,,,2025-08-20,921,,2023-08-11 04:17:04,VIDEOJET TECHNOLOGIES INT.,Und,1,,,,C,COMPRA EXTERIOR,15.00,SI,,,0E-16,,0E-16,,0E-16,,
2026,2,8001 - TRANSFERENCIAS EN TRÁNSITO,CODIFICACION,VIDEOJET,FLUIDOS,,V7217-L,V7217-L (252393470eg),252393470eg,27/08/2027,MEK/METIL ETIL CETONA PQT (MEK CODIFICACION CONTROLADO) CARTUCHO DE 1 LITRO,Unidad,2.0000,0.0000,2.0000,27.7667,55.53,76.3900,25.5300,2025-10-22 17:49:28.480000,,,,,,,2025-08-20,84,,2025-11-25 07:59:06,VIDEOJET TECHNOLOGIES INT.,Und,1,,,,C,COMPRA EXTERIOR,15.00,SI,,,0E-16,,0E-16,,0E-16,,
2026,2,1127 - BEBIDAS ARCACONTINENTAL QUITO,CODIFICACION,VIDEOJET,FLUIDOS,,V7217-L,V7217-L (252393470eg),252393470eg,27/08/2027,MEK/METIL ETIL CETONA PQT (MEK CODIFICACION CONTROLADO) CARTUCHO DE 1 LITRO,Unidad,2.0000,0.0000,2.0000,27.7667,55.53,76.3900,25.5300,2025-10-22 17:49:28.480000,3.0000,6.0000,,,,,2025-08-20,84,,2025-11-25 07:59:06,VIDEOJET TECHNOLOGIES INT.,Und,1,,,,C,COMPRA EXTERIOR,15.00,SI,,,0E-16,,0E-16,,0E-16,,
2026,2,2106 - BEBIDAS ARCACONTINENTAL GUAYAQUIL,CODIFICACION,VIDEOJET,FLUIDOS,,V7217-L,V7217-L (252393470eg),252393470eg,27/08/2027,MEK/METIL ETIL CETONA PQT (MEK CODIFICACION CONTROLADO) CARTUCHO DE 1 LITRO,Unidad,5.0000,0.0000,5.0000,27.7667,138.83,76.3900,25.5300,2025-10-22 17:49:28.480000,,,,,,,2025-08-20,84,,2025-11-25 07:59:06,VIDEOJET TECHNOLOGIES INT.,Und,1,,,,C,COMPRA EXTERIOR,15.00,SI,,,0E-16,,0E-16,,0E-16,,
2026,2,2106 - BEBIDAS ARCACONTINENTAL GUAYAQUIL,CODIFICACION,VIDEOJET,FLUIDOS,,V7217-L,V7217-L (253074530EG),253074530EG,03/11/2027,MEK/METIL ETIL CETONA PQT (MEK CODIFICACION CONTROLADO) CARTUCHO DE 1 LITRO,Unidad,2.0000,0.0000,2.0000,27.5869,55.17,76.3900,25.5300,2025-12-31 10:12:56.327000,,,,,,,2025-08-20,48,,2025-12-31 12:59:21,VIDEOJET TECHNOLOGIES INT.,Und,1,,,,C,COMPRA EXTERIOR,15.00,SI,,,0E-16,,0E-16,,0E-16,,
2026,2,2030 - BODEGA DISPONIBLE PARA LA VENTA GYE,CODIFICACION,VIDEOJET,FLUIDOS,,V7217-L,V7217-L (253074530EG),253074530EG,03/11/2027,MEK/METIL ETIL CETONA PQT (MEK CODIFICACION CONTROLADO) CARTUCHO DE 1 LITRO,Unidad,118.0000,0.0000,118.0000,27.5869,3255.25,76.3900,25.5300,2025-12-31 10:12:56.327000,,,,B1-P15-F3,,,2025-08-20,48,,2025-12-31 12:59:21,VIDEOJET TECHNOLOGIES INT.,Und,1,,,,C,COMPRA EXTERIOR,15.00,SI,,,0E-16,,0E-16,,0E-16,,
2026,2,1030 - BODEGA DISPONIBLE PARA LA VENTA UIO,CODIFICACION,VIDEOJET,FLUIDOS,,V7217-L,V7217-L (253074530EG),253074530EG,03/11/2027,MEK/METIL ETIL CETONA PQT (MEK CODIFICACION CONTROLADO) CARTUCHO DE 1 LITRO,Unidad,6.0000,0.0000,6.0000,27.5869,165.52,76.3900,25.5300,2025-12-31 10:12:56.327000,,,,P07-N02,,,2025-08-20,48,,2025-12-31 12:59:21,VIDEOJET TECHNOLOGIES INT.,Und,1,,,,C,COMPRA EXTERIOR,15.00,SI,,,0E-16,,0E-16,,0E-16,,
2026,2,1030 - BODEGA DISPONIBLE PARA LA VENTA UIO,CODIFICACION,VIDEOJET,FLUIDOS,,V7217-L,V7217-L (252393470eg),252393470eg,27/08/2027,MEK/METIL ETIL CETONA PQT (MEK CODIFICACION CONTROLADO) CARTUCHO DE 1 LITRO,Unidad,4.0000,0.0000,4.0000,27.7667,111.07,76.3900,25.5300,2025-10-22 17:49:28.480000,,,,P07-N02,,,2025-08-20,84,,2025-11-25 07:59:06,VIDEOJET TECHNOLOGIES INT.,Und,1,,,,C,COMPRA EXTERIOR,15.00,SI,,,0E-16,,0E-16,,0E-16,,
2026,2,1050 - BODEGA PRODUCTO NO CONFORME UIO,CODIFICACION,VIDEOJET,FLUIDOS,,V7217-L,V7217-L (232133056EG),232133056EG,01/08/2025,MEK/METIL ETIL CETONA PQT (MEK CODIFICACION CONTROLADO) CARTUCHO DE 1 LITRO,Unidad,1.0000,0.0000,1.0000,27.9646,27.96,76.3900,25.5300,2023-11-17 06:24:07.237000,,,,ZONA 1050,,,2025-08-20,813,,2023-11-27 06:56:33,VIDEOJET TECHNOLOGIES INT.,Und,1,,,,C,COMPRA EXTERIOR,15.00,SI,,,0E-16,,0E-16,,0E-16,,
2026,2,1030 - BODEGA DISPONIBLE PARA LA VENTA UIO,CODIFICACION,VIDEOJET,FLUIDOS,,V4264-D,V4264-D,,,INK MEK/METIL ETIL CETONA PQT ( NO CONTROLADA) 0.75ml,Unidad,4.0000,0.0000,4.0000,111.3382,445.35,228.5900,102.0700,,,,,P12-N01,,,2025-08-20,25,2025-12-17 15:48:20,2026-01-23 07:46:41,VIDEOJET TECHNOLOGIES INT.,Und,1,,,,C,COMPRA EXTERIOR,15.00,NO,,,0E-16,,0E-16,,0E-16,,
2026,2,2030 - BODEGA DISPONIBLE PARA LA VENTA GYE,CODIFICACION,VIDEOJET,FLUIDOS,,V4264-D,V4264-D,,,INK MEK/METIL ETIL CETONA PQT ( NO CONTROLADA) 0.75ml,Unidad,26.0000,0.0000,26.0000,111.3382,2894.79,228.5900,102.0700,,2.0000,4.0000,,B1-P23-F1,,,2025-08-20,25,2026-02-12 17:12:20,2026-01-23 07:46:41,VIDEOJET TECHNOLOGIES INT.,Und,1,,,,C,COMPRA EXTERIOR,15.00,NO,,,0E-16,,0E-16,,0E-16,,
2026,2,8003 - REMISIONES GUAYAQUIL,CODIFICACION,VIDEOJET,FLUIDOS,,V4264-D,V4264-D,,,INK MEK/METIL ETIL CETONA PQT ( NO CONTROLADA) 0.75ml,Unidad,8.0000,0.0000,8.0000,111.3382,890.71,228.5900,102.0700,,,,,,,,2025-08-20,25,2026-01-31 18:22:10,2026-01-23 07:46:41,VIDEOJET TECHNOLOGIES INT.,Und,1,,,,C,COMPRA EXTERIOR,15.00,NO,,,0E-16,,0E-16,,0E-16,,
2026,2,8002 - REMISIONES QUITO,CODIFICACION,VIDEOJET,FLUIDOS,,V4250-D,V4250-D,,,INK MEK/METIL ETIL CETONA PQT ( NO CONTROLADA) 0.75ml,Unidad,4.0000,0.0000,4.0000,136.1165,544.47,228.5900,125.7800,,,,,,,,2025-08-20,117,2026-01-31 04:40:10,2025-10-23 13:24:20,VIDEOJET TECHNOLOGIES INT.,Und,1,,,,B,COMPRA EXTERIOR,15.00,NO,,,0E-16,,0E-16,,0E-16,,
2026,2,2050 - PRODUCTO NO CONFORME GYE,CODIFICACION,VIDEOJET,FLUIDOS,,V4250-D,V4250-D,,,INK MEK/METIL ETIL CETONA PQT ( NO CONTROLADA) 0.75ml,Unidad,1.0000,0.0000,1.0000,136.1165,136.12,228.5900,125.7800,,,,,,,,2025-08-20,117,,2025-10-23 13:24:20,VIDEOJET TECHNOLOGIES INT.,Und,1,,,,B,COMPRA EXTERIOR,15.00,NO,,,0E-16,,0E-16,,0E-16,,
2026,2,8003 - REMISIONES GUAYAQUIL,CODIFICACION,VIDEOJET,FLUIDOS,,V4250-D,V4250-D,,,INK MEK/METIL ETIL CETONA PQT ( NO CONTROLADA) 0.75ml,Unidad,8.0000,0.0000,8.0000,136.1165,1088.93,228.5900,125.7800,,,,,,,,2025-08-20,117,2025-12-31 15:52:45,2025-10-23 13:24:20,VIDEOJET TECHNOLOGIES INT.,Und,1,,,,B,COMPRA EXTERIOR,15.00,NO,,,0E-16,,0E-16,,0E-16,,
2026,2,4030 - BODEGA DISPONIBLE PARA LA VENTA MANTA,CODIFICACION,VIDEOJET,FLUIDOS,,V4250-D,V4250-D,,,INK MEK/METIL ETIL CETONA PQT ( NO CONTROLADA) 0.75ml,Unidad,1.0000,0.0000,1.0000,136.1165,136.12,228.5900,125.7800,,,,,,,,2025-08-20,117,,2025-10-23 13:24:20,VIDEOJET TECHNOLOGIES INT.,Und,1,,,,B,COMPRA EXTERIOR,15.00,NO,,,0E-16,,0E-16,,0E-16,,
2026,2,8001 - TRANSFERENCIAS EN TRÁNSITO,CODIFICACION,VIDEOJET,FLUIDOS,,V4250-D,V4250-D,,,INK MEK/METIL ETIL CETONA PQT ( NO CONTROLADA) 0.75ml,Unidad,6.0000,0.0000,6.0000,136.1165,816.70,228.5900,125.7800,,,,,,,,2025-08-20,117,,2025-10-23 13:24:20,VIDEOJET TECHNOLOGIES INT.,Und,1,,,,B,COMPRA EXTERIOR,15.00,NO,,,0E-16,,0E-16,,0E-16,,
2026,2,1031 - BODEGA EQUIPOS USADOS  OPERATIVOS UIO,CODIFICACION,VIDEOJET,FLUIDOS,,V4250-D,V4250-D,,,INK MEK/METIL ETIL CETONA PQT ( NO CONTROLADA) 0.75ml,Unidad,2.0000,0.0000,2.0000,136.1165,272.23,228.5900,125.7800,,,,,,,,2025-08-20,117,,2025-10-23 13:24:20,VIDEOJET TECHNOLOGIES INT.,Und,1,,,,B,COMPRA EXTERIOR,15.00,NO,,,0E-16,,0E-16,,0E-16,,
2026,2,2030 - BODEGA DISPONIBLE PARA LA VENTA GYE,CODIFICACION,VIDEOJET,FLUIDOS,,V4250-D,V4250-D,,,INK MEK/METIL ETIL CETONA PQT ( NO CONTROLADA) 0.75ml,Unidad,20.0000,0.0000,20.0000,136.1165,2722.33,228.5900,125.7800,,3.0000,6.0000,,B1-P23-F1,,,2025-08-20,117,2026-02-13 15:48:02,2025-10-23 13:24:20,VIDEOJET TECHNOLOGIES INT.,Und,1,,,,C,COMPRA EXTERIOR,15.00,NO,,,0E-16,,0E-16,,0E-16,,
2026,2,1030 - BODEGA DISPONIBLE PARA LA VENTA UIO,CODIFICACION,VIDEOJET,FLUIDOS,,V4250-D,V4250-D,,,INK MEK/METIL ETIL CETONA PQT ( NO CONTROLADA) 0.75ml,Unidad,18.0000,0.0000,18.0000,136.1165,2450.10,228.5900,125.7800,,1.0000,1.0000,,P13-N01,,,2025-08-20,117,2026-01-19 08:26:33,2025-10-23 13:24:20,VIDEOJET TECHNOLOGIES INT.,Und,1,,,,C,COMPRA EXTERIOR,15.00,NO,,,0E-16,,0E-16,,0E-16,,
2026,2,1030 - BODEGA DISPONIBLE PARA LA VENTA UIO,CODIFICACION,VIDEOJET,FLUIDOS,,V7250-D,V7250-D,,,SOLVENTE  ( NO CONTROLADA) 0.75ml,Unidad,40.0000,0.0000,40.0000,28.6478,1145.91,66.1500,25.9000,,2.0000,3.0000,,P17-N03,,,2025-08-20,25,2026-02-05 16:19:09,2026-01-23 07:46:41,VIDEOJET TECHNOLOGIES INT.,Und,1,,,,C,COMPRA EXTERIOR,15.00,NO,,,0E-16,,0E-16,,0E-16,,
2026,2,2030 - BODEGA DISPONIBLE PARA LA VENTA GYE,CODIFICACION,VIDEOJET,FLUIDOS,,V7250-D,V7250-D,,,SOLVENTE  ( NO CONTROLADA) 0.75ml,Unidad,47.0000,0.0000,47.0000,28.6478,1346.45,66.1500,25.9000,,10.0000,20.0000,,B1-P38-F3,,,2025-08-20,25,2026-02-13 15:48:02,2026-01-23 07:46:41,VIDEOJET TECHNOLOGIES INT.,Und,1,,,,C,COMPRA EXTERIOR,15.00,NO,,,0E-16,,0E-16,,0E-16,,
2026,2,1031 - BODEGA EQUIPOS USADOS  OPERATIVOS UIO,CODIFICACION,VIDEOJET,FLUIDOS,,V7250-D,V7250-D,,,SOLVENTE  ( NO CONTROLADA) 0.75ml,Unidad,1.0000,0.0000,1.0000,28.6478,28.65,66.1500,25.9000,,,,,,,,2025-08-20,25,,2026-01-23 07:46:41,VIDEOJET TECHNOLOGIES INT.,Und,1,,,,B,COMPRA EXTERIOR,15.00,NO,,,0E-16,,0E-16,,0E-16,,
2026,2,8001 - TRANSFERENCIAS EN TRÁNSITO,CODIFICACION,VIDEOJET,FLUIDOS,,V7250-D,V7250-D,,,SOLVENTE  ( NO CONTROLADA) 0.75ml,Unidad,18.0000,0.0000,18.0000,28.6478,515.66,66.1500,25.9000,,,,,,,,2025-08-20,25,,2026-01-23 07:46:41,VIDEOJET TECHNOLOGIES INT.,Und,1,,,,B,COMPRA EXTERIOR,15.00,NO,,,0E-16,,0E-16,,0E-16,,
2026,2,4030 - BODEGA DISPONIBLE PARA LA VENTA MANTA,CODIFICACION,VIDEOJET,FLUIDOS,,V7250-D,V7250-D,,,SOLVENTE  ( NO CONTROLADA) 0.75ml,Unidad,2.0000,0.0000,2.0000,28.6478,57.30,66.1500,25.9000,,,,,,,,2025-08-20,25,,2026-01-23 07:46:41,VIDEOJET TECHNOLOGIES INT.,Und,1,,,,B,COMPRA EXTERIOR,15.00,NO,,,0E-16,,0E-16,,0E-16,,
2026,2,8002 - REMISIONES QUITO,CODIFICACION,VIDEOJET,FLUIDOS,,V7250-D,V7250-D,,,SOLVENTE  ( NO CONTROLADA) 0.75ml,Unidad,2.0000,0.0000,2.0000,28.6478,57.30,66.1500,25.9000,,,,,,,,2025-08-20,25,2026-01-31 04:40:10,2026-01-23 07:46:41,VIDEOJET TECHNOLOGIES INT.,Und,1,,,,B,COMPRA EXTERIOR,15.00,NO,,,0E-16,,0E-16,,0E-16,,
2026,2,8003 - REMISIONES GUAYAQUIL,CODIFICACION,VIDEOJET,FLUIDOS,,V7250-D,V7250-D,,,SOLVENTE  ( NO CONTROLADA) 0.75ml,Unidad,56.0000,0.0000,56.0000,28.6478,1604.28,66.1500,25.9000,,,,,,,,2025-08-20,25,2026-01-31 18:50:21,2026-01-23 07:46:41,VIDEOJET TECHNOLOGIES INT.,Und,1,,,,B,COMPRA EXTERIOR,15.00,NO,,,0E-16,,0E-16,,0E-16,,
2026,2,1030 - BODEGA DISPONIBLE PARA LA VENTA UIO,CODIFICACION,KETAN,ACCESORIOS,,LA-B10,LA-B10,,,Sensor de Etiqueta Ketan,Unidad,1.0000,0.0000,1.0000,132.9850,132.99,213.8900,97.0000,,,,,P35-N06,,,2025-01-16,890,2023-09-11 09:34:38,2023-09-11 09:18:19,KETAN ARGENTINA SOCIEDAD ANONIMA,Und,1,,,,C,COMPRA EXTERIOR,15.00,NO,,,0E-16,,0E-16,,0E-16,,
2026,2,8003 - REMISIONES GUAYAQUIL,CODIFICACION,VIDEOJET,ACCESORIOS,,101031,101031,,,Polea y/o disco para encoder,Unidad,1.0000,0.0000,1.0000,85.0000,85.00,349.8600,85.0000,,,,,,,,2025-01-16,26,,2026-01-22 10:58:41.973000,LOPEZ GARCIA EDWIN ROBERTO,Und,1,,,,,COMPRA LOCAL,15.00,NO,,,0E-16,,0E-16,,0E-16,,
2026,2,8003 - REMISIONES GUAYAQUIL,CODIFICACION,VIDEOJET,CINTAS,,15-X55WQ10,15-X55WQ10,,,"THERMAL TRANSFER RIBBON, WHITE",Unidad,1.0000,0.0000,1.0000,92.0240,92.02,139.6900,60.5000,,,,,,,,2025-08-20,798,2025-10-31 05:12:05,2023-12-12 08:03:56,VIDEOJET TECHNOLOGIES INT.,Und,1,,,,,COMPRA EXTERIOR,15.00,NO,,,0E-16,,0E-16,,0E-16,,
2026,2,2030 - BODEGA DISPONIBLE PARA LA VENTA GYE,CODIFICACION,VIDEOJET,CINTAS,,15-X55WQ10,15-X55WQ10,,,"THERMAL TRANSFER RIBBON, WHITE",Unidad,7.0000,0.0000,7.0000,92.0240,644.17,139.6900,60.5000,,0.0000,0.0000,,B1-P41-F3,,,2025-08-20,798,,2023-12-12 08:03:56,VIDEOJET TECHNOLOGIES INT.,Und,1,,,,,COMPRA EXTERIOR,15.00,NO,,,0E-16,,0E-16,,0E-16,,
2026,2,1030 - BODEGA DISPONIBLE PARA LA VENTA UIO,CODIFICACION,KETAN,MÁQUINAS,,KCD-01-AL,KCD-01-AL,,,DISPENSADOR DE CAJAS PLEGABLES,Unidad,1.0000,0.0000,1.0000,3641.0200,3641.02,6500.0000,3641.0200,,,,,,,,2023-12-20,201,,2025-07-31 06:37:00,ADN Automation Equipment LLC,Und,1,,,,,COMPRA EXTERIOR,15.00,NO,,,0E-16,,0E-16,,0E-16,,
2026,2,1030 - BODEGA DISPONIBLE PARA LA VENTA UIO,CODIFICACION,KETAN,MÁQUINAS,,KLL-Z6,KLL-Z6,,,APLICADOR DE ETIQUETAS,Unidad,1.0000,0.0000,1.0000,3515.4700,3515.47,6500.0000,3515.4700,,,,,,,,2023-12-20,201,,2025-07-31 06:37:00,ADN Automation Equipment LLC,Und,1,,,,,COMPRA EXTERIOR,15.00,NO,,,0E-16,,0E-16,,0E-16,,
2026,2,1030 - BODEGA DISPONIBLE PARA LA VENTA UIO,CODIFICACION,KETAN,MÁQUINAS,,ZE52162-R010000Z,ZE52162-R010000Z,,,"MÓDULO DE IMPRESIÓN ZEBRA 6"" 203 DPI",Unidad,1.0000,0.0000,1.0000,5398.7600,5398.76,8500.0000,5398.7600,,,,,,,,2023-12-28,201,,2025-07-31 06:37:00,KETAN ARGENTINA SOCIEDAD ANONIMA,Und,1,,,,,COMPRA EXTERIOR,15.00,NO,,,0E-16,,0E-16,,0E-16,,
2026,2,2025 - TALLER INOPERATIVO GYE,CODIFICACION,VIDEOJET,MÁQUINAS,,AL-85096,AL-85096 (25141005LWD),25141005LWD,,"LASER MARKING SYSTEM, VIDEOJET 3350 9,3um IP 65",Unidad,1.0000,0.0000,1.0000,17099.1700,17099.17,40000.0000,14604.7400,2025-06-18 09:37:28.673000,,,,,,,2024-01-03,242,,2025-06-20 08:45:29,VIDEOJET TECHNOLOGIES INT.,Und,1,,,,,COMPRA EXTERIOR,15.00,NO,,,0E-16,,0E-16,,0E-16,,
2026,2,2025 - TALLER INOPERATIVO GYE,CODIFICACION,VIDEOJET,MÁQUINAS,,AL-85096,AL-85096 (25142002LWD),25142002LWD,,"LASER MARKING SYSTEM, VIDEOJET 3350 9,3um IP 65",Unidad,1.0000,0.0000,1.0000,16592.1300,16592.13,40000.0000,14604.7400,2025-07-16 10:53:24.017000,,,,,,,2024-01-03,214,,2025-07-18 08:19:45,VIDEOJET TECHNOLOGIES INT.,Und,1,,,,,COMPRA EXTERIOR,15.00,NO,,,0E-16,,0E-16,,0E-16,,
2026,2,2025 - TALLER INOPERATIVO GYE,CODIFICACION,WUHAN,MÁQUINAS,,BC-220V-200W,BC-220V-200W,,,Belt Conveyor 200VAC/200W,Unidad,3.0000,0.0000,3.0000,439.6050,1318.82,1600.0000,353.0000,,,,,,,,2024-01-30,743,,2024-02-05 05:46:09,WUHAN WIDODA CO.LTD,Und,1,,,,,COMPRA EXTERIOR,15.00,NO,,,0E-16,,0E-16,,0E-16,,
2026,2,2030 - BODEGA DISPONIBLE PARA LA VENTA GYE,CODIFICACION,WUHAN,MÁQUINAS,,BC-220V-200W,BC-220V-200W,,,Belt Conveyor 200VAC/200W,Unidad,3.0000,0.0000,3.0000,439.6050,1318.82,1600.0000,353.0000,,1.0000,2.0000,,B2-R3-F1,B2-R4-F1,,2024-01-30,743,2025-10-23 15:05:01,2024-02-05 05:46:09,WUHAN WIDODA CO.LTD,Und,1,,,,,COMPRA EXTERIOR,15.00,NO,,,0E-16,,0E-16,,0E-16,,
2026,2,2030 - BODEGA DISPONIBLE PARA LA VENTA GYE,CODIFICACION,VIDEOJET,FLUIDOS,,V4278-D,V4278-D,,,INK MEK/METIL ETIL CETONA PQT ( NO CONTROLADA) 0.75ml VIOLET,Unidad,6.0000,0.0000,6.0000,111.8284,670.97,243.4300,102.6000,,0.0000,1.0000,,B1-P33-F1,,,2025-08-20,25,2024-10-08 00:08:36,2026-01-23 07:46:41,VIDEOJET TECHNOLOGIES INT.,Und,1,,,,C,COMPRA EXTERIOR,15.00,NO,,,0E-16,,0E-16,,0E-16,,
2026,2,2050 - PRODUCTO NO CONFORME GYE,CODIFICACION,VIDEOJET,FLUIDOS,,V4278-D,V4278-D,,,INK MEK/METIL ETIL CETONA PQT ( NO CONTROLADA) 0.75ml VIOLET,Unidad,15.0000,0.0000,15.0000,111.8284,1677.43,243.4300,102.6000,,,,,,,,2025-08-20,25,,2026-01-23 07:46:41,VIDEOJET TECHNOLOGIES INT.,Und,1,,,,C,COMPRA EXTERIOR,15.00,NO,,,0E-16,,0E-16,,0E-16,,
2026,2,2030 - BODEGA DISPONIBLE PARA LA VENTA GYE,CODIFICACION,VIDEOJET,FLUIDOS,,V7278-D,V7278-D,,,INK MEK/METIL ETIL CETONA PQT ( NO CONTROLADA) 0.75ml VIOLET,Unidad,30.0000,0.0000,30.0000,22.0040,660.12,52.7600,20.1700,,0.0000,1.0000,,B1-P33-F1,,,2025-08-20,25,2026-01-15 15:00:01,2026-01-23 07:46:41,VIDEOJET TECHNOLOGIES INT.,Und,1,,,,B,COMPRA EXTERIOR,15.00,NO,,,0E-16,,0E-16,,0E-16,,
2026,2,2030 - BODEGA DISPONIBLE PARA LA VENTA GYE,CODIFICACION,VIDEOJET,MÁQUINAS,,U1880-00-653S-0101,U1880-00-653S-0101 (25337001C67ZH),25337001C67ZH,,"VJ1880 UHS, WORLD, IP66, 50 MICRON, 3M STRAIGHT, CLEANFLOW",Unidad,1.0000,0.0000,1.0000,8472.2600,8472.26,13000.0000,7854.3600,2026-01-28 15:14:31.880000,,,,,,,2024-03-04,17,,2026-01-31 06:36:42,VIDEOJET TECHNOLOGIES INT.,Und,1,,,,,COMPRA EXTERIOR,15.00,NO,,,0E-16,,0E-16,,0E-16,,
2026,2,2030 - BODEGA DISPONIBLE PARA LA VENTA GYE,CODIFICACION,VIDEOJET,MÁQUINAS,,U1880-00-653S-0101,U1880-00-653S-0101 (25337002C67ZH),25337002C67ZH,,"VJ1880 UHS, WORLD, IP66, 50 MICRON, 3M STRAIGHT, CLEANFLOW",Unidad,1.0000,0.0000,1.0000,8472.2600,8472.26,13000.0000,7854.3600,2026-01-28 15:14:31.880000,,,,,,,2024-03-04,17,,2026-01-31 06:36:42,VIDEOJET TECHNOLOGIES INT.,Und,1,,,,,COMPRA EXTERIOR,15.00,NO,,,0E-16,,0E-16,,0E-16,,
2026,2,8001 - TRANSFERENCIAS EN TRÁNSITO,CODIFICACION,VIDEOJET,MÁQUINAS,,U1880-00-653S-0101,U1880-00-653S-0101 (26002001C67ZH),26002001C67ZH,,"VJ1880 UHS, WORLD, IP66, 50 MICRON, 3M STRAIGHT, CLEANFLOW",Unidad,1.0000,0.0000,1.0000,8670.4300,8670.43,13000.0000,7854.3600,2026-01-21 19:46:20.683000,,,,,,,2024-03-04,22,,2026-01-26 07:23:43,VIDEOJET TECHNOLOGIES INT.,Und,1,,,,,COMPRA EXTERIOR,15.00,NO,,,0E-16,,0E-16,,0E-16,,
2026,2,8003 - REMISIONES GUAYAQUIL,CODIFICACION,VIDEOJET,FLUIDOS,,V4201-L,V4201-L,,,MEK/METIL ETIL CETONA PQT (TINTA NO CONTROLADA) 1LITRO,Unidad,1.0000,0.0000,1.0000,78.2420,78.24,230.7500,75.2200,,,,,,,,2025-08-20,25,2025-01-18 15:45:01,2026-01-23 07:46:41,VIDEOJET TECHNOLOGIES INT.,Und,1,,,,C,COMPRA EXTERIOR,15.00,NO,,,0E-16,,0E-16,,0E-16,,
2026,2,2030 - BODEGA DISPONIBLE PARA LA VENTA GYE,CODIFICACION,VIDEOJET,FLUIDOS,,V4201-L,V4201-L,,,MEK/METIL ETIL CETONA PQT (TINTA NO CONTROLADA) 1LITRO,Unidad,9.0000,0.0000,9.0000,78.2420,704.18,230.7500,75.2200,,1.0000,2.0000,,B1-P25-F5,,,2025-08-20,25,2025-12-17 04:41:18,2026-01-23 07:46:41,VIDEOJET TECHNOLOGIES INT.,Und,1,,,,C,COMPRA EXTERIOR,15.00,NO,,,0E-16,,0E-16,,0E-16,,
2026,2,1030 - BODEGA DISPONIBLE PARA LA VENTA UIO,CODIFICACION,VIDEOJET,FLUIDOS,,V4201-L,V4201-L,,,MEK/METIL ETIL CETONA PQT (TINTA NO CONTROLADA) 1LITRO,Unidad,10.0000,0.0000,10.0000,78.2420,782.42,230.7500,75.2200,,2.0000,3.0000,,P18-N01,,,2025-08-20,25,2025-11-05 16:34:43,2026-01-23 07:46:41,VIDEOJET TECHNOLOGIES INT.,Und,1,,,,C,COMPRA EXTERIOR,15.00,NO,,,0E-16,,0E-16,,0E-16,,
2026,2,1030 - BODEGA DISPONIBLE PARA LA VENTA UIO,CODIFICACION,VIDEOJET,FLUIDOS,,V7201-L,V7201-L,,,SOLVENTE DE CODIFICACION NO CONTROLADO 1LITRO,Unidad,26.0000,0.0000,26.0000,28.9478,752.64,77.0200,26.8600,,3.0000,6.0000,,P15-N03,,,2025-08-20,201,2026-01-15 13:41:44,2025-07-31 07:11:52,VIDEOJET TECHNOLOGIES INT.,Und,1,,,,B,COMPRA EXTERIOR,15.00,NO,,,0E-16,,0E-16,,0E-16,,
2026,2,2030 - BODEGA DISPONIBLE PARA LA VENTA GYE,CODIFICACION,VIDEOJET,FLUIDOS,,V7201-L,V7201-L,,,SOLVENTE DE CODIFICACION NO CONTROLADO 1LITRO,Unidad,33.0000,0.0000,33.0000,28.9478,955.28,77.0200,26.8600,,2.0000,4.0000,,B1-P33-F3,,,2025-08-20,201,2025-12-17 04:41:18,2025-07-31 07:11:52,VIDEOJET TECHNOLOGIES INT.,Und,1,,,,C,COMPRA EXTERIOR,15.00,NO,,,0E-16,,0E-16,,0E-16,,
2026,2,8003 - REMISIONES GUAYAQUIL,CODIFICACION,VIDEOJET,FLUIDOS,,V7201-L,V7201-L,,,SOLVENTE DE CODIFICACION NO CONTROLADO 1LITRO,Unidad,3.0000,0.0000,3.0000,28.9478,86.84,77.0200,26.8600,,,,,,,,2025-08-20,201,2026-01-31 18:40:24,2025-07-31 07:11:52,VIDEOJET TECHNOLOGIES INT.,Und,1,,,,B,COMPRA EXTERIOR,15.00,NO,,,0E-16,,0E-16,,0E-16,,
2026,2,8003 - REMISIONES GUAYAQUIL,CODIFICACION,VIDEOJET,MÁQUINAS,,P1580-00-563S-0100,P1580-00-563S-0100 (24207016C65ZH),24207016C65ZH,,"VJ1580 PLUS, WORLD, IP55, 60 MICRON, 3M STRAIGHT",Unidad,1.0000,0.0000,1.0000,5256.0600,5256.06,9500.0000,4991.8700,2024-10-10 16:09:10.433000,,,,,,,2024-06-03,491,,2024-10-14 11:32:52,VIDEOJET TECHNOLOGIES INT.,Und,1,,,,,COMPRA EXTERIOR,15.00,NO,,,0E-16,,0E-16,,0E-16,,
2026,2,2030 - BODEGA DISPONIBLE PARA LA VENTA GYE,CODIFICACION,VIDEOJET,MÁQUINAS,,P1580-00-663S-0101,P1580-00-663S-0101 (25335007C65ZH),25335007C65ZH,,"VJ1580 PLUS, WORLD, IP65, 60 MICRON, 3M STRAIGHT",Unidad,1.0000,0.0000,1.0000,6058.5000,6058.50,9500.0000,5673.6300,2025-12-26 22:54:52.807000,,,,,,,2024-06-03,52,,2025-12-27 15:01:19,VIDEOJET TECHNOLOGIES INT.,Und,1,,,,,COMPRA EXTERIOR,15.00,NO,,,0E-16,,0E-16,,0E-16,,
2026,2,6000 - MÁQUINAS STOCK IDEAL,CODIFICACION,VIDEOJET,MÁQUINAS,,P1580-00-663S-0101,P1580-00-663S-0101 (25147012C65ZH),25147012C65ZH,,"VJ1580 PLUS, WORLD, IP65, 60 MICRON, 3M STRAIGHT",Unidad,1.0000,0.0000,1.0000,5887.5600,5887.56,9500.0000,5673.6300,2025-06-25 13:01:59.023000,,,,,,,2024-06-03,236,,2025-06-26 07:34:07,VIDEOJET TECHNOLOGIES INT.,Und,1,,,,,COMPRA EXTERIOR,15.00,NO,,,0E-16,,0E-16,,0E-16,,
2026,2,2030 - BODEGA DISPONIBLE PARA LA VENTA GYE,CODIFICACION,VIDEOJET,MÁQUINAS,,P1580-00-663S-0101,P1580-00-663S-0101 (25337006C65ZH),25337006C65ZH,,"VJ1580 PLUS, WORLD, IP65, 60 MICRON, 3M STRAIGHT",Unidad,1.0000,0.0000,1.0000,6119.9700,6119.97,9500.0000,5673.6300,2026-01-28 15:14:31.630000,,,,,,,2024-06-03,17,,2026-01-31 06:36:42,VIDEOJET TECHNOLOGIES INT.,Und,1,,,,,COMPRA EXTERIOR,15.00,NO,,,0E-16,,0E-16,,0E-16,,
2026,2,1030 - BODEGA DISPONIBLE PARA LA VENTA UIO,CODIFICACION,KETAN,REPUESTOS,,KTP-000694-A-G,KTP-000694-A-G,,,BANDA ENVOLVENTE LCW/MS100,Unidad,2.0000,0.0000,2.0000,252.5250,505.05,756.0000,240.0000,,,,,P39-N05,,,2025-01-16,550,2024-08-16 18:12:35,2024-08-16 13:51:37,KETAN ARGENTINA SOCIEDAD ANONIMA,Und,1,,,,,COMPRA EXTERIOR,15.00,NO,,,0E-16,,0E-16,,0E-16,,
2026,2,1030 - BODEGA DISPONIBLE PARA LA VENTA UIO,CODIFICACION,VIDEOJET,FLUIDOS,,V430-D,V430-D,,,MEK/METIL ETIL NEGRA CETONA PQT (TINTA NO CONTROLADA) 0.75ML,Unidad,2.0000,0.0000,2.0000,139.2285,278.46,293.3800,131.3900,,2.0000,4.0000,,P34-N03,,,2025-08-20,25,2026-01-20 08:57:43,2026-01-23 07:46:41,VIDEOJET TECHNOLOGIES INT.,Und,1,,,,C,COMPRA EXTERIOR,15.00,NO,,,0E-16,,0E-16,,0E-16,,
2026,2,2030 - BODEGA DISPONIBLE PARA LA VENTA GYE,CODIFICACION,VIDEOJET,FLUIDOS,,V430-D,V430-D,,,MEK/METIL ETIL NEGRA CETONA PQT (TINTA NO CONTROLADA) 0.75ML,Unidad,9.0000,0.0000,9.0000,139.2285,1253.06,293.3800,131.3900,,,,,B1-P20-F3,,,2025-08-20,25,2025-09-24 12:02:03,2026-01-23 07:46:41,VIDEOJET TECHNOLOGIES INT.,Und,1,,,,C,COMPRA EXTERIOR,15.00,NO,,,0E-16,,0E-16,,0E-16,,
2026,2,2030 - BODEGA DISPONIBLE PARA LA VENTA GYE,CODIFICACION,VIDEOJET,FLUIDOS,,V7221-D,V7221-D (251151668EG),251151668EG,25/04/2027,"MEK/METIL ETIL CETONA PQT (MEK CODIFICACION CONTROLADO) CARTUCHO DE 0,75 LITRO",Unidad,1.0000,0.0000,1.0000,22.0165,22.02,65.8100,21.1300,2025-06-24 09:11:51.670000,1.0000,3.0000,,B1-P06-F3,,,2025-08-20,238,2025-10-16 07:17:34,2025-06-24 11:10:53,VIDEOJET TECHNOLOGIES INT.,Und,1,,,,C,COMPRA EXTERIOR,15.00,SI,,,0E-16,,0E-16,,0E-16,,
2026,2,2030 - BODEGA DISPONIBLE PARA LA VENTA GYE,CODIFICACION,VIDEOJET,FLUIDOS,,V7221-D,V7221-D (251412039EG),251412039EG,21/05/2027,"MEK/METIL ETIL CETONA PQT (MEK CODIFICACION CONTROLADO) CARTUCHO DE 0,75 LITRO",Unidad,13.0000,0.0000,13.0000,21.8349,283.85,65.8100,21.1300,2025-07-30 15:12:46.360000,1.0000,3.0000,,B1-P06-F3,,,2025-08-20,201,2026-01-21 06:37:52,2025-07-31 07:11:52,VIDEOJET TECHNOLOGIES INT.,Und,1,,,,C,COMPRA EXTERIOR,15.00,SI,,,0E-16,,0E-16,,0E-16,,
2026,2,2030 - BODEGA DISPONIBLE PARA LA VENTA GYE,CODIFICACION,VIDEOJET,FLUIDOS,,V7221-D,V7221-D (252553726EG),252553726EG,12/09/2027,"MEK/METIL ETIL CETONA PQT (MEK CODIFICACION CONTROLADO) CARTUCHO DE 0,75 LITRO",Unidad,8.0000,0.0000,8.0000,23.0150,184.12,65.8100,21.1300,2025-11-24 15:01:06.830000,1.0000,3.0000,,B1-P06-F3,,,2025-08-20,84,2025-12-31 03:28:52,2025-11-25 07:59:06,VIDEOJET TECHNOLOGIES INT.,Und,1,,,,C,COMPRA EXTERIOR,15.00,SI,,,0E-16,,0E-16,,0E-16,,
2026,2,2030 - BODEGA DISPONIBLE PARA LA VENTA GYE,CODIFICACION,VIDEOJET,FLUIDOS,,V7221-D,V7221-D (251882684EG),251882684EG,07/07/2027,"MEK/METIL ETIL CETONA PQT (MEK CODIFICACION CONTROLADO) CARTUCHO DE 0,75 LITRO",Unidad,6.0000,0.0000,6.0000,22.9433,137.66,65.8100,21.1300,2025-10-22 17:49:28.447000,1.0000,3.0000,,B1-P06-F3,,,2025-08-20,117,,2025-10-23 13:24:20,VIDEOJET TECHNOLOGIES INT.,Und,1,,,,C,COMPRA EXTERIOR,15.00,SI,,,0E-16,,0E-16,,0E-16,,
2026,2,1030 - BODEGA DISPONIBLE PARA LA VENTA UIO,CODIFICACION,VIDEOJET,FLUIDOS,,V7221-D,V7221-D (250831203EG),250831203EG,24/03/2027,"MEK/METIL ETIL CETONA PQT (MEK CODIFICACION CONTROLADO) CARTUCHO DE 0,75 LITRO",Unidad,12.0000,0.0000,12.0000,22.1096,265.32,65.8100,21.1300,2025-05-30 09:57:41.697000,,,,P05-N03,,,2025-08-20,262,,2025-05-31 10:24:21,VIDEOJET TECHNOLOGIES INT.,Und,1,,,,C,COMPRA EXTERIOR,15.00,SI,,,0E-16,,0E-16,,0E-16,,
2026,2,1030 - BODEGA DISPONIBLE PARA LA VENTA UIO,CODIFICACION,VIDEOJET,FLUIDOS,,V7221-D,V7221-D (243515155EG),243515155EG,16/12/2026,"MEK/METIL ETIL CETONA PQT (MEK CODIFICACION CONTROLADO) CARTUCHO DE 0,75 LITRO",Unidad,6.0000,0.0000,6.0000,24.7534,148.52,65.8100,21.1300,2025-02-16 17:05:03.920000,,,,P05-N03,,,2025-08-20,354,,2025-02-28 06:59:00,VIDEOJET TECHNOLOGIES INT.,Und,1,,,,C,COMPRA EXTERIOR,15.00,SI,,,0E-16,,0E-16,,0E-16,,
2026,2,2050 - PRODUCTO NO CONFORME GYE,CODIFICACION,VIDEOJET,FLUIDOS,,V7221-D,V7221-D (240120177EG),240120177EG,12/01/2026,"MEK/METIL ETIL CETONA PQT (MEK CODIFICACION CONTROLADO) CARTUCHO DE 0,75 LITRO",Unidad,1.0000,0.0000,1.0000,20.7445,20.74,65.8100,21.1300,2025-01-22 22:39:16.977000,,,,,,,2025-08-20,390,,2025-01-23 05:36:50,VIDEOJET TECHNOLOGIES INT.,Und,1,,,,C,COMPRA EXTERIOR,15.00,SI,,,0E-16,,0E-16,,0E-16,,
2026,2,2080 - PRÓXIMOS VENCIMIENTOS GYE,CODIFICACION,VIDEOJET,FLUIDOS,,V4283-E,V4283-E,,,MEK/METIL ETIL NEGRA CETONA PQT (TINTA NO CONTROLADA) 0.75ML AMARILLA,Unidad,4.0000,0.0000,4.0000,91.1754,364.70,230.9900,82.5100,,,,,,,,2025-08-20,201,,2025-07-31 07:11:52,VIDEOJET TECHNOLOGIES INT.,Und,1,,,,C,COMPRA EXTERIOR,15.00,NO,,,0E-16,,0E-16,,0E-16,,
2026,2,1080 - PROXIMOS VENCIMIENTOS UIO,CODIFICACION,VIDEOJET,FLUIDOS,,V4283-E,V4283-E,,,MEK/METIL ETIL NEGRA CETONA PQT (TINTA NO CONTROLADA) 0.75ML AMARILLA,Unidad,8.0000,0.0000,8.0000,91.1754,729.40,230.9900,82.5100,,,,,,,,2025-08-20,201,,2025-07-31 07:11:52,VIDEOJET TECHNOLOGIES INT.,Und,1,,,,C,COMPRA EXTERIOR,15.00,NO,,,0E-16,,0E-16,,0E-16,,
2026,2,4030 - BODEGA DISPONIBLE PARA LA VENTA MANTA,CODIFICACION,VIDEOJET,FLUIDOS,,V4283-E,V4283-E,,,MEK/METIL ETIL NEGRA CETONA PQT (TINTA NO CONTROLADA) 0.75ML AMARILLA,Unidad,2.0000,0.0000,2.0000,91.1754,182.35,230.9900,82.5100,,,,,,,,2025-08-20,201,,2025-07-31 07:11:52,VIDEOJET TECHNOLOGIES INT.,Und,1,,,,C,COMPRA EXTERIOR,15.00,NO,,,0E-16,,0E-16,,0E-16,,
2026,2,1030 - BODEGA DISPONIBLE PARA LA VENTA UIO,CODIFICACION,VIDEOJET,FLUIDOS,,V4283-E,V4283-E,,,MEK/METIL ETIL NEGRA CETONA PQT (TINTA NO CONTROLADA) 0.75ML AMARILLA,Unidad,3.0000,0.0000,3.0000,91.1754,273.53,230.9900,82.5100,,,,,P35-N01,,,2025-08-20,201,,2025-07-31 07:11:52,VIDEOJET TECHNOLOGIES INT.,Und,1,,,,C,COMPRA EXTERIOR,15.00,NO,,,0E-16,,0E-16,,0E-16,,
2026,2,2030 - BODEGA DISPONIBLE PARA LA VENTA GYE,CODIFICACION,VIDEOJET,FLUIDOS,,V4283-E,V4283-E,,,MEK/METIL ETIL NEGRA CETONA PQT (TINTA NO CONTROLADA) 0.75ML AMARILLA,Unidad,17.0000,0.0000,17.0000,91.1754,1549.98,230.9900,82.5100,,0.0000,1.0000,,B1-P19-F1,,,2025-08-20,201,2025-12-17 17:18:24,2025-07-31 07:11:52,VIDEOJET TECHNOLOGIES INT.,Und,1,,,,C,COMPRA EXTERIOR,15.00,NO,,,0E-16,,0E-16,,0E-16,,
2026,2,8003 - REMISIONES GUAYAQUIL,CODIFICACION,VIDEOJET,MÁQUINAS,,P1580-00-573S-0100,P1580-00-573S-0100 (24113003C65ZH),24113003C65ZH,,"VJ1580 PLUS, WORLD, IP55, 70 MICRON, 3M",Unidad,1.0000,0.0000,1.0000,5365.2400,5365.24,9500.0000,5448.1200,2024-07-18 12:06:32.003000,,,,,,,2024-07-16,579,,2024-07-18 16:04:56,VIDEOJET TECHNOLOGIES INT.,Und,1,,,,,COMPRA EXTERIOR,15.00,NO,,,0E-16,,0E-16,,0E-16,,
2026,2,1025 - TALLER INOPERATIVO UIO,CODIFICACION,VIDEOJET,MÁQUINAS,,P1580-00-573S-0100,P1580-00-573S-0100 (24113004C65ZH),24113004C65ZH,,"VJ1580 PLUS, WORLD, IP55, 70 MICRON, 3M",Unidad,1.0000,0.0000,1.0000,5365.2400,5365.24,9500.0000,5448.1200,2024-07-18 12:06:32.017000,,,,,,,2024-07-16,579,,2024-07-18 16:04:56,VIDEOJET TECHNOLOGIES INT.,Und,1,,,,,COMPRA EXTERIOR,15.00,NO,,,0E-16,,0E-16,,0E-16,,
2026,2,2030 - BODEGA DISPONIBLE PARA LA VENTA GYE,CODIFICACION,VIDEOJET,MÁQUINAS,,P1580-00-573S-0100,P1580-00-573S-0100 (25237012C65ZH),25237012C65ZH,,"VJ1580 PLUS, WORLD, IP55, 70 MICRON, 3M",Unidad,1.0000,0.0000,1.0000,6091.0900,6091.09,9500.0000,5448.1200,2025-10-07 17:04:27.987000,0.0000,0.0000,,,,,2024-07-16,124,,2025-10-16 12:09:44,VIDEOJET TECHNOLOGIES INT.,Und,1,,,,,COMPRA EXTERIOR,15.00,NO,,,0E-16,,0E-16,,0E-16,,
2026,2,1031 - BODEGA EQUIPOS USADOS  OPERATIVOS UIO,CODIFICACION,VIDEOJET,MÁQUINAS,,P1580-00-573S-0100,P1580-00-573S-0100 (25237013C65ZH),25237013C65ZH,,"VJ1580 PLUS, WORLD, IP55, 70 MICRON, 3M",Unidad,1.0000,0.0000,1.0000,6091.0900,6091.09,9500.0000,5448.1200,2025-10-07 17:04:27.997000,0.0000,0.0000,,,,,2024-07-16,124,,2025-10-16 12:09:44,VIDEOJET TECHNOLOGIES INT.,Und,1,,,,,COMPRA EXTERIOR,15.00,NO,,,0E-16,,0E-16,,0E-16,,
2026,2,2030 - BODEGA DISPONIBLE PARA LA VENTA GYE,CODIFICACION,VIDEOJET,MÁQUINAS,,P1580-00-573S-0100,P1580-00-573S-0100 (25237016C65ZH),25237016C65ZH,,"VJ1580 PLUS, WORLD, IP55, 70 MICRON, 3M",Unidad,1.0000,0.0000,1.0000,6091.0900,6091.09,9500.0000,5448.1200,2025-10-07 17:04:28.027000,0.0000,0.0000,,,,,2024-07-16,124,,2025-10-16 12:09:44,VIDEOJET TECHNOLOGIES INT.,Und,1,,,,,COMPRA EXTERIOR,15.00,NO,,,0E-16,,0E-16,,0E-16,,
2026,2,8002 - REMISIONES QUITO,CODIFICACION,VIDEOJET,MÁQUINAS,,P1580-00-573S-0100,P1580-00-573S-0100 (25237017C65ZH),25237017C65ZH,,"VJ1580 PLUS, WORLD, IP55, 70 MICRON, 3M",Unidad,1.0000,0.0000,1.0000,6091.0900,6091.09,9500.0000,5448.1200,2025-10-07 17:04:28.030000,,,,,,,2024-07-16,124,,2025-10-16 12:09:44,VIDEOJET TECHNOLOGIES INT.,Und,1,,,,,COMPRA EXTERIOR,15.00,NO,,,0E-16,,0E-16,,0E-16,,
2026,2,2025 - TALLER INOPERATIVO GYE,CODIFICACION,VIDEOJET,MÁQUINAS,,P1580-00-573S-0100,P1580-00-573S-0100 (25237019C65ZH),25237019C65ZH,,"VJ1580 PLUS, WORLD, IP55, 70 MICRON, 3M",Unidad,1.0000,0.0000,1.0000,6091.0900,6091.09,9500.0000,5448.1200,2025-10-07 17:04:28.040000,,,,,,,2024-07-16,124,,2025-10-16 12:09:44,VIDEOJET TECHNOLOGIES INT.,Und,1,,,,,COMPRA EXTERIOR,15.00,NO,,,0E-16,,0E-16,,0E-16,,
2026,2,8003 - REMISIONES GUAYAQUIL,CODIFICACION,KETAN,REPUESTOS,,APLIC-BLOW-RH-107MM,APLIC-BLOW-RH-107MM,,,APLICADOR BLOW KETAN PARA VJ 9550 RH 107MM,Unidad,1.0000,0.0000,1.0000,1611.5100,1611.51,2712.0000,1356.0000,,,,,,,,2025-01-16,32,2025-09-28 16:56:36,2026-01-16 05:29:39,KETAN ARGENTINA SOCIEDAD ANONIMA,Und,1,,,,,COMPRA EXTERIOR,15.00,NO,,,0E-16,,0E-16,,0E-16,,
2026,2,2030 - BODEGA DISPONIBLE PARA LA VENTA GYE,CODIFICACION,KETAN,REPUESTOS,,APLIC-BLOW-RH-107MM,APLIC-BLOW-RH-107MM,,,APLICADOR BLOW KETAN PARA VJ 9550 RH 107MM,Unidad,3.0000,0.0000,3.0000,1611.5100,4834.53,2712.0000,1356.0000,,3.0000,5.0000,,B1-P60-F5,,,2025-01-16,32,,2026-01-16 05:29:39,KETAN ARGENTINA SOCIEDAD ANONIMA,Und,1,,,,,COMPRA EXTERIOR,15.00,NO,,,0E-16,,0E-16,,0E-16,,
2026,2,2025 - TALLER INOPERATIVO GYE,CODIFICACION,VIDEOJET,MÁQUINAS,,C1580-00-563S-0100,C1580-00-563S-0100 (25150001C64ZH),25150001C64ZH,,"VJ 1580C, WORLD IP 55 60MICRON 3M STRAIGHT",Unidad,1.0000,0.0000,1.0000,5476.6200,5476.62,10980.0000,5009.4300,2025-08-05 14:44:57.067000,,,,,,,2024-08-20,193,,2025-08-08 08:01:31,VIDEOJET TECHNOLOGIES INT.,Und,1,,,,,COMPRA EXTERIOR,15.00,NO,,,0E-16,,0E-16,,0E-16,,
2026,2,4030 - BODEGA DISPONIBLE PARA LA VENTA MANTA,CODIFICACION,VIDEOJET,MÁQUINAS,,C1580-00-563S-0100,C1580-00-563S-0100 (25150002C64ZH),25150002C64ZH,,"VJ 1580C, WORLD IP 55 60MICRON 3M STRAIGHT",Unidad,1.0000,0.0000,1.0000,5476.5700,5476.57,10980.0000,5009.4300,2025-08-05 14:44:57.083000,,,,,,,2024-08-20,193,,2025-08-08 08:01:31,VIDEOJET TECHNOLOGIES INT.,Und,1,,,,,COMPRA EXTERIOR,15.00,NO,,,0E-16,,0E-16,,0E-16,,
2026,2,2020 - TALLER OPERATIVO GYE,CODIFICACION,VIDEOJET,MÁQUINAS,,C1580-00-563S-0100,C1580-00-563S-0100 (25063006C64ZH),25063006C64ZH,,"VJ 1580C, WORLD IP 55 60MICRON 3M STRAIGHT",Unidad,1.0000,0.0000,1.0000,5772.2100,5772.21,10980.0000,5009.4300,2025-04-04 14:56:38.730000,,,,,,,2024-08-20,315,,2025-04-08 06:23:14,VIDEOJET TECHNOLOGIES INT.,Und,1,,,,,COMPRA EXTERIOR,15.00,NO,,,0E-16,,0E-16,,0E-16,,
2026,2,8002 - REMISIONES QUITO,CODIFICACION,VIDEOJET,MÁQUINAS,,S2380-00-0101-10,S2380-00-0101-10 (24338005D06ZH),24338005D06ZH,,"VJ2380, WORLD, SINGLE PRINTHEAD SYSTEM, PROD. DETECT",Unidad,1.0000,0.0000,1.0000,4393.3200,4393.32,12500.0000,4445.2200,2025-02-20 10:34:26.310000,,,,,,,2024-08-21,358,,2025-02-24 07:57:05,VIDEOJET TECHNOLOGIES INT.,Und,1,,,,,COMPRA EXTERIOR,15.00,NO,,,0E-16,,0E-16,,0E-16,,
2026,2,1031 - BODEGA EQUIPOS USADOS  OPERATIVOS UIO,CODIFICACION,VIDEOJET,MÁQUINAS,,S2380-00-0101-10,S2380-00-0101-10 (24338006D06ZH),24338006D06ZH,,"VJ2380, WORLD, SINGLE PRINTHEAD SYSTEM, PROD. DETECT",Unidad,1.0000,0.0000,1.0000,4393.2800,4393.28,12500.0000,4445.2200,2025-02-20 10:34:26.310000,,,,,,,2024-08-21,358,,2025-02-24 07:57:05,VIDEOJET TECHNOLOGIES INT.,Und,1,,,,,COMPRA EXTERIOR,15.00,NO,,,0E-16,,0E-16,,0E-16,,
2026,2,2025 - TALLER INOPERATIVO GYE,CODIFICACION,VIDEOJET,MÁQUINAS,,S2380-00-0101-10,S2380-00-0101-10 (25297002D06ZH),25297002D06ZH,,"VJ2380, WORLD, SINGLE PRINTHEAD SYSTEM, PROD. DETECT",Unidad,1.0000,0.0000,1.0000,5198.7400,5198.74,12500.0000,4445.2200,2025-11-18 13:23:53.280000,,,,,,,2024-08-21,89,,2025-11-20 09:53:31,VIDEOJET TECHNOLOGIES INT.,Und,1,,,,,COMPRA EXTERIOR,15.00,NO,,,0E-16,,0E-16,,0E-16,,
2026,2,2030 - BODEGA DISPONIBLE PARA LA VENTA GYE,CODIFICACION,VIDEOJET,MÁQUINAS,,S2380-00-0101-10,S2380-00-0101-10 (25297004D06ZH),25297004D06ZH,,"VJ2380, WORLD, SINGLE PRINTHEAD SYSTEM, PROD. DETECT",Unidad,1.0000,0.0000,1.0000,5198.7400,5198.74,12500.0000,4445.2200,2025-11-18 13:23:53.500000,0.0000,0.0000,,,,,2024-08-21,89,,2025-11-20 09:53:31,VIDEOJET TECHNOLOGIES INT.,Und,1,,,,,COMPRA EXTERIOR,15.00,NO,,,0E-16,,0E-16,,0E-16,,
2026,2,2050 - PRODUCTO NO CONFORME GYE,CODIFICACION,VIDEOJET,FLUIDOS,,V4287-E,V4287-E,,,MEK/METIL ETIL CETONA PQT (TINTA NO CONTROLADA) 700 ML AMARILLA,Unidad,3.0000,0.0000,3.0000,140.8008,422.40,230.9900,124.4900,,,,,,,,2025-08-20,146,,2025-09-24 11:52:43,VIDEOJET TECHNOLOGIES INT.,Und,1,,,,C,COMPRA EXTERIOR,15.00,NO,,,0E-16,,0E-16,,0E-16,,
2026,2,1030 - BODEGA DISPONIBLE PARA LA VENTA UIO,CODIFICACION,VIDEOJET,FLUIDOS,,V4287-E,V4287-E,,,MEK/METIL ETIL CETONA PQT (TINTA NO CONTROLADA) 700 ML AMARILLA,Unidad,2.0000,0.0000,2.0000,140.8008,281.60,230.9900,124.4900,,,,,P34-N01,,,2025-08-20,146,2026-01-07 06:13:30,2025-09-24 11:52:43,VIDEOJET TECHNOLOGIES INT.,Und,1,,,,C,COMPRA EXTERIOR,15.00,NO,,,0E-16,,0E-16,,0E-16,,
2026,2,2030 - BODEGA DISPONIBLE PARA LA VENTA GYE,CODIFICACION,VIDEOJET,FLUIDOS,,V4287-E,V4287-E,,,MEK/METIL ETIL CETONA PQT (TINTA NO CONTROLADA) 700 ML AMARILLA,Unidad,14.0000,0.0000,14.0000,140.8008,1971.21,230.9900,124.4900,,3.0000,5.0000,,B1-P20-F3,,,2025-08-20,146,,2025-09-24 11:52:43,VIDEOJET TECHNOLOGIES INT.,Und,1,,,,C,COMPRA EXTERIOR,15.00,NO,,,0E-16,,0E-16,,0E-16,,
2026,2,2080 - PRÓXIMOS VENCIMIENTOS GYE,CODIFICACION,VIDEOJET,FLUIDOS,,V4240-D,V4240-D,,,MEK/METIL ETIL CETONA PQT  NEGRA (TINTA NO CONTROLADA),Unidad,6.0000,0.0000,6.0000,86.6933,520.16,272.4100,80.1900,,,,,,,,2025-08-20,456,,2024-11-18 12:26:53,VIDEOJET TECHNOLOGIES INT.,Und,1,,,,C,COMPRA EXTERIOR,15.00,NO,,,0E-16,,0E-16,,0E-16,,
2026,2,8003 - REMISIONES GUAYAQUIL,CODIFICACION,VIDEOJET,MÁQUINAS,,P1880-00-663S-0101,P1880-00-663S-0101 (25237009C66ZH),25237009C66ZH,,"VJ1880 PLUS, WORLD, IP66, 60 MICRON, 3M STRAIGHT, CLEANFLOW",Unidad,1.0000,0.0000,1.0000,7983.0100,7983.01,13500.0000,7140.3300,2025-10-07 17:04:28.047000,,,,,,,2024-10-21,124,,2025-10-16 12:09:44,VIDEOJET TECHNOLOGIES INT.,Und,1,,,,,COMPRA EXTERIOR,15.00,NO,,,0E-16,,0E-16,,0E-16,,
2026,2,1025 - TALLER INOPERATIVO UIO,CODIFICACION,VIDEOJET,MÁQUINAS,,P1880-00-663S-0101,P1880-00-663S-0101 (25237010C66ZH),25237010C66ZH,,"VJ1880 PLUS, WORLD, IP66, 60 MICRON, 3M STRAIGHT, CLEANFLOW",Unidad,1.0000,0.0000,1.0000,7983.0100,7983.01,13500.0000,7140.3300,2025-10-07 17:04:28.053000,,,,,,,2024-10-21,124,,2025-10-16 12:09:44,VIDEOJET TECHNOLOGIES INT.,Und,1,,,,,COMPRA EXTERIOR,15.00,NO,,,0E-16,,0E-16,,0E-16,,
2026,2,2020 - TALLER OPERATIVO GYE,CODIFICACION,VIDEOJET,MÁQUINAS,,P1880-00-663S-0101,P1880-00-663S-0101 (25237011C66ZH),25237011C66ZH,,"VJ1880 PLUS, WORLD, IP66, 60 MICRON, 3M STRAIGHT, CLEANFLOW",Unidad,1.0000,0.0000,1.0000,7983.0100,7983.01,13500.0000,7140.3300,2025-10-07 17:04:28.063000,,,,,,,2024-10-21,124,,2025-10-16 12:09:44,VIDEOJET TECHNOLOGIES INT.,Und,1,,,,,COMPRA EXTERIOR,15.00,NO,,,0E-16,,0E-16,,0E-16,,
2026,2,8003 - REMISIONES GUAYAQUIL,CODIFICACION,VIDEOJET,MÁQUINAS,,P1880-00-663S-0101,P1880-00-663S-0101 (25237012C66ZH),25237012C66ZH,,"VJ1880 PLUS, WORLD, IP66, 60 MICRON, 3M STRAIGHT, CLEANFLOW",Unidad,1.0000,0.0000,1.0000,7983.0100,7983.01,13500.0000,7140.3300,2025-10-07 17:04:28.070000,,,,,,,2024-10-21,124,,2025-10-16 12:09:44,VIDEOJET TECHNOLOGIES INT.,Und,1,,,,,COMPRA EXTERIOR,15.00,NO,,,0E-16,,0E-16,,0E-16,,
2026,2,1025 - TALLER INOPERATIVO UIO,CODIFICACION,VIDEOJET,MÁQUINAS,,P1880-00-663S-0101,P1880-00-663S-0101 (25237013C66ZH),25237013C66ZH,,"VJ1880 PLUS, WORLD, IP66, 60 MICRON, 3M STRAIGHT, CLEANFLOW",Unidad,1.0000,0.0000,1.0000,7983.0100,7983.01,13500.0000,7140.3300,2025-10-07 17:04:28.077000,,,,,,,2024-10-21,124,,2025-10-16 12:09:44,VIDEOJET TECHNOLOGIES INT.,Und,1,,,,,COMPRA EXTERIOR,15.00,NO,,,0E-16,,0E-16,,0E-16,,
2026,2,2025 - TALLER INOPERATIVO GYE,CODIFICACION,VIDEOJET,MÁQUINAS,,P1880-00-663S-0101,P1880-00-663S-0101 (25335004C66ZH),25335004C66ZH,,"VJ1880 PLUS, WORLD, IP66, 60 MICRON, 3M STRAIGHT, CLEANFLOW",Unidad,1.0000,0.0000,1.0000,7624.6900,7624.69,13500.0000,7140.3300,2025-12-26 22:54:52.807000,,,,,,,2024-10-21,52,,2025-12-27 15:01:19,VIDEOJET TECHNOLOGIES INT.,Und,1,,,,,COMPRA EXTERIOR,15.00,NO,,,0E-16,,0E-16,,0E-16,,
2026,2,8003 - REMISIONES GUAYAQUIL,CODIFICACION,VIDEOJET,MÁQUINAS,,P1880-00-663S-0101,P1880-00-663S-0101 (25335005C66ZH),25335005C66ZH,,"VJ1880 PLUS, WORLD, IP66, 60 MICRON, 3M STRAIGHT, CLEANFLOW",Unidad,1.0000,0.0000,1.0000,7624.6900,7624.69,13500.0000,7140.3300,2025-12-26 22:54:52.807000,,,,,,,2024-10-21,52,,2025-12-27 15:01:19,VIDEOJET TECHNOLOGIES INT.,Und,1,,,,,COMPRA EXTERIOR,15.00,NO,,,0E-16,,0E-16,,0E-16,,
2026,2,2025 - TALLER INOPERATIVO GYE,CODIFICACION,VIDEOJET,MÁQUINAS,,P1880-00-663S-0101,P1880-00-663S-0101 (25335006C66ZH),25335006C66ZH,,"VJ1880 PLUS, WORLD, IP66, 60 MICRON, 3M STRAIGHT, CLEANFLOW",Unidad,1.0000,0.0000,1.0000,7624.6900,7624.69,13500.0000,7140.3300,2025-12-26 22:54:52.807000,,,,,,,2024-10-21,52,,2025-12-27 15:01:19,VIDEOJET TECHNOLOGIES INT.,Und,1,,,,,COMPRA EXTERIOR,15.00,NO,,,0E-16,,0E-16,,0E-16,,
2026,2,8003 - REMISIONES GUAYAQUIL,CODIFICACION,VIDEOJET,MÁQUINAS,,P1880-00-663S-0101,P1880-00-663S-0101 (25335007C66ZH),25335007C66ZH,,"VJ1880 PLUS, WORLD, IP66, 60 MICRON, 3M STRAIGHT, CLEANFLOW",Unidad,1.0000,0.0000,1.0000,7624.6900,7624.69,13500.0000,7140.3300,2025-12-26 22:54:52.807000,,,,,,,2024-10-21,52,,2025-12-27 15:01:19,VIDEOJET TECHNOLOGIES INT.,Und,1,,,,,COMPRA EXTERIOR,15.00,NO,,,0E-16,,0E-16,,0E-16,,
2026,2,8003 - REMISIONES GUAYAQUIL,CODIFICACION,VIDEOJET,MÁQUINAS,,P1880-00-663S-0101,P1880-00-663S-0101 (25335008C66ZH),25335008C66ZH,,"VJ1880 PLUS, WORLD, IP66, 60 MICRON, 3M STRAIGHT, CLEANFLOW",Unidad,1.0000,0.0000,1.0000,7624.6900,7624.69,13500.0000,7140.3300,2025-12-26 22:54:52.820000,,,,,,,2024-10-21,52,,2025-12-27 15:01:19,VIDEOJET TECHNOLOGIES INT.,Und,1,,,,,COMPRA EXTERIOR,15.00,NO,,,0E-16,,0E-16,,0E-16,,
2026,2,8002 - REMISIONES QUITO,CODIFICACION,VIDEOJET,MÁQUINAS,,P1880-00-663S-0101,P1880-00-663S-0101 (24305010C66ZH),24305010C66ZH,,"VJ1880 PLUS, WORLD, IP66, 60 MICRON, 3M STRAIGHT, CLEANFLOW",Unidad,1.0000,0.0000,1.0000,7452.0500,7452.05,13500.0000,7140.3300,2024-12-01 09:02:31.097000,,,,,,,2024-10-21,441,,2024-12-03 07:11:26,VIDEOJET TECHNOLOGIES INT.,Und,1,,,,,COMPRA EXTERIOR,15.00,NO,,,0E-16,,0E-16,,0E-16,,
2026,2,2030 - BODEGA DISPONIBLE PARA LA VENTA GYE,CODIFICACION,VIDEOJET,MÁQUINAS,,P1880-00-663S-0101,P1880-00-663S-0101 (25337001C66ZH),25337001C66ZH,,"VJ1880 PLUS, WORLD, IP66, 60 MICRON, 3M STRAIGHT, CLEANFLOW",Unidad,1.0000,0.0000,1.0000,7702.0600,7702.06,13500.0000,7140.3300,2026-01-28 15:14:31.867000,3.0000,5.0000,,,,,2024-10-21,17,,2026-01-31 06:36:42,VIDEOJET TECHNOLOGIES INT.,Und,1,,,,,COMPRA EXTERIOR,15.00,NO,,,0E-16,,0E-16,,0E-16,,
2026,2,2030 - BODEGA DISPONIBLE PARA LA VENTA GYE,CODIFICACION,VIDEOJET,MÁQUINAS,,P1880-00-663S-0101,P1880-00-663S-0101 (25337002C66ZH),25337002C66ZH,,"VJ1880 PLUS, WORLD, IP66, 60 MICRON, 3M STRAIGHT, CLEANFLOW",Unidad,1.0000,0.0000,1.0000,7702.0600,7702.06,13500.0000,7140.3300,2026-01-28 15:14:31.867000,3.0000,5.0000,,,,,2024-10-21,17,,2026-01-31 06:36:42,VIDEOJET TECHNOLOGIES INT.,Und,1,,,,,COMPRA EXTERIOR,15.00,NO,,,0E-16,,0E-16,,0E-16,,
2026,2,2030 - BODEGA DISPONIBLE PARA LA VENTA GYE,CODIFICACION,VIDEOJET,MÁQUINAS,,P1880-00-663S-0101,P1880-00-663S-0101 (25337003C66ZH),25337003C66ZH,,"VJ1880 PLUS, WORLD, IP66, 60 MICRON, 3M STRAIGHT, CLEANFLOW",Unidad,1.0000,0.0000,1.0000,7702.0600,7702.06,13500.0000,7140.3300,2026-01-28 15:14:31.867000,3.0000,5.0000,,,,,2024-10-21,17,,2026-01-31 06:36:42,VIDEOJET TECHNOLOGIES INT.,Und,1,,,,,COMPRA EXTERIOR,15.00,NO,,,0E-16,,0E-16,,0E-16,,
2026,2,2030 - BODEGA DISPONIBLE PARA LA VENTA GYE,CODIFICACION,VIDEOJET,MÁQUINAS,,P1880-00-663S-0101,P1880-00-663S-0101 (25337004C66ZH),25337004C66ZH,,"VJ1880 PLUS, WORLD, IP66, 60 MICRON, 3M STRAIGHT, CLEANFLOW",Unidad,1.0000,0.0000,1.0000,7702.0600,7702.06,13500.0000,7140.3300,2026-01-28 15:14:31.880000,3.0000,5.0000,,,,,2024-10-21,17,,2026-01-31 06:36:42,VIDEOJET TECHNOLOGIES INT.,Und,1,,,,,COMPRA EXTERIOR,15.00,NO,,,0E-16,,0E-16,,0E-16,,
2026,2,2030 - BODEGA DISPONIBLE PARA LA VENTA GYE,CODIFICACION,VIDEOJET,REPUESTOS,,152244,152244,,,PAD 17x15.2 cm,Unidad,6.0000,0.0000,6.0000,15.9221,95.53,44.3600,14.9920,,1.0000,3.0000,,B1-P58-F1,,,2025-08-20,68,2026-02-11 06:24:06,2025-12-11 10:37:21,VIDEOJET TECHNOLOGIES INT.,Und,1,,,,,COMPRA EXTERIOR,15.00,NO,,,0E-16,,0E-16,,0E-16,,
2026,2,1030 - BODEGA DISPONIBLE PARA LA VENTA UIO,CODIFICACION,VIDEOJET,REPUESTOS,,152244,152244,,,PAD 17x15.2 cm,Unidad,6.0000,0.0000,6.0000,15.9221,95.53,44.3600,14.9920,,1.0000,3.0000,,P38-N06,,,2025-08-20,68,,2025-12-11 10:37:21,VIDEOJET TECHNOLOGIES INT.,Und,1,,,,,COMPRA EXTERIOR,15.00,NO,,,0E-16,,0E-16,,0E-16,,
2026,2,2021 - MALETÍN TÉCNICOS GYE,CODIFICACION,VIDEOJET,REPUESTOS,,152244,152244,,,PAD 17x15.2 cm,Unidad,1.0000,0.0000,1.0000,15.9221,15.92,44.3600,14.9920,,,,,,,,2025-08-20,68,,2025-12-11 10:37:21,VIDEOJET TECHNOLOGIES INT.,Und,1,,,,,COMPRA EXTERIOR,15.00,NO,,,0E-16,,0E-16,,0E-16,,
2026,2,1030 - BODEGA DISPONIBLE PARA LA VENTA UIO,CODIFICACION,VIDEOJET,REPUESTOS,,152249,152249,,,CYLINDER PISTON 5.3x10,Unidad,1.0000,0.0000,1.0000,194.3200,194.32,539.3700,194.3200,,,,,P38-N05,,,2025-08-20,473,,2024-11-01 06:00:00,VIDEOJET TECHNOLOGIES INT.,Und,1,,,,,COMPRA EXTERIOR,15.00,NO,,,0E-16,,0E-16,,0E-16,,
2026,2,2030 - BODEGA DISPONIBLE PARA LA VENTA GYE,CODIFICACION,VIDEOJET,REPUESTOS,,152250,152250,,,Slider Ruliman 53 DTF+_64/20,Unidad,1.0000,0.0000,1.0000,175.4600,175.46,583.1800,167.8900,,,,,B1-P60-F4,,,2025-08-20,68,,2025-12-11 10:37:21,VIDEOJET TECHNOLOGIES INT.,Und,1,,,,,COMPRA EXTERIOR,15.00,NO,,,0E-16,,0E-16,,0E-16,,
2026,2,1030 - BODEGA DISPONIBLE PARA LA VENTA UIO,CODIFICACION,VIDEOJET,REPUESTOS,,152252,152252,,,Belt 53 DTF+_64/20,Unidad,1.0000,0.0000,1.0000,64.5237,64.52,150.8400,64.5237,,,,,P38-N05,,,2025-08-20,473,,2024-11-01 06:00:00,VIDEOJET TECHNOLOGIES INT.,Und,1,,,,,COMPRA EXTERIOR,15.00,NO,,,0E-16,,0E-16,,0E-16,,
2026,2,2030 - BODEGA DISPONIBLE PARA LA VENTA GYE,CODIFICACION,VIDEOJET,REPUESTOS,,152252,152252,,,Belt 53 DTF+_64/20,Unidad,1.0000,0.0000,1.0000,64.5237,64.52,150.8400,64.5237,,0.0000,0.0000,,B1-P56-F4,,,2025-08-20,473,,2024-11-01 06:00:00,VIDEOJET TECHNOLOGIES INT.,Und,1,,,,,COMPRA EXTERIOR,15.00,NO,,,0E-16,,0E-16,,0E-16,,
2026,2,2030 - BODEGA DISPONIBLE PARA LA VENTA GYE,CODIFICACION,VIDEOJET,REPUESTOS,,152254,152254,,,Cleaning Cotton Component Kit TTO/LPA,Unidad,46.0000,0.0000,46.0000,13.1284,603.91,73.0500,12.2700,,18.0000,36.0000,,B1-P56-F4,,,2025-08-20,5,2026-02-09 07:10:32,2026-02-12 15:00:55.323000,VIDEOJET TECHNOLOGIES INT.,Und,1,,,,,COMPRA EXTERIOR,15.00,NO,,,0E-16,,0E-16,,0E-16,,
2026,2,1030 - BODEGA DISPONIBLE PARA LA VENTA UIO,CODIFICACION,VIDEOJET,REPUESTOS,,152254,152254,,,Cleaning Cotton Component Kit TTO/LPA,Unidad,2.0000,0.0000,2.0000,13.1284,26.26,73.0500,12.2700,,2.0000,4.0000,,P38-N03,,,2025-08-20,5,2026-02-02 12:36:42,2026-02-12 15:00:55.323000,VIDEOJET TECHNOLOGIES INT.,Und,1,,,,,COMPRA EXTERIOR,15.00,NO,,,0E-16,,0E-16,,0E-16,,
2026,2,8003 - REMISIONES GUAYAQUIL,CODIFICACION,VIDEOJET,REPUESTOS,,152254,152254,,,Cleaning Cotton Component Kit TTO/LPA,Unidad,28.0000,0.0000,28.0000,13.1284,367.60,73.0500,12.2700,,,,,,,,2025-08-20,5,2026-01-31 19:19:00,2026-02-12 15:00:55.323000,VIDEOJET TECHNOLOGIES INT.,Und,1,,,,,COMPRA EXTERIOR,15.00,NO,,,0E-16,,0E-16,,0E-16,,
2026,2,8001 - TRANSFERENCIAS EN TRÁNSITO,CODIFICACION,VIDEOJET,REPUESTOS,,152254,152254,,,Cleaning Cotton Component Kit TTO/LPA,Unidad,8.0000,0.0000,8.0000,13.1284,105.03,73.0500,12.2700,,,,,,,,2025-08-20,5,,2026-02-12 15:00:55.323000,VIDEOJET TECHNOLOGIES INT.,Und,1,,,,,COMPRA EXTERIOR,15.00,NO,,,0E-16,,0E-16,,0E-16,,
2026,2,8002 - REMISIONES QUITO,CODIFICACION,VIDEOJET,REPUESTOS,,152254,152254,,,Cleaning Cotton Component Kit TTO/LPA,Unidad,11.0000,0.0000,11.0000,13.1284,144.41,73.0500,12.2700,,,,,,,,2025-08-20,5,2025-12-31 01:28:47,2026-02-12 15:00:55.323000,VIDEOJET TECHNOLOGIES INT.,Und,1,,,,,COMPRA EXTERIOR,15.00,NO,,,0E-16,,0E-16,,0E-16,,
2026,2,1030 - BODEGA DISPONIBLE PARA LA VENTA UIO,CODIFICACION,VIDEOJET,REPUESTOS,,152255,152255,,,Calibr. Detector Assembly LH,Unidad,1.0000,0.0000,1.0000,331.2700,331.27,667.3700,331.2700,,,,,P38-N05,,,2025-08-20,473,,2024-11-01 06:00:00,VIDEOJET TECHNOLOGIES INT.,Und,1,,,,,COMPRA EXTERIOR,15.00,NO,,,0E-16,,0E-16,,0E-16,,
2026,2,2030 - BODEGA DISPONIBLE PARA LA VENTA GYE,CODIFICACION,VIDEOJET,ACCESORIOS,,152256,152256,,,UNIVERSAL BRACKET SERIE 63/65,Unidad,10.0000,0.0000,10.0000,647.9642,6479.64,2155.4000,572.3200,,1.0000,1.0000,,B2A-P01-F1,,,2025-08-20,52,2025-11-14 08:13:28,2025-12-27 18:00:24,VIDEOJET TECHNOLOGIES INT.,Und,1,,,,,COMPRA EXTERIOR,15.00,NO,,,0E-16,,0E-16,,0E-16,,
2026,2,1030 - BODEGA DISPONIBLE PARA LA VENTA UIO,CODIFICACION,VIDEOJET,ACCESORIOS,,152256,152256,,,UNIVERSAL BRACKET SERIE 63/65,Unidad,1.0000,0.0000,1.0000,647.9642,647.96,2155.4000,572.3200,,1.0000,2.0000,,pared,,,2025-08-20,52,2025-12-18 14:54:17,2025-12-27 18:00:24,VIDEOJET TECHNOLOGIES INT.,Und,1,,,,,COMPRA EXTERIOR,15.00,NO,,,0E-16,,0E-16,,0E-16,,
2026,2,2031 - BODEGA EQUIPOS USADOS OPERATIVOS GYE,CODIFICACION,VIDEOJET,ACCESORIOS,,152256,152256,,,UNIVERSAL BRACKET SERIE 63/65,Unidad,1.0000,0.0000,1.0000,647.9642,647.96,2155.4000,572.3200,,,,,,,,2025-08-20,52,,2025-12-27 18:00:24,VIDEOJET TECHNOLOGIES INT.,Und,1,,,,,COMPRA EXTERIOR,15.00,NO,,,0E-16,,0E-16,,0E-16,,
2026,2,2025 - TALLER INOPERATIVO GYE,CODIFICACION,VIDEOJET,ACCESORIOS,,152256,152256,,,UNIVERSAL BRACKET SERIE 63/65,Unidad,1.0000,0.0000,1.0000,647.9642,647.96,2155.4000,572.3200,,,,,,,,2025-08-20,52,,2025-12-27 18:00:24,VIDEOJET TECHNOLOGIES INT.,Und,1,,,,,COMPRA EXTERIOR,15.00,NO,,,0E-16,,0E-16,,0E-16,,
2026,2,2020 - TALLER OPERATIVO GYE,CODIFICACION,VIDEOJET,ACCESORIOS,,152256,152256,,,UNIVERSAL BRACKET SERIE 63/65,Unidad,1.0000,0.0000,1.0000,647.9642,647.96,2155.4000,572.3200,,,,,,,,2025-08-20,52,,2025-12-27 18:00:24,VIDEOJET TECHNOLOGIES INT.,Und,1,,,,,COMPRA EXTERIOR,15.00,NO,,,0E-16,,0E-16,,0E-16,,
2026,2,1031 - BODEGA EQUIPOS USADOS  OPERATIVOS UIO,CODIFICACION,VIDEOJET,ACCESORIOS,,152258,152258,,,DTF/ INTERMITTENT IMPRESSION PRINT BASE,Unidad,1.0000,0.0000,1.0000,195.5020,195.50,531.6000,150.0600,,,,,ZONA 1031,,,2025-08-20,12,,2026-02-05 15:58:54.847000,VIDEOJET TECHNOLOGIES INT.,Und,1,,,,,COMPRA EXTERIOR,15.00,NO,,,0E-16,,0E-16,,0E-16,,
2026,2,2030 - BODEGA DISPONIBLE PARA LA VENTA GYE,CODIFICACION,VIDEOJET,ACCESORIOS,,152258,152258,,,DTF/ INTERMITTENT IMPRESSION PRINT BASE,Unidad,4.0000,0.0000,4.0000,195.5020,782.01,531.6000,150.0600,,0.0000,0.0000,,B1-P60-F1,,,2025-08-20,12,2025-11-14 08:13:28,2026-02-05 15:58:54.847000,VIDEOJET TECHNOLOGIES INT.,Und,1,,,,,COMPRA EXTERIOR,15.00,NO,,,0E-16,,0E-16,,0E-16,,
2026,2,1030 - BODEGA DISPONIBLE PARA LA VENTA UIO,CODIFICACION,VIDEOJET,ACCESORIOS,,152258,152258,,,DTF/ INTERMITTENT IMPRESSION PRINT BASE,Unidad,3.0000,0.0000,3.0000,195.5020,586.51,531.6000,150.0600,,1.0000,2.0000,,P35-N02,,,2025-08-20,12,2025-09-01 10:10:46,2026-02-05 15:58:54.847000,VIDEOJET TECHNOLOGIES INT.,Und,1,,,,,COMPRA EXTERIOR,15.00,NO,,,0E-16,,0E-16,,0E-16,,
2026,2,1020 - TALLER OPERATIVO UIO,CODIFICACION,VIDEOJET,ACCESORIOS,,152258,152258,,,DTF/ INTERMITTENT IMPRESSION PRINT BASE,Unidad,1.0000,0.0000,1.0000,195.5020,195.50,531.6000,150.0600,,,,,TALLER CODIFICACION,,,2025-08-20,12,,2026-02-05 15:58:54.847000,VIDEOJET TECHNOLOGIES INT.,Und,1,,,,,COMPRA EXTERIOR,15.00,NO,,,0E-16,,0E-16,,0E-16,,
2026,2,1001 - PLAN DE ACCIÓN REPUESTOS BAJA ROTACIÓN UIO,CODIFICACION,VIDEOJET,REPUESTOS,,152270,152270,,,Ink Electronic Component 1710,Unidad,1.0000,0.0000,1.0000,1460.7421,1460.74,3258.7800,1460.7421,,,,,P28-N01,,,2025-08-20,473,,2024-11-01 06:00:00,VIDEOJET TECHNOLOGIES INT.,Und,1,,,,,COMPRA EXTERIOR,15.00,NO,,,0E-16,,0E-16,,0E-16,,
2026,2,2030 - BODEGA DISPONIBLE PARA LA VENTA GYE,CODIFICACION,VIDEOJET,REPUESTOS,,152271,152271,,,IN-LINE FILTER/ 8UM,Unidad,1.0000,0.0000,1.0000,48.8036,48.80,113.9600,51.5500,,,,,B1-P56-F5,,,2025-08-20,5,,2026-02-12 15:00:55.323000,VIDEOJET TECHNOLOGIES INT.,Und,1,,,,,COMPRA EXTERIOR,15.00,NO,,,0E-16,,0E-16,,0E-16,,
2026,2,1030 - BODEGA DISPONIBLE PARA LA VENTA UIO,CODIFICACION,VIDEOJET,REPUESTOS,,152271,152271,,,IN-LINE FILTER/ 8UM,Unidad,1.0000,0.0000,1.0000,48.8036,48.80,113.9600,51.5500,,,,,P38-N06,,,2025-08-20,5,,2026-02-12 15:00:55.323000,VIDEOJET TECHNOLOGIES INT.,Und,1,,,,,COMPRA EXTERIOR,15.00,NO,,,0E-16,,0E-16,,0E-16,,
2026,2,2021 - MALETÍN TÉCNICOS GYE,CODIFICACION,VIDEOJET,REPUESTOS,,152271,152271,,,IN-LINE FILTER/ 8UM,Unidad,1.0000,0.0000,1.0000,48.8036,48.80,113.9600,51.5500,,,,,,,,2025-08-20,5,,2026-02-12 15:00:55.323000,VIDEOJET TECHNOLOGIES INT.,Und,1,,,,,COMPRA EXTERIOR,15.00,NO,,,0E-16,,0E-16,,0E-16,,
2026,2,1030 - BODEGA DISPONIBLE PARA LA VENTA UIO,CODIFICACION,VIDEOJET,REPUESTOS,,152278,152278,,,MAINBOARD ICM PCBA 2350/51,Unidad,1.0000,0.0000,1.0000,1098.6600,1098.66,2728.9700,1006.3100,,,,,P38-N03,,,2025-08-20,358,,2025-02-24 08:14:40,VIDEOJET TECHNOLOGIES INT.,Und,1,,,,,COMPRA EXTERIOR,15.00,NO,,,0E-16,,0E-16,,0E-16,,
2026,2,2030 - BODEGA DISPONIBLE PARA LA VENTA GYE,CODIFICACION,VIDEOJET,REPUESTOS,,152282,152282,,,Coding module 23/51,Unidad,1.0000,0.0000,1.0000,2184.7500,2184.75,6422.2400,2184.7500,,,,,B1-P60-F3,,,2025-08-20,12,,2026-02-05 16:41:57.610000,VIDEOJET TECHNOLOGIES INT.,Und,1,,,,,COMPRA EXTERIOR,15.00,NO,,,0E-16,,0E-16,,0E-16,,
2026,2,8001 - TRANSFERENCIAS EN TRÁNSITO,CODIFICACION,VIDEOJET,REPUESTOS,,152282,152282,,,Coding module 23/51,Unidad,1.0000,0.0000,1.0000,2184.7500,2184.75,6422.2400,2184.7500,,,,,,,,2025-08-20,12,,2026-02-05 16:41:57.610000,VIDEOJET TECHNOLOGIES INT.,Und,1,,,,,COMPRA EXTERIOR,15.00,NO,,,0E-16,,0E-16,,0E-16,,
2026,2,8003 - REMISIONES GUAYAQUIL,CODIFICACION,VIDEOJET,ACCESORIOS,,152284,152284,,,Fibre Optic Sensor Excel - VJ,Unidad,1.0000,0.0000,1.0000,302.1646,302.16,977.7500,303.9000,,,,,,,,2025-08-20,12,2025-12-31 10:45:30,2026-02-05 15:58:54.847000,VIDEOJET TECHNOLOGIES INT.,Und,1,,,,,COMPRA EXTERIOR,15.00,NO,,,0E-16,,0E-16,,0E-16,,
2026,2,1031 - BODEGA EQUIPOS USADOS  OPERATIVOS UIO,CODIFICACION,VIDEOJET,ACCESORIOS,,152284,152284,,,Fibre Optic Sensor Excel - VJ,Unidad,1.0000,0.0000,1.0000,302.1646,302.16,977.7500,303.9000,,,,,ZONA 1031,,,2025-08-20,12,,2026-02-05 15:58:54.847000,VIDEOJET TECHNOLOGIES INT.,Und,1,,,,,COMPRA EXTERIOR,15.00,NO,,,0E-16,,0E-16,,0E-16,,
2026,2,2031 - BODEGA EQUIPOS USADOS OPERATIVOS GYE,CODIFICACION,VIDEOJET,ACCESORIOS,,152284,152284,,,Fibre Optic Sensor Excel - VJ,Unidad,2.0000,0.0000,2.0000,302.1646,604.33,977.7500,303.9000,,,,,B2-P01-F2,,,2025-08-20,12,,2026-02-05 15:58:54.847000,VIDEOJET TECHNOLOGIES INT.,Und,1,,,,,COMPRA EXTERIOR,15.00,NO,,,0E-16,,0E-16,,0E-16,,
2026,2,1030 - BODEGA DISPONIBLE PARA LA VENTA UIO,CODIFICACION,VIDEOJET,ACCESORIOS,,152284,152284,,,Fibre Optic Sensor Excel - VJ,Unidad,8.0000,0.0000,8.0000,302.1646,2417.32,977.7500,303.9000,,1.0000,2.0000,,P35-N02,,,2025-08-20,12,2026-02-06 08:43:45,2026-02-05 15:58:54.847000,VIDEOJET TECHNOLOGIES INT.,Und,1,,,,,COMPRA EXTERIOR,15.00,NO,,,0E-16,,0E-16,,0E-16,,
2026,2,2030 - BODEGA DISPONIBLE PARA LA VENTA GYE,CODIFICACION,VIDEOJET,ACCESORIOS,,152285,152285,,,H-BASE STAND - LASER UNIVERSAL,Unidad,1.0000,0.0000,1.0000,582.0000,582.00,2800.0000,497.4000,,,,,B2A-P01-F1,,,2025-08-20,473,,2024-11-01 06:00:00,VIDEOJET TECHNOLOGIES INT.,Und,1,,,,,COMPRA EXTERIOR,15.00,NO,,,0E-16,,0E-16,,0E-16,,
2026,2,1030 - BODEGA DISPONIBLE PARA LA VENTA UIO,CODIFICACION,VIDEOJET,ACCESORIOS,,152290,152290,,,Sensor Inductive. 18-14DP M18 PNP-NO ALC:14MM 12-24VDC,Unidad,3.0000,0.0000,3.0000,36.0000,108.00,72.4500,36.0000,,,,,P35-N06,,,2025-01-16,60,,2025-12-19 08:07:33.710000,SIZA SIMBAÑA ROBERTO MARCELO,Und,1,,,,,COMPRA LOCAL,15.00,NO,,,0E-16,,0E-16,,0E-16,,
2026,2,1001 - PLAN DE ACCIÓN REPUESTOS BAJA ROTACIÓN UIO,CODIFICACION,VIDEOJET,REPUESTOS,,152292,152292,,,FILTER/IN-LINE/ 8U,Unidad,2.0000,0.0000,2.0000,60.2733,120.55,217.3000,60.2733,,,,,P28-N01,,,2025-08-20,473,,2024-11-01 06:00:00,VIDEOJET TECHNOLOGIES INT.,Und,1,,,,,COMPRA EXTERIOR,15.00,NO,,,0E-16,,0E-16,,0E-16,,
2026,2,2030 - BODEGA DISPONIBLE PARA LA VENTA GYE,CODIFICACION,VIDEOJET,REPUESTOS,,152295,152295,,,FILTER MDS1/ 1240_1280,Unidad,5.0000,0.0000,5.0000,230.8675,1154.34,496.0600,203.3000,,1.0000,2.0000,,B1-P56-F2,,,2025-08-20,22,2026-02-12 14:57:48,2026-01-26 07:23:43,VIDEOJET TECHNOLOGIES INT.,Und,1,,,,,COMPRA EXTERIOR,15.00,NO,,,0E-16,,0E-16,,0E-16,,
2026,2,8003 - REMISIONES GUAYAQUIL,CODIFICACION,VIDEOJET,REPUESTOS,,152295,152295,,,FILTER MDS1/ 1240_1280,Unidad,2.0000,0.0000,2.0000,230.8675,461.74,496.0600,203.3000,,,,,,,,2025-08-20,22,2026-01-31 18:56:06,2026-01-26 07:23:43,VIDEOJET TECHNOLOGIES INT.,Und,1,,,,,COMPRA EXTERIOR,15.00,NO,,,0E-16,,0E-16,,0E-16,,
2026,2,8003 - REMISIONES GUAYAQUIL,CODIFICACION,VIDEOJET,REPUESTOS,,152297,152297,,,Vacuum Electronic Component 12/80,Unidad,1.0000,0.0000,1.0000,570.9300,570.93,1360.9500,528.4900,,,,,,,,2025-08-20,118,,2025-10-22 07:26:35,VIDEOJET TECHNOLOGIES INT.,Und,1,,,,,COMPRA EXTERIOR,15.00,NO,,,0E-16,,0E-16,,0E-16,,
2026,2,2021 - MALETÍN TÉCNICOS GYE,CODIFICACION,VIDEOJET,REPUESTOS,,152306,152306,,,Ink Injector 6x10 mic 1710/ 1580C,Unidad,2.0000,0.0000,2.0000,606.2939,1212.59,1615.0900,589.1400,,,,,,,,2025-08-20,5,,2026-02-12 15:00:55.323000,VIDEOJET TECHNOLOGIES INT.,Und,1,,,,,COMPRA EXTERIOR,15.00,NO,,,0E-16,,0E-16,,0E-16,,
2026,2,2030 - BODEGA DISPONIBLE PARA LA VENTA GYE,CODIFICACION,VIDEOJET,REPUESTOS,,152306,152306,,,Ink Injector 6x10 mic 1710/ 1580C,Unidad,3.0000,0.0000,3.0000,606.2939,1818.88,1615.0900,589.1400,,0.0000,0.0000,,B1-P57-F1,,,2025-08-20,5,,2026-02-12 15:00:55.323000,VIDEOJET TECHNOLOGIES INT.,Und,1,,,,,COMPRA EXTERIOR,15.00,NO,,,0E-16,,0E-16,,0E-16,,
2026,2,2030 - BODEGA DISPONIBLE PARA LA VENTA GYE,CODIFICACION,VIDEOJET,REPUESTOS,,152308,152308,,,Print Tank System 4k hrs S10,Unidad,2.0000,0.0000,2.0000,574.7965,1149.59,1362.8200,564.6400,,1.0000,2.0000,,B1-P56-F6,,,2025-08-20,5,,2026-02-12 15:00:55.323000,VIDEOJET TECHNOLOGIES INT.,Und,1,,,,,COMPRA EXTERIOR,15.00,NO,,,0E-16,,0E-16,,0E-16,,
2026,2,8003 - REMISIONES GUAYAQUIL,CODIFICACION,VIDEOJET,REPUESTOS,,152308,152308,,,Print Tank System 4k hrs S10,Unidad,1.0000,0.0000,1.0000,574.7965,574.80,1362.8200,564.6400,,,,,,,,2025-08-20,5,2026-01-31 19:04:20,2026-02-12 15:00:55.323000,VIDEOJET TECHNOLOGIES INT.,Und,1,,,,,COMPRA EXTERIOR,15.00,NO,,,0E-16,,0E-16,,0E-16,,
2026,2,8001 - TRANSFERENCIAS EN TRÁNSITO,CODIFICACION,VIDEOJET,REPUESTOS,,152308,152308,,,Print Tank System 4k hrs S10,Unidad,1.0000,0.0000,1.0000,574.7965,574.80,1362.8200,564.6400,,,,,,,,2025-08-20,5,,2026-02-12 15:00:55.323000,VIDEOJET TECHNOLOGIES INT.,Und,1,,,,,COMPRA EXTERIOR,15.00,NO,,,0E-16,,0E-16,,0E-16,,
2026,2,8003 - REMISIONES GUAYAQUIL,CODIFICACION,VIDEOJET,REPUESTOS,,152309,152309,,,GPVM MODULE 17x10 SPARE,Unidad,2.0000,0.0000,2.0000,1216.4138,2432.83,2438.8600,1115.7800,,,,,,,,2025-08-20,362,2026-01-11 14:34:44,2025-02-20 07:54:03,VIDEOJET TECHNOLOGIES INT.,Und,1,,,,,COMPRA EXTERIOR,15.00,NO,,,0E-16,,0E-16,,0E-16,,
2026,2,8002 - REMISIONES QUITO,CODIFICACION,VIDEOJET,REPUESTOS,,152310,152310,,,Septum Aguja de Tinta/Solvente 17-10,Unidad,1.0000,0.0000,1.0000,420.4725,420.47,802.2700,424.6500,,,,,,,,2025-08-20,335,2025-11-30 11:31:47,2025-03-19 08:29:06,VIDEOJET TECHNOLOGIES INT.,Und,1,,,,,COMPRA EXTERIOR,15.00,NO,,,0E-16,,0E-16,,0E-16,,
2026,2,2030 - BODEGA DISPONIBLE PARA LA VENTA GYE,CODIFICACION,VIDEOJET,REPUESTOS,,152310,152310,,,Septum Aguja de Tinta/Solvente 17-10,Unidad,1.0000,0.0000,1.0000,420.4725,420.47,802.2700,424.6500,,0.0000,0.0000,,B1-P57-F2,,,2025-08-20,335,,2025-03-19 08:29:06,VIDEOJET TECHNOLOGIES INT.,Und,1,,,,,COMPRA EXTERIOR,15.00,NO,,,0E-16,,0E-16,,0E-16,,
2026,2,2030 - BODEGA DISPONIBLE PARA LA VENTA GYE,CODIFICACION,VIDEOJET,REPUESTOS,,152311,152311,,,Ink Flow Recovery VJ1710,Unidad,1.0000,0.0000,1.0000,1029.5525,1029.55,2126.0000,1005.8300,,,,,B1-P60-F2,,,2025-08-20,5,,2026-02-12 15:00:55.323000,VIDEOJET TECHNOLOGIES INT.,Und,1,,,,,COMPRA EXTERIOR,15.00,NO,,,0E-16,,0E-16,,0E-16,,
2026,2,8002 - REMISIONES QUITO,CODIFICACION,VIDEOJET,REPUESTOS,,152311,152311,,,Ink Flow Recovery VJ1710,Unidad,1.0000,0.0000,1.0000,1029.5525,1029.55,2126.0000,1005.8300,,,,,,,,2025-08-20,5,2025-04-30 21:39:46,2026-02-12 15:00:55.323000,VIDEOJET TECHNOLOGIES INT.,Und,1,,,,,COMPRA EXTERIOR,15.00,NO,,,0E-16,,0E-16,,0E-16,,
2026,2,2021 - MALETÍN TÉCNICOS GYE,CODIFICACION,VIDEOJET,REPUESTOS,,152311,152311,,,Ink Flow Recovery VJ1710,Unidad,1.0000,0.0000,1.0000,1029.5525,1029.55,2126.0000,1005.8300,,,,,,,,2025-08-20,5,,2026-02-12 15:00:55.323000,VIDEOJET TECHNOLOGIES INT.,Und,1,,,,,COMPRA EXTERIOR,15.00,NO,,,0E-16,,0E-16,,0E-16,,
2026,2,8001 - TRANSFERENCIAS EN TRÁNSITO,CODIFICACION,VIDEOJET,REPUESTOS,,152311,152311,,,Ink Flow Recovery VJ1710,Unidad,1.0000,0.0000,1.0000,1029.5525,1029.55,2126.0000,1005.8300,,,,,,,,2025-08-20,5,,2026-02-12 15:00:55.323000,VIDEOJET TECHNOLOGIES INT.,Und,1,,,,,COMPRA EXTERIOR,15.00,NO,,,0E-16,,0E-16,,0E-16,,
2026,2,8004 - REMISIONES MANTA,CODIFICACION,VIDEOJET,REPUESTOS,,152315,152315,,,Ink Injector 5x10 mic 1620 uhs,Unidad,1.0000,0.0000,1.0000,736.1067,736.11,1646.7400,688.7500,,,,,,,,2025-08-20,95,,2025-11-14 07:16:44,VIDEOJET TECHNOLOGIES INT.,Und,1,,,,,COMPRA EXTERIOR,15.00,NO,,,0E-16,,0E-16,,0E-16,,
2026,2,8003 - REMISIONES GUAYAQUIL,CODIFICACION,VIDEOJET,REPUESTOS,,152315,152315,,,Ink Injector 5x10 mic 1620 uhs,Unidad,2.0000,0.0000,2.0000,736.1067,1472.21,1646.7400,688.7500,,,,,,,,2025-08-20,95,2025-05-25 20:55:18,2025-11-14 07:16:44,VIDEOJET TECHNOLOGIES INT.,Und,1,,,,,COMPRA EXTERIOR,15.00,NO,,,0E-16,,0E-16,,0E-16,,
2026,2,2021 - MALETÍN TÉCNICOS GYE,CODIFICACION,VIDEOJET,REPUESTOS,,152315,152315,,,Ink Injector 5x10 mic 1620 uhs,Unidad,1.0000,0.0000,1.0000,736.1067,736.11,1646.7400,688.7500,,,,,,,,2025-08-20,95,,2025-11-14 07:16:44,VIDEOJET TECHNOLOGIES INT.,Und,1,,,,,COMPRA EXTERIOR,15.00,NO,,,0E-16,,0E-16,,0E-16,,
2026,2,2030 - BODEGA DISPONIBLE PARA LA VENTA GYE,CODIFICACION,VIDEOJET,REPUESTOS,,152315,152315,,,Ink Injector 5x10 mic 1620 uhs,Unidad,2.0000,0.0000,2.0000,736.1067,1472.21,1646.7400,688.7500,,1.0000,2.0000,,B1-P55-F5,,,2025-08-20,95,2025-11-07 10:30:56,2025-11-14 07:16:44,VIDEOJET TECHNOLOGIES INT.,Und,1,,,,,COMPRA EXTERIOR,15.00,NO,,,0E-16,,0E-16,,0E-16,,
2026,2,1030 - BODEGA DISPONIBLE PARA LA VENTA UIO,CODIFICACION,VIDEOJET,REPUESTOS,,152315,152315,,,Ink Injector 5x10 mic 1620 uhs,Unidad,1.0000,0.0000,1.0000,736.1067,736.11,1646.7400,688.7500,,,,,P37-N02,,,2025-08-20,95,,2025-11-14 07:16:44,VIDEOJET TECHNOLOGIES INT.,Und,1,,,,,COMPRA EXTERIOR,15.00,NO,,,0E-16,,0E-16,,0E-16,,
2026,2,1030 - BODEGA DISPONIBLE PARA LA VENTA UIO,CODIFICACION,VIDEOJET,REPUESTOS,,152320,152320,,,Ink Electronic Component VJ1000,Unidad,1.0000,0.0000,1.0000,424.9898,424.99,1104.6600,391.3600,,,,,P38-N05,,,2025-08-20,22,,2026-01-26 07:23:43,VIDEOJET TECHNOLOGIES INT.,Und,1,,,,,COMPRA EXTERIOR,15.00,NO,,,0E-16,,0E-16,,0E-16,,
2026,2,2030 - BODEGA DISPONIBLE PARA LA VENTA GYE,CODIFICACION,VIDEOJET,REPUESTOS,,152320,152320,,,Ink Electronic Component VJ1000,Unidad,2.0000,0.0000,2.0000,424.9898,849.98,1104.6600,391.3600,,0.0000,1.0000,,B1-P58-F1,,,2025-08-20,22,2025-10-07 15:12:19,2026-01-26 07:23:43,VIDEOJET TECHNOLOGIES INT.,Und,1,,,,,COMPRA EXTERIOR,15.00,NO,,,0E-16,,0E-16,,0E-16,,
2026,2,8002 - REMISIONES QUITO,CODIFICACION,VIDEOJET,REPUESTOS,,152320,152320,,,Ink Electronic Component VJ1000,Unidad,1.0000,0.0000,1.0000,424.9898,424.99,1104.6600,391.3600,,,,,,,,2025-08-20,22,2025-09-30 15:01:51,2026-01-26 07:23:43,VIDEOJET TECHNOLOGIES INT.,Und,1,,,,,COMPRA EXTERIOR,15.00,NO,,,0E-16,,0E-16,,0E-16,,
2026,2,8003 - REMISIONES GUAYAQUIL,CODIFICACION,VIDEOJET,REPUESTOS,,152322,152322,,,Print Tank System 14k hrs Uhs,Unidad,1.0000,0.0000,1.0000,1115.1051,1115.11,2938.7100,1210.6600,,,,,,,,2025-08-20,424,2025-01-31 04:32:04,2024-12-20 11:52:24,VIDEOJET TECHNOLOGIES INT.,Und,1,,,,,COMPRA EXTERIOR,15.00,NO,,,0E-16,,0E-16,,0E-16,,
2026,2,2030 - BODEGA DISPONIBLE PARA LA VENTA GYE,CODIFICACION,VIDEOJET,REPUESTOS,,152322,152322,,,Print Tank System 14k hrs Uhs,Unidad,1.0000,0.0000,1.0000,1115.1051,1115.11,2938.7100,1210.6600,,1.0000,1.0000,,B1-P57-F7,,,2025-08-20,424,2025-09-11 15:34:06,2024-12-20 11:52:24,VIDEOJET TECHNOLOGIES INT.,Und,1,,,,,COMPRA EXTERIOR,15.00,NO,,,0E-16,,0E-16,,0E-16,,
2026,2,2030 - BODEGA DISPONIBLE PARA LA VENTA GYE,CODIFICACION,VIDEOJET,REPUESTOS,,152323,152323,,,Eht Power Supply VJ1000,Unidad,2.0000,0.0000,2.0000,195.9743,391.95,589.6100,161.7500,,0.0000,1.0000,,B1-P55-F6,,,2025-08-20,95,2025-10-17 13:42:56,2025-11-14 07:16:44,VIDEOJET TECHNOLOGIES INT.,Und,1,,,,,COMPRA EXTERIOR,15.00,NO,,,0E-16,,0E-16,,0E-16,,
2026,2,2021 - MALETÍN TÉCNICOS GYE,CODIFICACION,VIDEOJET,REPUESTOS,,152323,152323,,,Eht Power Supply VJ1000,Unidad,1.0000,0.0000,1.0000,195.9743,195.97,589.6100,161.7500,,,,,,,,2025-08-20,95,,2025-11-14 07:16:44,VIDEOJET TECHNOLOGIES INT.,Und,1,,,,,COMPRA EXTERIOR,15.00,NO,,,0E-16,,0E-16,,0E-16,,
2026,2,8002 - REMISIONES QUITO,CODIFICACION,VIDEOJET,ACCESORIOS,,152325,152325,,,INK WASHING ASSEMBLY,Unidad,1.0000,0.0000,1.0000,90.6494,90.65,260.1900,81.4600,,,,,,,,2025-08-20,335,2025-03-31 10:51:18,2025-03-19 08:29:06,VIDEOJET TECHNOLOGIES INT.,Und,1,,,,,COMPRA EXTERIOR,15.00,NO,,,0E-16,,0E-16,,0E-16,,
2026,2,2030 - BODEGA DISPONIBLE PARA LA VENTA GYE,CODIFICACION,VIDEOJET,ACCESORIOS,,152325,152325,,,INK WASHING ASSEMBLY,Unidad,4.0000,0.0000,4.0000,90.6494,362.60,260.1900,81.4600,,,,,B1-P59-F4,,,2025-08-20,335,,2025-03-19 08:29:06,VIDEOJET TECHNOLOGIES INT.,Und,1,,,,,COMPRA EXTERIOR,15.00,NO,,,0E-16,,0E-16,,0E-16,,
2026,2,2030 - BODEGA DISPONIBLE PARA LA VENTA GYE,CODIFICACION,VIDEOJET,REPUESTOS,,152329,152329,,,Alphanumeric Door Complete (Willett),Unidad,1.0000,0.0000,1.0000,276.5000,276.50,865.9900,276.5000,,0.0000,1.0000,,B1-P58-F5,,,2025-08-20,5,2026-01-26 10:29:02,2026-02-12 15:00:55.323000,VIDEOJET TECHNOLOGIES INT.,Und,1,,,,,COMPRA EXTERIOR,15.00,NO,,,0E-16,,0E-16,,0E-16,,
2026,2,8001 - TRANSFERENCIAS EN TRÁNSITO,CODIFICACION,VIDEOJET,REPUESTOS,,152330,152330,,,Vacuum Electronic Component VJ1000,Unidad,1.0000,0.0000,1.0000,921.4525,921.45,1789.6700,991.3000,,,,,,,,2025-08-20,362,,2025-02-20 07:54:03,VIDEOJET TECHNOLOGIES INT.,Und,1,,,,,COMPRA EXTERIOR,15.00,NO,,,0E-16,,0E-16,,0E-16,,
2026,2,2030 - BODEGA DISPONIBLE PARA LA VENTA GYE,CODIFICACION,VIDEOJET,REPUESTOS,,152336,152336,,,NO PERF. COVER VJ1000_15/80_+_C,Unidad,2.0000,0.0000,2.0000,16.3121,32.62,245.5500,16.3100,,,,,B1-P58-F2,,,2025-08-20,50,2025-07-17 16:04:44,2025-12-29 01:47:33,VIDEOJET TECHNOLOGIES INT.,Und,1,,,,,COMPRA EXTERIOR,15.00,NO,,,0E-16,,0E-16,,0E-16,,
2026,2,1030 - BODEGA DISPONIBLE PARA LA VENTA UIO,CODIFICACION,VIDEOJET,REPUESTOS,,152336,152336,,,NO PERF. COVER VJ1000_15/80_+_C,Unidad,1.0000,0.0000,1.0000,16.3121,16.31,245.5500,16.3100,,,,,P37-N03,,,2025-08-20,50,2025-07-03 14:50:51,2025-12-29 01:47:33,VIDEOJET TECHNOLOGIES INT.,Und,1,,,,,COMPRA EXTERIOR,15.00,NO,,,0E-16,,0E-16,,0E-16,,
2026,2,1030 - BODEGA DISPONIBLE PARA LA VENTA UIO,CODIFICACION,VIDEOJET,REPUESTOS,,152338,152338,,,Cabin Bl Filter/ VJ1000_VJ1280,Unidad,3.0000,0.0000,3.0000,9.4854,28.46,35.5500,8.9520,,,,,P38-N03,,,2025-08-20,68,2026-02-10 13:25:54,2025-12-11 10:37:21,VIDEOJET TECHNOLOGIES INT.,Und,1,,,,,COMPRA EXTERIOR,15.00,NO,,,0E-16,,0E-16,,0E-16,,
2026,2,2030 - BODEGA DISPONIBLE PARA LA VENTA GYE,CODIFICACION,VIDEOJET,REPUESTOS,,152338,152338,,,Cabin Bl Filter/ VJ1000_VJ1280,Unidad,6.0000,0.0000,6.0000,9.4854,56.91,35.5500,8.9520,,,,,B1-P58-F3,,,2025-08-20,68,2026-01-12 15:28:07,2025-12-11 10:37:21,VIDEOJET TECHNOLOGIES INT.,Und,1,,,,,COMPRA EXTERIOR,15.00,NO,,,0E-16,,0E-16,,0E-16,,
2026,2,2030 - BODEGA DISPONIBLE PARA LA VENTA GYE,CODIFICACION,VIDEOJET,REPUESTOS,,152341,152341,,,Cord Electronic VJ1000 3mts,Unidad,1.0000,0.0000,1.0000,715.8633,715.86,2474.7000,705.2700,,0.0000,0.0000,,B1-P55-F7,,,2025-08-20,5,,2026-02-12 15:00:55.323000,VIDEOJET TECHNOLOGIES INT.,Und,1,,,,,COMPRA EXTERIOR,15.00,NO,,,0E-16,,0E-16,,0E-16,,
2026,2,8002 - REMISIONES QUITO,CODIFICACION,VIDEOJET,REPUESTOS,,152341,152341,,,Cord Electronic VJ1000 3mts,Unidad,1.0000,0.0000,1.0000,715.8633,715.86,2474.7000,705.2700,,,,,,,,2025-08-20,5,2025-07-27 16:23:41,2026-02-12 15:00:55.323000,VIDEOJET TECHNOLOGIES INT.,Und,1,,,,,COMPRA EXTERIOR,15.00,NO,,,0E-16,,0E-16,,0E-16,,
2026,2,8001 - TRANSFERENCIAS EN TRÁNSITO,CODIFICACION,VIDEOJET,REPUESTOS,,152341,152341,,,Cord Electronic VJ1000 3mts,Unidad,1.0000,0.0000,1.0000,715.8633,715.86,2474.7000,705.2700,,,,,,,,2025-08-20,5,,2026-02-12 15:00:55.323000,VIDEOJET TECHNOLOGIES INT.,Und,1,,,,,COMPRA EXTERIOR,15.00,NO,,,0E-16,,0E-16,,0E-16,,
2026,2,8002 - REMISIONES QUITO,CODIFICACION,VIDEOJET,REPUESTOS,,152343,152343,,,Ink Injector 7x10 mic VJ1000,Unidad,3.0000,0.0000,3.0000,554.6956,1664.09,1498.8900,498.6800,,,,,,,,2025-08-20,5,2026-02-09 05:13:10,2026-02-12 15:00:55.323000,VIDEOJET TECHNOLOGIES INT.,Und,1,,,,,COMPRA EXTERIOR,15.00,NO,,,0E-16,,0E-16,,0E-16,,
2026,2,4030 - BODEGA DISPONIBLE PARA LA VENTA MANTA,CODIFICACION,VIDEOJET,REPUESTOS,,152343,152343,,,Ink Injector 7x10 mic VJ1000,Unidad,1.0000,0.0000,1.0000,554.6956,554.70,1498.8900,498.6800,,,,,,,,2025-08-20,5,,2026-02-12 15:00:55.323000,VIDEOJET TECHNOLOGIES INT.,Und,1,,,,,COMPRA EXTERIOR,15.00,NO,,,0E-16,,0E-16,,0E-16,,
2026,2,8001 - TRANSFERENCIAS EN TRÁNSITO,CODIFICACION,VIDEOJET,REPUESTOS,,152343,152343,,,Ink Injector 7x10 mic VJ1000,Unidad,3.0000,0.0000,3.0000,554.6956,1664.09,1498.8900,498.6800,,,,,,,,2025-08-20,5,,2026-02-12 15:00:55.323000,VIDEOJET TECHNOLOGIES INT.,Und,1,,,,,COMPRA EXTERIOR,15.00,NO,,,0E-16,,0E-16,,0E-16,,
2026,2,8003 - REMISIONES GUAYAQUIL,CODIFICACION,VIDEOJET,REPUESTOS,,152343,152343,,,Ink Injector 7x10 mic VJ1000,Unidad,3.0000,0.0000,3.0000,554.6956,1664.09,1498.8900,498.6800,,,,,,,,2025-08-20,5,2026-01-31 18:27:42,2026-02-12 15:00:55.323000,VIDEOJET TECHNOLOGIES INT.,Und,1,,,,,COMPRA EXTERIOR,15.00,NO,,,0E-16,,0E-16,,0E-16,,
2026,2,2030 - BODEGA DISPONIBLE PARA LA VENTA GYE,CODIFICACION,VIDEOJET,REPUESTOS,,152343,152343,,,Ink Injector 7x10 mic VJ1000,Unidad,3.0000,0.0000,3.0000,554.6956,1664.09,1498.8900,498.6800,,1.0000,3.0000,,B1-P55-F6,,,2025-08-20,5,2025-12-15 07:14:14,2026-02-12 15:00:55.323000,VIDEOJET TECHNOLOGIES INT.,Und,1,,,,,COMPRA EXTERIOR,15.00,NO,,,0E-16,,0E-16,,0E-16,,
2026,2,2031 - BODEGA EQUIPOS USADOS OPERATIVOS GYE,CODIFICACION,VIDEOJET,REPUESTOS,,152343,152343,,,Ink Injector 7x10 mic VJ1000,Unidad,1.0000,0.0000,1.0000,554.6956,554.70,1498.8900,498.6800,,,,,B2-P01-F2,,,2025-08-20,5,,2026-02-12 15:00:55.323000,VIDEOJET TECHNOLOGIES INT.,Und,1,,,,,COMPRA EXTERIOR,15.00,NO,,,0E-16,,0E-16,,0E-16,,
2026,2,2030 - BODEGA DISPONIBLE PARA LA VENTA GYE,CODIFICACION,VIDEOJET,REPUESTOS,,152344,152344,,,Ink Injector 6x10 mic VJ1000,Unidad,4.0000,0.0000,4.0000,547.5811,2190.32,1518.2800,498.6800,,2.0000,4.0000,,B1-P55-F5,,,2025-08-20,5,2025-11-17 10:02:40,2026-02-12 15:00:55.323000,VIDEOJET TECHNOLOGIES INT.,Und,1,,,,,COMPRA EXTERIOR,15.00,NO,,,0E-16,,0E-16,,0E-16,,
2026,2,8003 - REMISIONES GUAYAQUIL,CODIFICACION,VIDEOJET,REPUESTOS,,152344,152344,,,Ink Injector 6x10 mic VJ1000,Unidad,13.0000,0.0000,13.0000,547.5811,7118.55,1518.2800,498.6800,,,,,,,,2025-08-20,5,2026-01-31 18:53:40,2026-02-12 15:00:55.323000,VIDEOJET TECHNOLOGIES INT.,Und,1,,,,,COMPRA EXTERIOR,15.00,NO,,,0E-16,,0E-16,,0E-16,,
2026,2,8001 - TRANSFERENCIAS EN TRÁNSITO,CODIFICACION,VIDEOJET,REPUESTOS,,152344,152344,,,Ink Injector 6x10 mic VJ1000,Unidad,4.0000,0.0000,4.0000,547.5811,2190.32,1518.2800,498.6800,,,,,,,,2025-08-20,5,,2026-02-12 15:00:55.323000,VIDEOJET TECHNOLOGIES INT.,Und,1,,,,,COMPRA EXTERIOR,15.00,NO,,,0E-16,,0E-16,,0E-16,,
2026,2,8004 - REMISIONES MANTA,CODIFICACION,VIDEOJET,REPUESTOS,,152344,152344,,,Ink Injector 6x10 mic VJ1000,Unidad,1.0000,0.0000,1.0000,547.5811,547.58,1518.2800,498.6800,,,,,,,,2025-08-20,5,2026-01-26 02:08:06,2026-02-12 15:00:55.323000,VIDEOJET TECHNOLOGIES INT.,Und,1,,,,,COMPRA EXTERIOR,15.00,NO,,,0E-16,,0E-16,,0E-16,,
2026,2,2021 - MALETÍN TÉCNICOS GYE,CODIFICACION,VIDEOJET,REPUESTOS,,152344,152344,,,Ink Injector 6x10 mic VJ1000,Unidad,1.0000,0.0000,1.0000,547.5811,547.58,1518.2800,498.6800,,,,,,,,2025-08-20,5,,2026-02-12 15:00:55.323000,VIDEOJET TECHNOLOGIES INT.,Und,1,,,,,COMPRA EXTERIOR,15.00,NO,,,0E-16,,0E-16,,0E-16,,
2026,2,1031 - BODEGA EQUIPOS USADOS  OPERATIVOS UIO,CODIFICACION,VIDEOJET,REPUESTOS,,152344,152344,,,Ink Injector 6x10 mic VJ1000,Unidad,1.0000,0.0000,1.0000,547.5811,547.58,1518.2800,498.6800,,,,,,,,2025-08-20,5,,2026-02-12 15:00:55.323000,VIDEOJET TECHNOLOGIES INT.,Und,1,,,,,COMPRA EXTERIOR,15.00,NO,,,0E-16,,0E-16,,0E-16,,
2026,2,8002 - REMISIONES QUITO,CODIFICACION,VIDEOJET,REPUESTOS,,152344,152344,,,Ink Injector 6x10 mic VJ1000,Unidad,6.0000,0.0000,6.0000,547.5811,3285.49,1518.2800,498.6800,,,,,,,,2025-08-20,5,2026-02-09 05:10:24,2026-02-12 15:00:55.323000,VIDEOJET TECHNOLOGIES INT.,Und,1,,,,,COMPRA EXTERIOR,15.00,NO,,,0E-16,,0E-16,,0E-16,,
2026,2,8002 - REMISIONES QUITO,CODIFICACION,VIDEOJET,REPUESTOS,,152345,152345,,,Ink Flow Recovery VJ1000_VJ1580,Unidad,2.0000,0.0000,2.0000,530.2203,1060.44,1618.7900,498.6800,,,,,,,,2025-08-20,5,2026-02-09 05:13:10,2026-02-12 15:00:55.323000,VIDEOJET TECHNOLOGIES INT.,Und,1,,,,,COMPRA EXTERIOR,15.00,NO,,,0E-16,,0E-16,,0E-16,,
2026,2,2021 - MALETÍN TÉCNICOS GYE,CODIFICACION,VIDEOJET,REPUESTOS,,152345,152345,,,Ink Flow Recovery VJ1000_VJ1580,Unidad,1.0000,0.0000,1.0000,530.2203,530.22,1618.7900,498.6800,,,,,,,,2025-08-20,5,,2026-02-12 15:00:55.323000,VIDEOJET TECHNOLOGIES INT.,Und,1,,,,,COMPRA EXTERIOR,15.00,NO,,,0E-16,,0E-16,,0E-16,,
2026,2,8001 - TRANSFERENCIAS EN TRÁNSITO,CODIFICACION,VIDEOJET,REPUESTOS,,152345,152345,,,Ink Flow Recovery VJ1000_VJ1580,Unidad,4.0000,0.0000,4.0000,530.2203,2120.88,1618.7900,498.6800,,,,,,,,2025-08-20,5,,2026-02-12 15:00:55.323000,VIDEOJET TECHNOLOGIES INT.,Und,1,,,,,COMPRA EXTERIOR,15.00,NO,,,0E-16,,0E-16,,0E-16,,
2026,2,8003 - REMISIONES GUAYAQUIL,CODIFICACION,VIDEOJET,REPUESTOS,,152345,152345,,,Ink Flow Recovery VJ1000_VJ1580,Unidad,8.0000,0.0000,8.0000,530.2203,4241.76,1618.7900,498.6800,,,,,,,,2025-08-20,5,2026-01-31 18:26:13,2026-02-12 15:00:55.323000,VIDEOJET TECHNOLOGIES INT.,Und,1,,,,,COMPRA EXTERIOR,15.00,NO,,,0E-16,,0E-16,,0E-16,,
2026,2,2030 - BODEGA DISPONIBLE PARA LA VENTA GYE,CODIFICACION,VIDEOJET,REPUESTOS,,152345,152345,,,Ink Flow Recovery VJ1000_VJ1580,Unidad,8.0000,0.0000,8.0000,530.2203,4241.76,1618.7900,498.6800,,1.0000,3.0000,,B1-P55-F6,,,2025-08-20,5,2026-02-05 06:55:06,2026-02-12 15:00:55.323000,VIDEOJET TECHNOLOGIES INT.,Und,1,,,,,COMPRA EXTERIOR,15.00,NO,,,0E-16,,0E-16,,0E-16,,
2026,2,2030 - BODEGA DISPONIBLE PARA LA VENTA GYE,CODIFICACION,VIDEOJET,REPUESTOS,,152352,152352,,,Coding module Pivot 5.3x10 DTF+_64/20 RH,Unidad,1.0000,0.0000,1.0000,545.7300,545.73,1231.3800,498.6800,,,,,B1-P60-F3,,,2025-08-20,22,,2026-01-26 07:23:43,VIDEOJET TECHNOLOGIES INT.,Und,1,,,,,COMPRA EXTERIOR,15.00,NO,,,0E-16,,0E-16,,0E-16,,
2026,2,2031 - BODEGA EQUIPOS USADOS OPERATIVOS GYE,CODIFICACION,VIDEOJET,REPUESTOS,,152356,152356,,,Print Tank System 6k hrs S10,Unidad,1.0000,0.0000,1.0000,1164.4659,1164.47,2699.6700,1122.7000,,,,,B2-P01-F2,,,2025-08-20,280,,2025-05-13 12:07:15,VIDEOJET TECHNOLOGIES INT.,Und,1,,,,,COMPRA EXTERIOR,15.00,NO,,,0E-16,,0E-16,,0E-16,,
2026,2,1030 - BODEGA DISPONIBLE PARA LA VENTA UIO,CODIFICACION,VIDEOJET,REPUESTOS,,152356,152356,,,Print Tank System 6k hrs S10,Unidad,1.0000,0.0000,1.0000,1164.4659,1164.47,2699.6700,1122.7000,,,,,P37-N01,,,2025-08-20,280,2025-06-25 17:13:23,2025-05-13 12:07:15,VIDEOJET TECHNOLOGIES INT.,Und,1,,,,,COMPRA EXTERIOR,15.00,NO,,,0E-16,,0E-16,,0E-16,,
2026,2,2030 - BODEGA DISPONIBLE PARA LA VENTA GYE,CODIFICACION,VIDEOJET,REPUESTOS,,152366,152366,,,Mandrel Friction Cones DTF/DTF+,Unidad,12.0000,0.0000,12.0000,8.6197,103.44,25.4100,7.5080,,0.0000,1.0000,,B1-P58-F3,,,2025-08-20,95,,2025-11-14 07:16:44,VIDEOJET TECHNOLOGIES INT.,Und,1,,,,,COMPRA EXTERIOR,15.00,NO,,,0E-16,,0E-16,,0E-16,,
2026,2,2020 - TALLER OPERATIVO GYE,CODIFICACION,VIDEOJET,ACCESORIOS,,152368,152368,,,INTERMITTENT BRACKET 62/10-30,Unidad,1.0000,0.0000,1.0000,500.9585,500.96,1583.1600,500.6200,,,,,,,,2025-08-20,5,,2026-02-12 15:00:55.323000,VIDEOJET TECHNOLOGIES INT.,Und,1,,,,,COMPRA EXTERIOR,15.00,NO,,,0E-16,,0E-16,,0E-16,,
2026,2,8003 - REMISIONES GUAYAQUIL,CODIFICACION,VIDEOJET,ACCESORIOS,,152368,152368,,,INTERMITTENT BRACKET 62/10-30,Unidad,3.0000,0.0000,3.0000,500.9585,1502.88,1583.1600,500.6200,,,,,,,,2025-08-20,5,,2026-02-12 15:00:55.323000,VIDEOJET TECHNOLOGIES INT.,Und,1,,,,,COMPRA EXTERIOR,15.00,NO,,,0E-16,,0E-16,,0E-16,,
2026,2,8002 - REMISIONES QUITO,CODIFICACION,VIDEOJET,ACCESORIOS,,152368,152368,,,INTERMITTENT BRACKET 62/10-30,Unidad,1.0000,0.0000,1.0000,500.9585,500.96,1583.1600,500.6200,,,,,,,,2025-08-20,5,2025-12-31 16:58:54,2026-02-12 15:00:55.323000,VIDEOJET TECHNOLOGIES INT.,Und,1,,,,,COMPRA EXTERIOR,15.00,NO,,,0E-16,,0E-16,,0E-16,,
2026,2,8001 - TRANSFERENCIAS EN TRÁNSITO,CODIFICACION,VIDEOJET,ACCESORIOS,,152368,152368,,,INTERMITTENT BRACKET 62/10-30,Unidad,2.0000,0.0000,2.0000,500.9585,1001.92,1583.1600,500.6200,,,,,,,,2025-08-20,5,,2026-02-12 15:00:55.323000,VIDEOJET TECHNOLOGIES INT.,Und,1,,,,,COMPRA EXTERIOR,15.00,NO,,,0E-16,,0E-16,,0E-16,,
2026,2,8001 - TRANSFERENCIAS EN TRÁNSITO,CODIFICACION,VIDEOJET,REPUESTOS,,152370,152370,,,Coding module 3.2x10 62/10,Unidad,3.0000,0.0000,3.0000,480.2331,1440.70,1296.7700,472.1000,,,,,,,,2025-08-20,5,,2026-02-12 15:00:55.323000,VIDEOJET TECHNOLOGIES INT.,Und,1,,,,,COMPRA EXTERIOR,15.00,NO,,,0E-16,,0E-16,,0E-16,,
2026,2,8002 - REMISIONES QUITO,CODIFICACION,VIDEOJET,REPUESTOS,,152370,152370,,,Coding module 3.2x10 62/10,Unidad,1.0000,0.0000,1.0000,480.2331,480.23,1296.7700,472.1000,,,,,,,,2025-08-20,5,2026-01-31 04:33:09,2026-02-12 15:00:55.323000,VIDEOJET TECHNOLOGIES INT.,Und,1,,,,,COMPRA EXTERIOR,15.00,NO,,,0E-16,,0E-16,,0E-16,,
2026,2,1030 - BODEGA DISPONIBLE PARA LA VENTA UIO,CODIFICACION,VIDEOJET,REPUESTOS,,152373,152373,,,Belt 32 62/10,Unidad,4.0000,0.0000,4.0000,65.2885,261.15,154.2300,62.0280,,,,,P38-N06,,,2025-08-20,258,2025-10-29 06:36:16,2025-06-04 14:31:28,VIDEOJET TECHNOLOGIES INT.,Und,1,,,,,COMPRA EXTERIOR,15.00,NO,,,0E-16,,0E-16,,0E-16,,
2026,2,1030 - BODEGA DISPONIBLE PARA LA VENTA UIO,CODIFICACION,VIDEOJET,REPUESTOS,,152374,152374,,,Coding Module Spring 3.2x10 62/10,Unidad,2.0000,0.0000,2.0000,8.8857,17.77,28.0100,8.5430,,,,,P38-N05,,,2025-08-20,5,2025-10-29 06:36:16,2026-02-12 15:00:55.323000,VIDEOJET TECHNOLOGIES INT.,Und,1,,,,,COMPRA EXTERIOR,15.00,NO,,,0E-16,,0E-16,,0E-16,,
2026,2,8001 - TRANSFERENCIAS EN TRÁNSITO,CODIFICACION,VIDEOJET,REPUESTOS,,152374,152374,,,Coding Module Spring 3.2x10 62/10,Unidad,10.0000,0.0000,10.0000,8.8857,88.86,28.0100,8.5430,,,,,,,,2025-08-20,5,,2026-02-12 15:00:55.323000,VIDEOJET TECHNOLOGIES INT.,Und,1,,,,,COMPRA EXTERIOR,15.00,NO,,,0E-16,,0E-16,,0E-16,,
2026,2,8001 - TRANSFERENCIAS EN TRÁNSITO,CODIFICACION,VIDEOJET,REPUESTOS,,152382,152382,,,PAD 7x15.3 cm,Unidad,5.0000,0.0000,5.0000,11.5770,57.89,34.6900,11.0750,,,,,,,,2025-08-20,5,,2026-02-12 15:00:55.323000,VIDEOJET TECHNOLOGIES INT.,Und,1,,,,,COMPRA EXTERIOR,15.00,NO,,,0E-16,,0E-16,,0E-16,,
2026,2,1030 - BODEGA DISPONIBLE PARA LA VENTA UIO,CODIFICACION,VIDEOJET,REPUESTOS,,152382,152382,,,PAD 7x15.3 cm,Unidad,7.0000,0.0000,7.0000,11.5770,81.04,34.6900,11.0750,,1.0000,2.0000,,P38-N05,,,2025-08-20,5,2025-09-03 06:28:05,2026-02-12 15:00:55.323000,VIDEOJET TECHNOLOGIES INT.,Und,1,,,,,COMPRA EXTERIOR,15.00,NO,,,0E-16,,0E-16,,0E-16,,
2026,2,2030 - BODEGA DISPONIBLE PARA LA VENTA GYE,CODIFICACION,VIDEOJET,REPUESTOS,,152382,152382,,,PAD 7x15.3 cm,Unidad,13.0000,0.0000,13.0000,11.5770,150.50,34.6900,11.0750,,1.0000,1.0000,,B1-P57-F4,,,2025-08-20,5,2026-01-12 13:04:10,2026-02-12 15:00:55.323000,VIDEOJET TECHNOLOGIES INT.,Und,1,,,,,COMPRA EXTERIOR,15.00,NO,,,0E-16,,0E-16,,0E-16,,
2026,2,2030 - BODEGA DISPONIBLE PARA LA VENTA GYE,CODIFICACION,VIDEOJET,REPUESTOS,,152383,152383,,,Slider Ruliman 32 62/10,Unidad,1.0000,0.0000,1.0000,114.0200,114.02,388.7900,106.5900,,,,,B1-P57-F1,,,2025-08-20,22,2025-06-13 06:53:25,2026-01-26 07:23:43,VIDEOJET TECHNOLOGIES INT.,Und,1,,,,,COMPRA EXTERIOR,15.00,NO,,,0E-16,,0E-16,,0E-16,,
2026,2,1030 - BODEGA DISPONIBLE PARA LA VENTA UIO,CODIFICACION,VIDEOJET,REPUESTOS,,152383,152383,,,Slider Ruliman 32 62/10,Unidad,1.0000,0.0000,1.0000,114.0200,114.02,388.7900,106.5900,,0.0000,0.0000,,P38-N06,,,2025-08-20,22,2025-10-29 06:36:16,2026-01-26 07:23:43,VIDEOJET TECHNOLOGIES INT.,Und,1,,,,,COMPRA EXTERIOR,15.00,NO,,,0E-16,,0E-16,,0E-16,,
2026,2,8003 - REMISIONES GUAYAQUIL,CODIFICACION,VIDEOJET,ACCESORIOS,,152384,152384,,,SENSOR REFLEX 12-24VDC NPN-PNP AL=5M PRECABLEADO + ESPEJO,Unidad,2.0000,0.0000,2.0000,74.0893,148.18,144.9000,82.5000,,,,,,,,2025-01-16,286,2025-09-28 16:55:11,2025-05-07 13:38:26.530000,SIZA SIMBAÑA ROBERTO MARCELO,Und,1,,,,,COMPRA LOCAL,15.00,NO,,,0E-16,,0E-16,,0E-16,,
2026,2,1030 - BODEGA DISPONIBLE PARA LA VENTA UIO,CODIFICACION,VIDEOJET,REPUESTOS,,152392,152392,,,MAINTENANCE KIT 23/60,Unidad,1.0000,0.0000,1.0000,278.9900,278.99,541.6100,230.4700,,,,,P37-N05,,,2025-08-20,132,,2025-10-08 15:35:02,VIDEOJET TECHNOLOGIES INT.,Und,1,,,,,COMPRA EXTERIOR,15.00,NO,,,0E-16,,0E-16,,0E-16,,
2026,2,1030 - BODEGA DISPONIBLE PARA LA VENTA UIO,CODIFICACION,VIDEOJET,ACCESORIOS,,152394,152394,,,Sensor Diffuse 100mm/ 18mm NPN-NA/ 12-24VDC,Unidad,5.0000,0.0000,5.0000,68.4409,342.20,139.4700,75.5000,,,,,P35-N04,,,2025-01-16,14,2025-10-01 16:11:54,2026-02-03 14:17:29.817000,SIZA SIMBAÑA ROBERTO MARCELO,Und,1,,,,,COMPRA LOCAL,15.00,NO,,,0E-16,,0E-16,,0E-16,,
2026,2,2030 - BODEGA DISPONIBLE PARA LA VENTA GYE,CODIFICACION,VIDEOJET,ACCESORIOS,,152394,152394,,,Sensor Diffuse 100mm/ 18mm NPN-NA/ 12-24VDC,Unidad,4.0000,0.0000,4.0000,68.4409,273.76,139.4700,75.5000,,0.0000,1.0000,,B1-P60-F3,,,2025-01-16,14,2025-07-18 10:10:41,2026-02-03 14:17:29.817000,SIZA SIMBAÑA ROBERTO MARCELO,Und,1,,,,,COMPRA LOCAL,15.00,NO,,,0E-16,,0E-16,,0E-16,,
2026,2,8003 - REMISIONES GUAYAQUIL,CODIFICACION,VIDEOJET,ACCESORIOS,,152394,152394,,,Sensor Diffuse 100mm/ 18mm NPN-NA/ 12-24VDC,Unidad,2.0000,0.0000,2.0000,68.4409,136.88,139.4700,75.5000,,,,,,,,2025-01-16,14,2025-10-26 20:50:28,2026-02-03 14:17:29.817000,SIZA SIMBAÑA ROBERTO MARCELO,Und,1,,,,,COMPRA LOCAL,15.00,NO,,,0E-16,,0E-16,,0E-16,,
2026,2,2021 - MALETÍN TÉCNICOS GYE,CODIFICACION,VIDEOJET,REPUESTOS,,152401,152401,,,Prt Roller Black 10x7 LPA,Unidad,2.0000,0.0000,2.0000,176.0843,352.17,395.3400,144.7900,,,,,,,,2025-08-20,32,,2026-01-16 05:43:10,VIDEOJET TECHNOLOGIES INT.,Und,1,,,,,COMPRA EXTERIOR,15.00,NO,,,0E-16,,0E-16,,0E-16,,
2026,2,8003 - REMISIONES GUAYAQUIL,CODIFICACION,VIDEOJET,REPUESTOS,,152401,152401,,,Prt Roller Black 10x7 LPA,Unidad,2.0000,0.0000,2.0000,176.0843,352.17,395.3400,144.7900,,,,,,,,2025-08-20,32,2025-12-31 10:49:11,2026-01-16 05:43:10,VIDEOJET TECHNOLOGIES INT.,Und,1,,,,,COMPRA EXTERIOR,15.00,NO,,,0E-16,,0E-16,,0E-16,,
2026,2,2030 - BODEGA DISPONIBLE PARA LA VENTA GYE,CODIFICACION,VIDEOJET,REPUESTOS,,152401,152401,,,Prt Roller Black 10x7 LPA,Unidad,8.0000,0.0000,8.0000,176.0843,1408.67,395.3400,144.7900,,,,,B1-P58-F4,,,2025-08-20,32,2026-02-04 14:58:29,2026-01-16 05:43:10,VIDEOJET TECHNOLOGIES INT.,Und,1,,,,,COMPRA EXTERIOR,15.00,NO,,,0E-16,,0E-16,,0E-16,,
2026,2,1030 - BODEGA DISPONIBLE PARA LA VENTA UIO,CODIFICACION,VIDEOJET,REPUESTOS,,152401,152401,,,Prt Roller Black 10x7 LPA,Unidad,1.0000,0.0000,1.0000,176.0843,176.08,395.3400,144.7900,,,,,P38-N02,,,2025-08-20,32,2025-02-27 15:17:18,2026-01-16 05:43:10,VIDEOJET TECHNOLOGIES INT.,Und,1,,,,,COMPRA EXTERIOR,15.00,NO,,,0E-16,,0E-16,,0E-16,,
2026,2,2030 - BODEGA DISPONIBLE PARA LA VENTA GYE,CODIFICACION,VIDEOJET,REPUESTOS,,152403,152403,,,Lbl Detector Roller Yellow 10x7 LPA,Unidad,4.0000,0.0000,4.0000,145.9188,583.68,363.4700,128.0800,,,,,B1-P58-F3,,,2025-08-20,32,2026-02-04 14:58:29,2026-01-16 05:43:10,VIDEOJET TECHNOLOGIES INT.,Und,1,,,,,COMPRA EXTERIOR,15.00,NO,,,0E-16,,0E-16,,0E-16,,
2026,2,8003 - REMISIONES GUAYAQUIL,CODIFICACION,VIDEOJET,REPUESTOS,,152403,152403,,,Lbl Detector Roller Yellow 10x7 LPA,Unidad,1.0000,0.0000,1.0000,145.9188,145.92,363.4700,128.0800,,,,,,,,2025-08-20,32,2025-09-22 03:04:29,2026-01-16 05:43:10,VIDEOJET TECHNOLOGIES INT.,Und,1,,,,,COMPRA EXTERIOR,15.00,NO,,,0E-16,,0E-16,,0E-16,,
2026,2,2021 - MALETÍN TÉCNICOS GYE,CODIFICACION,VIDEOJET,REPUESTOS,,152403,152403,,,Lbl Detector Roller Yellow 10x7 LPA,Unidad,1.0000,0.0000,1.0000,145.9188,145.92,363.4700,128.0800,,,,,,,,2025-08-20,32,,2026-01-16 05:43:10,VIDEOJET TECHNOLOGIES INT.,Und,1,,,,,COMPRA EXTERIOR,15.00,NO,,,0E-16,,0E-16,,0E-16,,
2026,2,8003 - REMISIONES GUAYAQUIL,CODIFICACION,VIDEOJET,REPUESTOS,,152404,152404,,,Label Pass Guide 107 LPA,Unidad,2.0000,0.0000,2.0000,157.0134,314.03,346.7700,131.6900,,,,,,,,2025-08-20,32,2025-12-31 10:46:24,2026-01-16 05:19:42,VIDEOJET TECHNOLOGIES INT.,Und,1,,,,,COMPRA EXTERIOR,15.00,NO,,,0E-16,,0E-16,,0E-16,,
2026,2,2030 - BODEGA DISPONIBLE PARA LA VENTA GYE,CODIFICACION,VIDEOJET,REPUESTOS,,152405,152405,,,Lbl gp sensor 53/107 RH LPA,Unidad,1.0000,0.0000,1.0000,158.5599,158.56,324.4000,158.5900,,,,,B1-P57-F4,,,2025-08-20,284,2026-02-04 14:58:29,2025-05-09 14:56:18,VIDEOJET TECHNOLOGIES INT.,Und,1,,,,,COMPRA EXTERIOR,15.00,NO,,,0E-16,,0E-16,,0E-16,,
2026,2,1030 - BODEGA DISPONIBLE PARA LA VENTA UIO,CODIFICACION,VIDEOJET,REPUESTOS,,152405,152405,,,Lbl gp sensor 53/107 RH LPA,Unidad,1.0000,0.0000,1.0000,158.5599,158.56,324.4000,158.5900,,,,,P37-N05,,,2025-08-20,284,2024-12-17 06:46:27,2025-05-09 14:56:18,VIDEOJET TECHNOLOGIES INT.,Und,1,,,,,COMPRA EXTERIOR,15.00,NO,,,0E-16,,0E-16,,0E-16,,
2026,2,2030 - BODEGA DISPONIBLE PARA LA VENTA GYE,CODIFICACION,VIDEOJET,REPUESTOS,,152407,152407,,,Gp Sensor & Prt Roll. Sensor  BCP 53/107 RH,Unidad,1.0000,0.0000,1.0000,111.6567,111.66,205.6400,87.5100,,0.0000,1.0000,,B1-P57-F4,,,2025-08-20,32,2025-05-12 10:49:31,2026-01-16 05:19:42,VIDEOJET TECHNOLOGIES INT.,Und,1,,,,,COMPRA EXTERIOR,15.00,NO,,,0E-16,,0E-16,,0E-16,,
2026,2,2021 - MALETÍN TÉCNICOS GYE,CODIFICACION,VIDEOJET,REPUESTOS,,152407,152407,,,Gp Sensor & Prt Roll. Sensor  BCP 53/107 RH,Unidad,2.0000,0.0000,2.0000,111.6567,223.31,205.6400,87.5100,,,,,,,,2025-08-20,32,,2026-01-16 05:19:42,VIDEOJET TECHNOLOGIES INT.,Und,1,,,,,COMPRA EXTERIOR,15.00,NO,,,0E-16,,0E-16,,0E-16,,
2026,2,2021 - MALETÍN TÉCNICOS GYE,CODIFICACION,VIDEOJET,REPUESTOS,,152408,152408,,,Gp Sensor & Prt Roll. Sensor  BCP 53/107 LH,Unidad,1.0000,0.0000,1.0000,123.3750,123.38,299.5800,87.5100,,,,,,,,2025-08-20,96,,2025-11-13 08:03:47,VIDEOJET TECHNOLOGIES INT.,Und,1,,,,,COMPRA EXTERIOR,15.00,NO,,,0E-16,,0E-16,,0E-16,,
2026,2,2030 - BODEGA DISPONIBLE PARA LA VENTA GYE,CODIFICACION,VIDEOJET,REPUESTOS,,152408,152408,,,Gp Sensor & Prt Roll. Sensor  BCP 53/107 LH,Unidad,1.0000,0.0000,1.0000,123.3750,123.38,299.5800,87.5100,,,,,B1-P57-F2,,,2025-08-20,96,,2025-11-13 08:03:47,VIDEOJET TECHNOLOGIES INT.,Und,1,,,,,COMPRA EXTERIOR,15.00,NO,,,0E-16,,0E-16,,0E-16,,
2026,2,1030 - BODEGA DISPONIBLE PARA LA VENTA UIO,CODIFICACION,VIDEOJET,REPUESTOS,,152409,152409,,,Ribb. & Prthd Sensor BCP 53/107 LH,Unidad,1.0000,0.0000,1.0000,110.5300,110.53,238.6700,84.1200,,,,,P37-N05,,,2025-08-20,193,,2025-08-08 08:09:07,VIDEOJET TECHNOLOGIES INT.,Und,1,,,,,COMPRA EXTERIOR,15.00,NO,,,0E-16,,0E-16,,0E-16,,
2026,2,2030 - BODEGA DISPONIBLE PARA LA VENTA GYE,CODIFICACION,VIDEOJET,REPUESTOS,,152409,152409,,,Ribb. & Prthd Sensor BCP 53/107 LH,Unidad,1.0000,0.0000,1.0000,110.5300,110.53,238.6700,84.1200,,,,,B1-P56-F1,,,2025-08-20,193,,2025-08-08 08:09:07,VIDEOJET TECHNOLOGIES INT.,Und,1,,,,,COMPRA EXTERIOR,15.00,NO,,,0E-16,,0E-16,,0E-16,,
2026,2,1030 - BODEGA DISPONIBLE PARA LA VENTA UIO,CODIFICACION,VIDEOJET,REPUESTOS,,152410,152410,,,Vincha del Mandril 53/107 LPA,Unidad,7.0000,0.0000,7.0000,6.5951,46.17,21.2300,6.5951,,0.0000,0.0000,,P37-N05,,,2025-08-20,473,,2024-11-01 06:00:00,VIDEOJET TECHNOLOGIES INT.,Und,1,,,,,COMPRA EXTERIOR,15.00,NO,,,0E-16,,0E-16,,0E-16,,
2026,2,1030 - BODEGA DISPONIBLE PARA LA VENTA UIO,CODIFICACION,VIDEOJET,REPUESTOS,,152411,152411,,,Black Ribbon Disc 53/107 LPA,Unidad,1.0000,0.0000,1.0000,34.9480,34.95,83.2800,34.9480,,,,,P38-N05,,,2025-08-20,473,,2024-11-01 06:00:00,VIDEOJET TECHNOLOGIES INT.,Und,1,,,,,COMPRA EXTERIOR,15.00,NO,,,0E-16,,0E-16,,0E-16,,
2026,2,1030 - BODEGA DISPONIBLE PARA LA VENTA UIO,CODIFICACION,VIDEOJET,ACCESORIOS,,152412,152412,,,Sensor Diffuse 100mm/ 18mm NPN-NA/ 12-24VDC,Unidad,3.0000,0.0000,3.0000,67.9500,203.85,139.4700,75.5000,,,,,P35-N05,,,2025-01-16,14,2025-12-19 05:52:28,2026-02-03 14:17:29.817000,SIZA SIMBAÑA ROBERTO MARCELO,Und,1,,,,,COMPRA LOCAL,15.00,NO,,,0E-16,,0E-16,,0E-16,,
2026,2,2030 - BODEGA DISPONIBLE PARA LA VENTA GYE,CODIFICACION,VIDEOJET,ACCESORIOS,,152412,152412,,,Sensor Diffuse 100mm/ 18mm NPN-NA/ 12-24VDC,Unidad,5.0000,0.0000,5.0000,67.9500,339.75,139.4700,75.5000,,2.0000,4.0000,,B1-P60-F3,,,2025-01-16,14,2026-01-23 11:52:24,2026-02-03 14:17:29.817000,SIZA SIMBAÑA ROBERTO MARCELO,Und,1,,,,,COMPRA LOCAL,15.00,NO,,,0E-16,,0E-16,,0E-16,,
2026,2,8002 - REMISIONES QUITO,CODIFICACION,VIDEOJET,ACCESORIOS,,152412,152412,,,Sensor Diffuse 100mm/ 18mm NPN-NA/ 12-24VDC,Unidad,2.0000,0.0000,2.0000,67.9500,135.90,139.4700,75.5000,,,,,,,,2025-01-16,14,2025-12-31 20:26:19,2026-02-03 14:17:29.817000,SIZA SIMBAÑA ROBERTO MARCELO,Und,1,,,,,COMPRA LOCAL,15.00,NO,,,0E-16,,0E-16,,0E-16,,
2026,2,2020 - TALLER OPERATIVO GYE,CODIFICACION,VIDEOJET,ACCESORIOS,,152412,152412,,,Sensor Diffuse 100mm/ 18mm NPN-NA/ 12-24VDC,Unidad,1.0000,0.0000,1.0000,67.9500,67.95,139.4700,75.5000,,,,,,,,2025-01-16,14,,2026-02-03 14:17:29.817000,SIZA SIMBAÑA ROBERTO MARCELO,Und,1,,,,,COMPRA LOCAL,15.00,NO,,,0E-16,,0E-16,,0E-16,,
2026,2,2021 - MALETÍN TÉCNICOS GYE,CODIFICACION,VIDEOJET,ACCESORIOS,,152412,152412,,,Sensor Diffuse 100mm/ 18mm NPN-NA/ 12-24VDC,Unidad,1.0000,0.0000,1.0000,67.9500,67.95,139.4700,75.5000,,,,,,,,2025-01-16,14,,2026-02-03 14:17:29.817000,SIZA SIMBAÑA ROBERTO MARCELO,Und,1,,,,,COMPRA LOCAL,15.00,NO,,,0E-16,,0E-16,,0E-16,,
2026,2,2030 - BODEGA DISPONIBLE PARA LA VENTA GYE,CODIFICACION,VIDEOJET,REPUESTOS,,152413,152413,,,Label Pass Belt LH 53/107 LPA,Unidad,2.0000,0.0000,2.0000,192.9600,385.92,504.0200,156.5500,,,,,B1-P58-F2,,,2025-08-20,32,,2026-01-16 05:43:10,VIDEOJET TECHNOLOGIES INT.,Und,1,,,,,COMPRA EXTERIOR,15.00,NO,,,0E-16,,0E-16,,0E-16,,
2026,2,2030 - BODEGA DISPONIBLE PARA LA VENTA GYE,CODIFICACION,VIDEOJET,REPUESTOS,,152414,152414,,,Main Traction Belt  53/107 LPA,Unidad,2.0000,0.0000,2.0000,242.9600,485.92,706.5600,206.4100,,0.0000,0.0000,,B1-P57-F2,,,2025-08-20,96,,2025-11-13 08:03:47,VIDEOJET TECHNOLOGIES INT.,Und,1,,,,,COMPRA EXTERIOR,15.00,NO,,,0E-16,,0E-16,,0E-16,,
2026,2,1030 - BODEGA DISPONIBLE PARA LA VENTA UIO,CODIFICACION,VIDEOJET,REPUESTOS,,152414,152414,,,Main Traction Belt  53/107 LPA,Unidad,1.0000,0.0000,1.0000,242.9600,242.96,706.5600,206.4100,,,,,P37-N05,,,2025-08-20,96,,2025-11-13 08:03:47,VIDEOJET TECHNOLOGIES INT.,Und,1,,,,,COMPRA EXTERIOR,15.00,NO,,,0E-16,,0E-16,,0E-16,,
2026,2,1030 - BODEGA DISPONIBLE PARA LA VENTA UIO,CODIFICACION,VIDEOJET,REPUESTOS,,152420,152420,,,Coding module 10.7x10 95/50,Unidad,1.0000,0.0000,1.0000,755.8114,755.81,1872.0800,717.0400,,,,,,,,2025-08-20,12,2025-09-08 05:52:09,2026-02-05 13:38:57.900000,VIDEOJET TECHNOLOGIES INT.,Und,1,,,,,COMPRA EXTERIOR,15.00,NO,,,0E-16,,0E-16,,0E-16,,
2026,2,8001 - TRANSFERENCIAS EN TRÁNSITO,CODIFICACION,VIDEOJET,REPUESTOS,,152420,152420,,,Coding module 10.7x10 95/50,Unidad,1.0000,0.0000,1.0000,755.8114,755.81,1872.0800,717.0400,,,,,,,,2025-08-20,12,,2026-02-05 13:38:57.900000,VIDEOJET TECHNOLOGIES INT.,Und,1,,,,,COMPRA EXTERIOR,15.00,NO,,,0E-16,,0E-16,,0E-16,,
2026,2,8004 - REMISIONES MANTA,CODIFICACION,VIDEOJET,REPUESTOS,,152420,152420,,,Coding module 10.7x10 95/50,Unidad,2.0000,0.0000,2.0000,755.8114,1511.62,1872.0800,717.0400,,,,,,,,2025-08-20,12,,2026-02-05 13:38:57.900000,VIDEOJET TECHNOLOGIES INT.,Und,1,,,,,COMPRA EXTERIOR,15.00,NO,,,0E-16,,0E-16,,0E-16,,
2026,2,2021 - MALETÍN TÉCNICOS GYE,CODIFICACION,VIDEOJET,REPUESTOS,,152420,152420,,,Coding module 10.7x10 95/50,Unidad,5.0000,0.0000,5.0000,755.8114,3779.06,1872.0800,717.0400,,,,,,,,2025-08-20,12,,2026-02-05 13:38:57.900000,VIDEOJET TECHNOLOGIES INT.,Und,1,,,,,COMPRA EXTERIOR,15.00,NO,,,0E-16,,0E-16,,0E-16,,
2026,2,8003 - REMISIONES GUAYAQUIL,CODIFICACION,VIDEOJET,REPUESTOS,,152420,152420,,,Coding module 10.7x10 95/50,Unidad,14.0000,0.0000,14.0000,755.8114,10581.36,1872.0800,717.0400,,,,,,,,2025-08-20,12,2026-01-31 04:16:06,2026-02-05 13:38:57.900000,VIDEOJET TECHNOLOGIES INT.,Und,1,,,,,COMPRA EXTERIOR,15.00,NO,,,0E-16,,0E-16,,0E-16,,
2026,2,8002 - REMISIONES QUITO,CODIFICACION,VIDEOJET,REPUESTOS,,152420,152420,,,Coding module 10.7x10 95/50,Unidad,1.0000,0.0000,1.0000,755.8114,755.81,1872.0800,717.0400,,,,,,,,2025-08-20,12,,2026-02-05 13:38:57.900000,VIDEOJET TECHNOLOGIES INT.,Und,1,,,,,COMPRA EXTERIOR,15.00,NO,,,0E-16,,0E-16,,0E-16,,
2026,2,2030 - BODEGA DISPONIBLE PARA LA VENTA GYE,CODIFICACION,VIDEOJET,REPUESTOS,,152422,152422,,,Lbl Roll. 53/107 LPA,Unidad,1.0000,0.0000,1.0000,64.6700,64.67,284.4600,57.3500,,,,,B1-P57-F1,,,2025-08-20,161,,2025-09-09 08:25:02,VIDEOJET TECHNOLOGIES INT.,Und,1,,,,,COMPRA EXTERIOR,15.00,NO,,,0E-16,,0E-16,,0E-16,,
2026,2,2030 - BODEGA DISPONIBLE PARA LA VENTA GYE,CODIFICACION,VIDEOJET,REPUESTOS,,152425,152425,,,Arm Roller Pk5 53/107 LPA,Unidad,1.0000,0.0000,1.0000,210.3750,210.38,683.1700,210.3750,,,,,B1-P58-F2,,,2025-08-20,473,,2024-11-01 06:00:00,VIDEOJET TECHNOLOGIES INT.,Und,1,,,,,COMPRA EXTERIOR,15.00,NO,,,0E-16,,0E-16,,0E-16,,
2026,2,2030 - BODEGA DISPONIBLE PARA LA VENTA GYE,CODIFICACION,VIDEOJET,REPUESTOS,,152427,152427,,,Ribbon Direction Roller 107 LPA,Unidad,1.0000,0.0000,1.0000,33.6990,33.70,78.7400,33.6990,,,,,B1-P58-F4,,,2025-08-20,473,,2024-11-01 06:00:00,VIDEOJET TECHNOLOGIES INT.,Und,1,,,,,COMPRA EXTERIOR,15.00,NO,,,0E-16,,0E-16,,0E-16,,
2026,2,1030 - BODEGA DISPONIBLE PARA LA VENTA UIO,CODIFICACION,VIDEOJET,REPUESTOS,,152427,152427,,,Ribbon Direction Roller 107 LPA,Unidad,6.0000,0.0000,6.0000,33.6990,202.19,78.7400,33.6990,,,,,P38-N05,,,2025-08-20,473,,2024-11-01 06:00:00,VIDEOJET TECHNOLOGIES INT.,Und,1,,,,,COMPRA EXTERIOR,15.00,NO,,,0E-16,,0E-16,,0E-16,,
2026,2,1030 - BODEGA DISPONIBLE PARA LA VENTA UIO,CODIFICACION,VIDEOJET,REPUESTOS,,152429,152429,,,Ribb. & Prthd Sensor BCP 53/107 RH,Unidad,1.0000,0.0000,1.0000,110.4400,110.44,238.4600,84.0500,,,,,P37-N05,,,2025-08-20,193,,2025-08-08 08:09:07,VIDEOJET TECHNOLOGIES INT.,Und,1,,,,,COMPRA EXTERIOR,15.00,NO,,,0E-16,,0E-16,,0E-16,,
2026,2,2030 - BODEGA DISPONIBLE PARA LA VENTA GYE,CODIFICACION,VIDEOJET,ACCESORIOS,,152432,152432,,,Wipe Arm with Roller Complete RH 53/107 LPA,Unidad,1.0000,0.0000,1.0000,163.5483,163.55,541.8700,156.9100,,,,,B1-P58-F5,,,2025-08-20,12,2025-07-01 20:00:30,2026-02-05 16:41:57.610000,VIDEOJET TECHNOLOGIES INT.,Und,1,,,,,COMPRA EXTERIOR,15.00,NO,,,0E-16,,0E-16,,0E-16,,
2026,2,8003 - REMISIONES GUAYAQUIL,CODIFICACION,VIDEOJET,ACCESORIOS,,152432,152432,,,Wipe Arm with Roller Complete RH 53/107 LPA,Unidad,1.0000,0.0000,1.0000,163.5483,163.55,541.8700,156.9100,,,,,,,,2025-08-20,12,2025-07-31 04:25:22,2026-02-05 16:41:57.610000,VIDEOJET TECHNOLOGIES INT.,Und,1,,,,,COMPRA EXTERIOR,15.00,NO,,,0E-16,,0E-16,,0E-16,,
2026,2,8003 - REMISIONES GUAYAQUIL,CODIFICACION,VIDEOJET,ACCESORIOS,,152433,152433,,,Wipe Arm with Roller Complete LH 53/107 LPA,Unidad,1.0000,0.0000,1.0000,192.5703,192.57,541.8700,156.9100,,,,,,,,2025-08-20,32,2025-09-28 16:59:59,2026-01-16 05:43:10,VIDEOJET TECHNOLOGIES INT.,Und,1,,,,,COMPRA EXTERIOR,15.00,NO,,,0E-16,,0E-16,,0E-16,,
2026,2,2030 - BODEGA DISPONIBLE PARA LA VENTA GYE,CODIFICACION,VIDEOJET,ACCESORIOS,,152433,152433,,,Wipe Arm with Roller Complete LH 53/107 LPA,Unidad,1.0000,0.0000,1.0000,192.5703,192.57,541.8700,156.9100,,,,,B1-P59-F4,,,2025-08-20,32,2025-07-01 20:00:30,2026-01-16 05:43:10,VIDEOJET TECHNOLOGIES INT.,Und,1,,,,,COMPRA EXTERIOR,15.00,NO,,,0E-16,,0E-16,,0E-16,,
2026,2,2030 - BODEGA DISPONIBLE PARA LA VENTA GYE,CODIFICACION,VIDEOJET,ACCESORIOS,,152434,152434,,,Barcode Scanner Set 53/107 LPA,Unidad,2.0000,0.0000,2.0000,2055.2866,4110.57,4590.5000,1791.7100,,,,,B1-P60-F1,,,2025-08-20,96,2025-07-01 20:00:30,2025-11-13 07:45:44,VIDEOJET TECHNOLOGIES INT.,Und,1,,,,,COMPRA EXTERIOR,15.00,NO,,,0E-16,,0E-16,,0E-16,,
2026,2,8003 - REMISIONES GUAYAQUIL,CODIFICACION,VIDEOJET,ACCESORIOS,,152434,152434,,,Barcode Scanner Set 53/107 LPA,Unidad,1.0000,0.0000,1.0000,2055.2866,2055.29,4590.5000,1791.7100,,,,,,,,2025-08-20,96,2025-07-27 14:59:36,2025-11-13 07:45:44,VIDEOJET TECHNOLOGIES INT.,Und,1,,,,,COMPRA EXTERIOR,15.00,NO,,,0E-16,,0E-16,,0E-16,,
2026,2,1030 - BODEGA DISPONIBLE PARA LA VENTA UIO,CODIFICACION,VIDEOJET,REPUESTOS,,152435,152435,,,Red Belt/Coding Module 53/107 LPA,Unidad,1.0000,0.0000,1.0000,144.2685,144.27,422.7100,123.4800,,,,,P37-N05,,,2025-08-20,32,,2026-01-16 05:19:42,VIDEOJET TECHNOLOGIES INT.,Und,1,,,,,COMPRA EXTERIOR,15.00,NO,,,0E-16,,0E-16,,0E-16,,
2026,2,1030 - BODEGA DISPONIBLE PARA LA VENTA UIO,CODIFICACION,VIDEOJET,REPUESTOS,,152436,152436,,,Orange Wipe Down Roller 53/107 LPA,Unidad,1.0000,0.0000,1.0000,42.8404,42.84,141.0500,39.2400,,0.0000,0.0000,,P37-N04,,,2025-08-20,333,2025-02-27 15:17:18,2025-03-21 07:05:21,VIDEOJET TECHNOLOGIES INT.,Und,1,,,,,COMPRA EXTERIOR,15.00,NO,,,0E-16,,0E-16,,0E-16,,
2026,2,2030 - BODEGA DISPONIBLE PARA LA VENTA GYE,CODIFICACION,VIDEOJET,REPUESTOS,,152436,152436,,,Orange Wipe Down Roller 53/107 LPA,Unidad,8.0000,0.0000,8.0000,42.8404,342.72,141.0500,39.2400,,2.0000,3.0000,,B1-P58-F4,,,2025-08-20,333,2025-05-14 10:33:49,2025-03-21 07:05:21,VIDEOJET TECHNOLOGIES INT.,Und,1,,,,,COMPRA EXTERIOR,15.00,NO,,,0E-16,,0E-16,,0E-16,,
2026,2,2030 - BODEGA DISPONIBLE PARA LA VENTA GYE,CODIFICACION,VIDEOJET,REPUESTOS,,152437,152437,,,Pneumatics Assembly 300T-500T TAMP,Unidad,1.0000,0.0000,1.0000,1376.1100,1376.11,3175.9900,1376.1100,,,,,B1-P58-F2,,,2025-08-20,473,,2024-11-01 06:00:00,VIDEOJET TECHNOLOGIES INT.,Und,1,,,,,COMPRA EXTERIOR,15.00,NO,,,0E-16,,0E-16,,0E-16,,
2026,2,2030 - BODEGA DISPONIBLE PARA LA VENTA GYE,CODIFICACION,VIDEOJET,REPUESTOS,,152438,152438,,,Supply Disk Assy 53/107 LPA,Unidad,1.0000,0.0000,1.0000,106.3700,106.37,249.9700,106.3700,,,,,B1-P58-F5,,,2025-08-20,12,2024-12-05 08:39:40,2026-02-05 16:41:57.610000,VIDEOJET TECHNOLOGIES INT.,Und,1,,,,,COMPRA EXTERIOR,15.00,NO,,,0E-16,,0E-16,,0E-16,,
2026,2,2001 - PLAN DE ACCIÓNN REPUESTOS BAJA ROTACIÓN GYE,CODIFICACION,VIDEOJET,REPUESTOS,,152439,152439,,,Cylinder Valve (FOP),Unidad,1.0000,0.0000,1.0000,389.7400,389.74,805.2800,389.7400,,,,,B1-P52-F3,,,2025-08-20,473,,2024-11-01 06:00:00,VIDEOJET TECHNOLOGIES INT.,Und,1,,,,,COMPRA EXTERIOR,15.00,NO,,,0E-16,,0E-16,,0E-16,,
2026,2,2001 - PLAN DE ACCIÓNN REPUESTOS BAJA ROTACIÓN GYE,CODIFICACION,VIDEOJET,REPUESTOS,,152441,152441,,,Blow Valve (FOP),Unidad,1.0000,0.0000,1.0000,312.8200,312.82,805.2800,312.8200,,,,,B1-P52-F3,,,2025-08-20,473,,2024-11-01 06:00:00,VIDEOJET TECHNOLOGIES INT.,Und,1,,,,,COMPRA EXTERIOR,15.00,NO,,,0E-16,,0E-16,,0E-16,,
2026,2,2030 - BODEGA DISPONIBLE PARA LA VENTA GYE,CODIFICACION,VIDEOJET,REPUESTOS,,152443,152443,,,Print Roller Parts 53 LPA,Unidad,1.0000,0.0000,1.0000,114.8125,114.81,286.6500,91.7750,,,,,B1-P57-F2,,,2025-08-20,473,,2024-11-01 06:00:00,VIDEOJET TECHNOLOGIES INT.,Und,1,,,,,COMPRA EXTERIOR,15.00,NO,,,0E-16,,0E-16,,0E-16,,
2026,2,1030 - BODEGA DISPONIBLE PARA LA VENTA UIO,CODIFICACION,VIDEOJET,REPUESTOS,,152444,152444,,,Coding module 5.3x10 95/50,Unidad,1.0000,0.0000,1.0000,782.0775,782.08,1710.0500,645.3400,,0.0000,1.0000,,P37-N04,,,2025-08-20,32,,2026-01-16 05:51:11,VIDEOJET TECHNOLOGIES INT.,Und,1,,,,,COMPRA EXTERIOR,15.00,NO,,,0E-16,,0E-16,,0E-16,,
2026,2,8003 - REMISIONES GUAYAQUIL,CODIFICACION,VIDEOJET,REPUESTOS,,152444,152444,,,Coding module 5.3x10 95/50,Unidad,1.0000,0.0000,1.0000,782.0775,782.08,1710.0500,645.3400,,,,,,,,2025-08-20,32,2026-01-31 04:13:13,2026-01-16 05:51:11,VIDEOJET TECHNOLOGIES INT.,Und,1,,,,,COMPRA EXTERIOR,15.00,NO,,,0E-16,,0E-16,,0E-16,,
2026,2,2030 - BODEGA DISPONIBLE PARA LA VENTA GYE,CODIFICACION,VIDEOJET,REPUESTOS,,152445,152445,,,RH 53mm Printhead Ribbon Cable (Includes Adapter PCB with Ribbon Cable,Unidad,1.0000,0.0000,1.0000,133.5900,133.59,341.2100,133.5900,,,,,B1-P58-F2,,,2025-08-20,473,,2024-11-01 06:00:00,VIDEOJET TECHNOLOGIES INT.,Und,1,,,,,COMPRA EXTERIOR,15.00,NO,,,0E-16,,0E-16,,0E-16,,
2026,2,2030 - BODEGA DISPONIBLE PARA LA VENTA GYE,CODIFICACION,VIDEOJET,REPUESTOS,,152447,152447,,,LH Supply (Brake) Override Finger (Black plastic L shaped piece),Unidad,1.0000,0.0000,1.0000,45.2367,45.24,79.5100,33.8400,,,,,B1-P57-F5,,,2025-08-20,161,,2025-09-09 08:25:02,VIDEOJET TECHNOLOGIES INT.,Und,1,,,,,COMPRA EXTERIOR,15.00,NO,,,0E-16,,0E-16,,0E-16,,
2026,2,2021 - MALETÍN TÉCNICOS GYE,CODIFICACION,VIDEOJET,REPUESTOS,,152447,152447,,,LH Supply (Brake) Override Finger (Black plastic L shaped piece),Unidad,1.0000,0.0000,1.0000,45.2367,45.24,79.5100,33.8400,,,,,,,,2025-08-20,161,,2025-09-09 08:25:02,VIDEOJET TECHNOLOGIES INT.,Und,1,,,,,COMPRA EXTERIOR,15.00,NO,,,0E-16,,0E-16,,0E-16,,
2026,2,2021 - MALETÍN TÉCNICOS GYE,CODIFICACION,VIDEOJET,REPUESTOS,,152448,152448,,,RH Supply (Brake) Override Finger (Black plastic L shaped piece),Unidad,2.0000,0.0000,2.0000,39.8300,79.66,74.7800,33.8400,,,,,,,,2025-08-20,96,,2025-11-13 08:03:47,VIDEOJET TECHNOLOGIES INT.,Und,1,,,,,COMPRA EXTERIOR,15.00,NO,,,0E-16,,0E-16,,0E-16,,
2026,2,8003 - REMISIONES GUAYAQUIL,CODIFICACION,VIDEOJET,REPUESTOS,,152450,152450,,,Cord Electronic 63-65/30 3mts,Unidad,1.0000,0.0000,1.0000,351.8952,351.90,1010.8000,292.7000,,,,,,,,2025-08-20,68,2024-12-31 11:14:59,2025-12-11 10:37:21,VIDEOJET TECHNOLOGIES INT.,Und,1,,,,,COMPRA EXTERIOR,15.00,NO,,,0E-16,,0E-16,,0E-16,,
2026,2,8002 - REMISIONES QUITO,CODIFICACION,VIDEOJET,REPUESTOS,,152450,152450,,,Cord Electronic 63-65/30 3mts,Unidad,1.0000,0.0000,1.0000,351.8952,351.90,1010.8000,292.7000,,,,,,,,2025-08-20,68,2025-12-31 20:21:29,2025-12-11 10:37:21,VIDEOJET TECHNOLOGIES INT.,Und,1,,,,,COMPRA EXTERIOR,15.00,NO,,,0E-16,,0E-16,,0E-16,,
2026,2,2030 - BODEGA DISPONIBLE PARA LA VENTA GYE,CODIFICACION,VIDEOJET,REPUESTOS,,152450,152450,,,Cord Electronic 63-65/30 3mts,Unidad,1.0000,0.0000,1.0000,351.8952,351.90,1010.8000,292.7000,,0.0000,0.0000,,B1-P60-F3,,,2025-08-20,68,2025-07-08 15:49:33,2025-12-11 10:37:21,VIDEOJET TECHNOLOGIES INT.,Und,1,,,,,COMPRA EXTERIOR,15.00,NO,,,0E-16,,0E-16,,0E-16,,
2026,2,2030 - BODEGA DISPONIBLE PARA LA VENTA GYE,CODIFICACION,VIDEOJET,ACCESORIOS,,152451,152451,,,HMI - PSU Cable - 3m (Standard),Unidad,1.0000,0.0000,1.0000,161.2900,161.29,495.9600,143.6200,,,,,B1-P60-F3,,,2025-08-20,22,2025-10-17 11:42:28,2026-01-26 07:23:43,VIDEOJET TECHNOLOGIES INT.,Und,1,,,,,COMPRA EXTERIOR,15.00,NO,,,0E-16,,0E-16,,0E-16,,
2026,2,8002 - REMISIONES QUITO,CODIFICACION,VIDEOJET,REPUESTOS,,152456,152456,,,MAINBOARD PCBA 63/30 32_53MIC,Unidad,1.0000,0.0000,1.0000,1547.2550,1547.26,3182.3300,1424.1100,,,,,,,,2025-08-20,5,2024-12-31 11:42:29,2026-02-12 15:30:46,VIDEOJET TECHNOLOGIES INT.,Und,1,,,,,COMPRA EXTERIOR,15.00,NO,,,0E-16,,0E-16,,0E-16,,
2026,2,1030 - BODEGA DISPONIBLE PARA LA VENTA UIO,CODIFICACION,VIDEOJET,REPUESTOS,,152457,152457,,,Coding module PCB - 5.3x10 63-65/30 RH,Unidad,1.0000,0.0000,1.0000,516.5350,516.54,1517.0000,475.3100,,0.0000,0.0000,,P37-N03,,,2025-08-20,162,2025-11-11 09:01:58,2025-09-08 13:33:50,VIDEOJET TECHNOLOGIES INT.,Und,1,,,,,COMPRA EXTERIOR,15.00,NO,,,0E-16,,0E-16,,0E-16,,
2026,2,8001 - TRANSFERENCIAS EN TRÁNSITO,CODIFICACION,VIDEOJET,REPUESTOS,,152459,152459,,,Rib. Detector PCB 32&53 63/65_30,Unidad,1.0000,0.0000,1.0000,511.1600,511.16,1262.1800,511.1600,,,,,,,,2025-08-20,5,,2026-02-12 15:00:55.323000,VIDEOJET TECHNOLOGIES INT.,Und,1,,,,,COMPRA EXTERIOR,15.00,NO,,,0E-16,,0E-16,,0E-16,,
2026,2,8003 - REMISIONES GUAYAQUIL,CODIFICACION,VIDEOJET,REPUESTOS,,152461,152461,,,Clear Polycarbonate Rewind Disk,Unidad,1.0000,0.0000,1.0000,26.7000,26.70,50.5700,20.5000,,,,,,,,2025-08-20,284,,2025-05-09 14:56:18,VIDEOJET TECHNOLOGIES INT.,Und,1,,,,,COMPRA EXTERIOR,15.00,NO,,,0E-16,,0E-16,,0E-16,,
2026,2,8002 - REMISIONES QUITO,CODIFICACION,VIDEOJET,REPUESTOS,,152462,152462,,,Slider Ruliman 32&53 63/65_30,Unidad,1.0000,0.0000,1.0000,245.2787,245.28,763.6500,234.0900,,,,,,,,2025-08-20,5,2025-10-27 01:12:16,2026-02-12 15:00:55.323000,VIDEOJET TECHNOLOGIES INT.,Und,1,,,,,COMPRA EXTERIOR,15.00,NO,,,0E-16,,0E-16,,0E-16,,
2026,2,1030 - BODEGA DISPONIBLE PARA LA VENTA UIO,CODIFICACION,VIDEOJET,REPUESTOS,,152462,152462,,,Slider Ruliman 32&53 63/65_30,Unidad,3.0000,0.0000,3.0000,245.2787,735.84,763.6500,234.0900,,0.0000,1.0000,,P38-N04,,,2025-08-20,5,2025-05-27 17:31:35,2026-02-12 15:00:55.323000,VIDEOJET TECHNOLOGIES INT.,Und,1,,,,,COMPRA EXTERIOR,15.00,NO,,,0E-16,,0E-16,,0E-16,,
2026,2,2030 - BODEGA DISPONIBLE PARA LA VENTA GYE,CODIFICACION,VIDEOJET,REPUESTOS,,152462,152462,,,Slider Ruliman 32&53 63/65_30,Unidad,3.0000,0.0000,3.0000,245.2787,735.84,763.6500,234.0900,,1.0000,1.0000,,B1-P57-F4,,,2025-08-20,5,2025-11-24 16:41:00,2026-02-12 15:00:55.323000,VIDEOJET TECHNOLOGIES INT.,Und,1,,,,,COMPRA EXTERIOR,15.00,NO,,,0E-16,,0E-16,,0E-16,,
2026,2,2030 - BODEGA DISPONIBLE PARA LA VENTA GYE,CODIFICACION,VIDEOJET,REPUESTOS,,152463,152463,,,E-Stop Switch 53/107 LPA,Unidad,1.0000,0.0000,1.0000,110.0567,110.06,281.4600,114.0700,,,,,B1-P57-F4,,,2025-08-20,257,2024-12-05 08:39:40,2025-06-05 07:37:51,VIDEOJET TECHNOLOGIES INT.,Und,1,,,,,COMPRA EXTERIOR,15.00,NO,,,0E-16,,0E-16,,0E-16,,
2026,2,8003 - REMISIONES GUAYAQUIL,CODIFICACION,VIDEOJET,REPUESTOS,,152463,152463,,,E-Stop Switch 53/107 LPA,Unidad,1.0000,0.0000,1.0000,110.0567,110.06,281.4600,114.0700,,,,,,,,2025-08-20,257,,2025-06-05 07:37:51,VIDEOJET TECHNOLOGIES INT.,Und,1,,,,,COMPRA EXTERIOR,15.00,NO,,,0E-16,,0E-16,,0E-16,,
2026,2,8002 - REMISIONES QUITO,CODIFICACION,VIDEOJET,REPUESTOS,,152465,152465,,,Belt 32&53 63/65_30,Unidad,4.0000,0.0000,4.0000,97.1000,388.40,293.0100,92.0750,,,,,,,,2025-08-20,5,2025-12-31 14:16:33,2026-02-12 15:00:55.323000,VIDEOJET TECHNOLOGIES INT.,Und,1,,,,,COMPRA EXTERIOR,15.00,NO,,,0E-16,,0E-16,,0E-16,,
2026,2,8001 - TRANSFERENCIAS EN TRÁNSITO,CODIFICACION,VIDEOJET,REPUESTOS,,152465,152465,,,Belt 32&53 63/65_30,Unidad,6.0000,0.0000,6.0000,97.1000,582.60,293.0100,92.0750,,,,,,,,2025-08-20,5,,2026-02-12 15:00:55.323000,VIDEOJET TECHNOLOGIES INT.,Und,1,,,,,COMPRA EXTERIOR,15.00,NO,,,0E-16,,0E-16,,0E-16,,
2026,2,2030 - BODEGA DISPONIBLE PARA LA VENTA GYE,CODIFICACION,VIDEOJET,REPUESTOS,,152465,152465,,,Belt 32&53 63/65_30,Unidad,10.0000,0.0000,10.0000,97.1000,971.00,293.0100,92.0750,,1.0000,2.0000,,B1-P57-F4,,,2025-08-20,5,2025-11-24 16:41:00,2026-02-12 15:00:55.323000,VIDEOJET TECHNOLOGIES INT.,Und,1,,,,,COMPRA EXTERIOR,15.00,NO,,,0E-16,,0E-16,,0E-16,,
2026,2,1030 - BODEGA DISPONIBLE PARA LA VENTA UIO,CODIFICACION,VIDEOJET,REPUESTOS,,152465,152465,,,Belt 32&53 63/65_30,Unidad,2.0000,0.0000,2.0000,97.1000,194.20,293.0100,92.0750,,1.0000,2.0000,,P38-N05,,,2025-08-20,5,2025-05-27 17:31:35,2026-02-12 15:00:55.323000,VIDEOJET TECHNOLOGIES INT.,Und,1,,,,,COMPRA EXTERIOR,15.00,NO,,,0E-16,,0E-16,,0E-16,,
2026,2,2030 - BODEGA DISPONIBLE PARA LA VENTA GYE,CODIFICACION,VIDEOJET,REPUESTOS,,152467,152467,,,Coding module 5.3x10 63-65/30,Unidad,4.0000,0.0000,4.0000,870.1028,3480.41,1952.9000,817.8500,,2.0000,3.0000,,B1-P56-F2,,,2025-08-20,5,2026-02-11 06:24:06,2026-02-12 15:00:55.323000,VIDEOJET TECHNOLOGIES INT.,Und,1,,,,,COMPRA EXTERIOR,15.00,NO,,,0E-16,,0E-16,,0E-16,,
2026,2,8001 - TRANSFERENCIAS EN TRÁNSITO,CODIFICACION,VIDEOJET,REPUESTOS,,152467,152467,,,Coding module 5.3x10 63-65/30,Unidad,3.0000,0.0000,3.0000,870.1028,2610.31,1952.9000,817.8500,,,,,,,,2025-08-20,5,,2026-02-12 15:00:55.323000,VIDEOJET TECHNOLOGIES INT.,Und,1,,,,,COMPRA EXTERIOR,15.00,NO,,,0E-16,,0E-16,,0E-16,,
2026,2,8002 - REMISIONES QUITO,CODIFICACION,VIDEOJET,REPUESTOS,,152467,152467,,,Coding module 5.3x10 63-65/30,Unidad,4.0000,0.0000,4.0000,870.1028,3480.41,1952.9000,817.8500,,,,,,,,2025-08-20,5,2026-01-31 04:31:00,2026-02-12 15:00:55.323000,VIDEOJET TECHNOLOGIES INT.,Und,1,,,,,COMPRA EXTERIOR,15.00,NO,,,0E-16,,0E-16,,0E-16,,
2026,2,8003 - REMISIONES GUAYAQUIL,CODIFICACION,VIDEOJET,REPUESTOS,,152467,152467,,,Coding module 5.3x10 63-65/30,Unidad,7.0000,0.0000,7.0000,870.1028,6090.72,1952.9000,817.8500,,,,,,,,2025-08-20,5,2025-12-31 15:38:33,2026-02-12 15:00:55.323000,VIDEOJET TECHNOLOGIES INT.,Und,1,,,,,COMPRA EXTERIOR,15.00,NO,,,0E-16,,0E-16,,0E-16,,
2026,2,1030 - BODEGA DISPONIBLE PARA LA VENTA UIO,CODIFICACION,VIDEOJET,REPUESTOS,,152469,152469,,,Touchscreen 63/65_30,Unidad,1.0000,0.0000,1.0000,1099.4500,1099.45,2347.2300,1028.1600,,,,,,,,2025-08-20,22,2025-11-18 15:49:48,2026-01-26 07:23:43,VIDEOJET TECHNOLOGIES INT.,Und,1,,,,,COMPRA EXTERIOR,15.00,NO,,,0E-16,,0E-16,,0E-16,,
2026,2,2030 - BODEGA DISPONIBLE PARA LA VENTA GYE,CODIFICACION,VIDEOJET,REPUESTOS,,152470,152470,,,Mandrel Refurbishment Kit 63-65/30,Unidad,1.0000,0.0000,1.0000,105.8101,105.81,348.6900,105.8101,,,,,B1-P58-F4,,,2025-08-20,473,,2024-11-01 06:00:00,VIDEOJET TECHNOLOGIES INT.,Und,1,,,,,COMPRA EXTERIOR,15.00,NO,,,0E-16,,0E-16,,0E-16,,
2026,2,2030 - BODEGA DISPONIBLE PARA LA VENTA GYE,CODIFICACION,VIDEOJET,REPUESTOS,,152471,152471,,,Cassette Mandrel 63-65/30 3.2x10/5.3x10,Unidad,8.0000,0.0000,8.0000,85.8194,686.56,276.8400,79.6600,,,,,B1-P57-F3,,,2025-08-20,457,,2024-11-17 20:06:19,VIDEOJET TECHNOLOGIES INT.,Und,1,,,,,COMPRA EXTERIOR,15.00,NO,,,0E-16,,0E-16,,0E-16,,
2026,2,1030 - BODEGA DISPONIBLE PARA LA VENTA UIO,CODIFICACION,VIDEOJET,REPUESTOS,,152471,152471,,,Cassette Mandrel 63-65/30 3.2x10/5.3x10,Unidad,5.0000,0.0000,5.0000,85.8194,429.10,276.8400,79.6600,,1.0000,1.0000,,P37-N06,,,2025-08-20,457,,2024-11-17 20:06:19,VIDEOJET TECHNOLOGIES INT.,Und,1,,,,,COMPRA EXTERIOR,15.00,NO,,,0E-16,,0E-16,,0E-16,,
2026,2,8003 - REMISIONES GUAYAQUIL,CODIFICACION,VIDEOJET,REPUESTOS,,152472,152472,,,Label Waste Mandrel  107 LPA,Unidad,1.0000,0.0000,1.0000,100.6499,100.65,274.8200,100.6500,,,,,,,,2025-08-20,12,2025-12-31 10:46:24,2026-02-05 16:41:57.610000,VIDEOJET TECHNOLOGIES INT.,Und,1,,,,,COMPRA EXTERIOR,15.00,NO,,,0E-16,,0E-16,,0E-16,,
2026,2,2030 - BODEGA DISPONIBLE PARA LA VENTA GYE,CODIFICACION,VIDEOJET,REPUESTOS,,152473,152473,,,Label Supply Mandrel  107 LPA,Unidad,1.0000,0.0000,1.0000,143.8855,143.89,262.9700,139.6400,,,,,B1-P60-F1,,,2025-08-20,284,2025-05-12 10:49:31,2025-05-09 14:56:18,VIDEOJET TECHNOLOGIES INT.,Und,1,,,,,COMPRA EXTERIOR,15.00,NO,,,0E-16,,0E-16,,0E-16,,
2026,2,8003 - REMISIONES GUAYAQUIL,CODIFICACION,VIDEOJET,ACCESORIOS,,152476,152476,,,Dust Cover Assembly LH LPA,Unidad,1.0000,0.0000,1.0000,326.0000,326.00,746.2400,296.3200,,,,,,,,2025-08-20,32,2025-09-28 16:56:36,2026-01-16 05:43:10,VIDEOJET TECHNOLOGIES INT.,Und,1,,,,,COMPRA EXTERIOR,15.00,NO,,,0E-16,,0E-16,,0E-16,,
2026,2,8003 - REMISIONES GUAYAQUIL,CODIFICACION,VIDEOJET,REPUESTOS,,152480,152480,,,POWER SUPPLY 62/30,Unidad,2.0000,0.0000,2.0000,134.6250,269.25,310.0100,123.0200,,,,,,,,2025-08-20,22,,2026-01-26 07:23:43,VIDEOJET TECHNOLOGIES INT.,Und,1,,,,,COMPRA EXTERIOR,15.00,NO,,,0E-16,,0E-16,,0E-16,,
2026,2,8001 - TRANSFERENCIAS EN TRÁNSITO,CODIFICACION,VIDEOJET,REPUESTOS,,152482,152482,,,Slider Ruliman 32 62/30,Unidad,1.0000,0.0000,1.0000,126.6545,126.65,393.2900,123.5700,,,,,,,,2025-08-20,5,,2026-02-12 15:00:55.323000,VIDEOJET TECHNOLOGIES INT.,Und,1,,,,,COMPRA EXTERIOR,15.00,NO,,,0E-16,,0E-16,,0E-16,,
2026,2,2030 - BODEGA DISPONIBLE PARA LA VENTA GYE,CODIFICACION,VIDEOJET,REPUESTOS,,152482,152482,,,Slider Ruliman 32 62/30,Unidad,5.0000,0.0000,5.0000,126.6545,633.27,393.2900,123.5700,,,,,B1-P57-F4,,,2025-08-20,5,2025-12-10 07:18:52,2026-02-12 15:00:55.323000,VIDEOJET TECHNOLOGIES INT.,Und,1,,,,,COMPRA EXTERIOR,15.00,NO,,,0E-16,,0E-16,,0E-16,,
2026,2,2030 - BODEGA DISPONIBLE PARA LA VENTA GYE,CODIFICACION,VIDEOJET,REPUESTOS,,152483,152483,,,EM Assembly 62/30,Unidad,1.0000,0.0000,1.0000,243.0308,243.03,760.7000,224.8000,,0.0000,1.0000,,B1-P56-F2,,,2025-08-20,5,2025-05-22 06:22:38,2026-02-12 15:00:55.323000,VIDEOJET TECHNOLOGIES INT.,Und,1,,,,,COMPRA EXTERIOR,15.00,NO,,,0E-16,,0E-16,,0E-16,,
2026,2,8001 - TRANSFERENCIAS EN TRÁNSITO,CODIFICACION,VIDEOJET,REPUESTOS,,152483,152483,,,EM Assembly 62/30,Unidad,1.0000,0.0000,1.0000,243.0308,243.03,760.7000,224.8000,,,,,,,,2025-08-20,5,,2026-02-12 15:00:55.323000,VIDEOJET TECHNOLOGIES INT.,Und,1,,,,,COMPRA EXTERIOR,15.00,NO,,,0E-16,,0E-16,,0E-16,,
2026,2,8003 - REMISIONES GUAYAQUIL,CODIFICACION,VIDEOJET,REPUESTOS,,152483,152483,,,EM Assembly 62/30,Unidad,1.0000,0.0000,1.0000,243.0308,243.03,760.7000,224.8000,,,,,,,,2025-08-20,5,2025-04-29 08:42:45,2026-02-12 15:00:55.323000,VIDEOJET TECHNOLOGIES INT.,Und,1,,,,,COMPRA EXTERIOR,15.00,NO,,,0E-16,,0E-16,,0E-16,,
2026,2,1030 - BODEGA DISPONIBLE PARA LA VENTA UIO,CODIFICACION,VIDEOJET,REPUESTOS,,152485,152485,,,EM Arm Assembly 62/30,Unidad,1.0000,0.0000,1.0000,203.9615,203.96,576.4100,170.3500,,,,,P38-N07,,,2025-08-20,95,,2025-11-14 07:16:44,VIDEOJET TECHNOLOGIES INT.,Und,1,,,,,COMPRA EXTERIOR,15.00,NO,,,0E-16,,0E-16,,0E-16,,
2026,2,1030 - BODEGA DISPONIBLE PARA LA VENTA UIO,CODIFICACION,VIDEOJET,REPUESTOS,,152487,152487,,,Belt 32 62/30,Unidad,2.0000,0.0000,2.0000,18.9604,37.92,59.3000,18.6340,,0.0000,0.0000,,P38-N05,,,2025-08-20,5,2026-02-04 15:36:30,2026-02-12 15:00:55.323000,VIDEOJET TECHNOLOGIES INT.,Und,1,,,,,COMPRA EXTERIOR,15.00,NO,,,0E-16,,0E-16,,0E-16,,
2026,2,2030 - BODEGA DISPONIBLE PARA LA VENTA GYE,CODIFICACION,VIDEOJET,REPUESTOS,,152487,152487,,,Belt 32 62/30,Unidad,12.0000,0.0000,12.0000,18.9604,227.52,59.3000,18.6340,,0.0000,1.0000,,B1-P57-F3,,,2025-08-20,5,2025-12-23 16:35:36,2026-02-12 15:00:55.323000,VIDEOJET TECHNOLOGIES INT.,Und,1,,,,,COMPRA EXTERIOR,15.00,NO,,,0E-16,,0E-16,,0E-16,,
2026,2,8001 - TRANSFERENCIAS EN TRÁNSITO,CODIFICACION,VIDEOJET,REPUESTOS,,152487,152487,,,Belt 32 62/30,Unidad,3.0000,0.0000,3.0000,18.9604,56.88,59.3000,18.6340,,,,,,,,2025-08-20,5,,2026-02-12 15:00:55.323000,VIDEOJET TECHNOLOGIES INT.,Und,1,,,,,COMPRA EXTERIOR,15.00,NO,,,0E-16,,0E-16,,0E-16,,
2026,2,8003 - REMISIONES GUAYAQUIL,CODIFICACION,VIDEOJET,REPUESTOS,,152489,152489,,,Coding module 3.2x10 62/30,Unidad,1.0000,0.0000,1.0000,416.1032,416.10,1034.1700,398.5000,,,,,,,,2025-08-20,5,2025-12-31 15:29:59,2026-02-12 15:00:55.323000,VIDEOJET TECHNOLOGIES INT.,Und,1,,,,,COMPRA EXTERIOR,15.00,NO,,,0E-16,,0E-16,,0E-16,,
2026,2,8002 - REMISIONES QUITO,CODIFICACION,VIDEOJET,REPUESTOS,,152489,152489,,,Coding module 3.2x10 62/30,Unidad,3.0000,0.0000,3.0000,416.1032,1248.31,1034.1700,398.5000,,,,,,,,2025-08-20,5,2025-12-31 16:59:49,2026-02-12 15:00:55.323000,VIDEOJET TECHNOLOGIES INT.,Und,1,,,,,COMPRA EXTERIOR,15.00,NO,,,0E-16,,0E-16,,0E-16,,
2026,2,8001 - TRANSFERENCIAS EN TRÁNSITO,CODIFICACION,VIDEOJET,REPUESTOS,,152489,152489,,,Coding module 3.2x10 62/30,Unidad,3.0000,0.0000,3.0000,416.1032,1248.31,1034.1700,398.5000,,,,,,,,2025-08-20,5,,2026-02-12 15:00:55.323000,VIDEOJET TECHNOLOGIES INT.,Und,1,,,,,COMPRA EXTERIOR,15.00,NO,,,0E-16,,0E-16,,0E-16,,
2026,2,2031 - BODEGA EQUIPOS USADOS OPERATIVOS GYE,CODIFICACION,VIDEOJET,REPUESTOS,,152489,152489,,,Coding module 3.2x10 62/30,Unidad,1.0000,0.0000,1.0000,416.1032,416.10,1034.1700,398.5000,,,,,,,,2025-08-20,5,,2026-02-12 15:00:55.323000,VIDEOJET TECHNOLOGIES INT.,Und,1,,,,,COMPRA EXTERIOR,15.00,NO,,,0E-16,,0E-16,,0E-16,,
2026,2,2030 - BODEGA DISPONIBLE PARA LA VENTA GYE,CODIFICACION,VIDEOJET,REPUESTOS,,152489,152489,,,Coding module 3.2x10 62/30,Unidad,2.0000,0.0000,2.0000,416.1032,832.21,1034.1700,398.5000,,1.0000,1.0000,,B1-P57-F5,,,2025-08-20,5,2025-12-22 05:46:06,2026-02-12 15:00:55.323000,VIDEOJET TECHNOLOGIES INT.,Und,1,,,,,COMPRA EXTERIOR,15.00,NO,,,0E-16,,0E-16,,0E-16,,
2026,2,8002 - REMISIONES QUITO,CODIFICACION,VIDEOJET,REPUESTOS,,152490,152490,,,Complete Controller Display 62/30,Unidad,1.0000,0.0000,1.0000,217.8267,217.83,954.6300,182.8600,,,,,,,,2025-08-20,95,,2025-11-14 07:16:44,VIDEOJET TECHNOLOGIES INT.,Und,1,,,,,COMPRA EXTERIOR,15.00,NO,,,0E-16,,0E-16,,0E-16,,
2026,2,8003 - REMISIONES GUAYAQUIL,CODIFICACION,VIDEOJET,REPUESTOS,,152491,152491,,,Removable Cassette 62-30 3.2x10,Unidad,1.0000,0.0000,1.0000,444.5900,444.59,954.6900,406.2600,,,,,,,,2025-08-20,22,2025-07-31 03:59:23,2026-01-26 07:23:43,VIDEOJET TECHNOLOGIES INT.,Und,1,,,,,COMPRA EXTERIOR,15.00,NO,,,0E-16,,0E-16,,0E-16,,
2026,2,2030 - BODEGA DISPONIBLE PARA LA VENTA GYE,CODIFICACION,VIDEOJET,ACCESORIOS,,152494,152494,,,Power and I/O Cable (3m) 62/30,Unidad,1.0000,0.0000,1.0000,104.3500,104.35,320.8700,92.9200,,,,,B1-P60-F3,,,2025-08-20,22,,2026-01-26 07:23:43,VIDEOJET TECHNOLOGIES INT.,Und,1,,,,,COMPRA EXTERIOR,15.00,NO,,,0E-16,,0E-16,,0E-16,,
2026,2,2030 - BODEGA DISPONIBLE PARA LA VENTA GYE,CODIFICACION,VIDEOJET,ACCESORIOS,,152495,152495,,,Encoder Complete VJ 62-30,Unidad,1.0000,0.0000,1.0000,367.2323,367.23,815.6100,367.2323,,,,,B1-P57-F6,,,2025-08-20,473,2025-12-23 06:25:56,2024-11-01 06:00:00,VIDEOJET TECHNOLOGIES INT.,Und,1,,,,,COMPRA EXTERIOR,15.00,NO,,,0E-16,,0E-16,,0E-16,,
2026,2,2030 - BODEGA DISPONIBLE PARA LA VENTA GYE,CODIFICACION,VIDEOJET,REPUESTOS,,152496,152496,,,Coding module 10.7x10 65/30,Unidad,6.0000,0.0000,6.0000,1164.6640,6987.98,2263.7900,1056.8700,,2.0000,3.0000,,B1-P57-F5,,,2025-08-20,22,2025-11-17 14:53:58,2026-01-26 07:23:43,VIDEOJET TECHNOLOGIES INT.,Und,1,,,,,COMPRA EXTERIOR,15.00,NO,,,0E-16,,0E-16,,0E-16,,
2026,2,8003 - REMISIONES GUAYAQUIL,CODIFICACION,VIDEOJET,REPUESTOS,,152496,152496,,,Coding module 10.7x10 65/30,Unidad,2.0000,0.0000,2.0000,1164.6640,2329.33,2263.7900,1056.8700,,,,,,,,2025-08-20,22,2025-11-30 04:37:27,2026-01-26 07:23:43,VIDEOJET TECHNOLOGIES INT.,Und,1,,,,,COMPRA EXTERIOR,15.00,NO,,,0E-16,,0E-16,,0E-16,,
2026,2,2021 - MALETÍN TÉCNICOS GYE,CODIFICACION,VIDEOJET,REPUESTOS,,152496,152496,,,Coding module 10.7x10 65/30,Unidad,1.0000,0.0000,1.0000,1164.6640,1164.66,2263.7900,1056.8700,,,,,,,,2025-08-20,22,,2026-01-26 07:23:43,VIDEOJET TECHNOLOGIES INT.,Und,1,,,,,COMPRA EXTERIOR,15.00,NO,,,0E-16,,0E-16,,0E-16,,
2026,2,8002 - REMISIONES QUITO,CODIFICACION,VIDEOJET,REPUESTOS,,152498,152498,,,Removable Cassette 63-30 3.2/5.3x10,Unidad,2.0000,0.0000,2.0000,754.6078,1509.22,1757.5500,711.7800,,,,,,,,2025-08-20,5,2025-05-13 17:19:55,2026-02-12 15:00:55.323000,VIDEOJET TECHNOLOGIES INT.,Und,1,,,,,COMPRA EXTERIOR,15.00,NO,,,0E-16,,0E-16,,0E-16,,
2026,2,2030 - BODEGA DISPONIBLE PARA LA VENTA GYE,CODIFICACION,VIDEOJET,REPUESTOS,,152498,152498,,,Removable Cassette 63-30 3.2/5.3x10,Unidad,1.0000,0.0000,1.0000,754.6078,754.61,1757.5500,711.7800,,0.0000,1.0000,,B1-P56-F5,,,2025-08-20,5,2025-09-17 08:14:12,2026-02-12 15:00:55.323000,VIDEOJET TECHNOLOGIES INT.,Und,1,,,,,COMPRA EXTERIOR,15.00,NO,,,0E-16,,0E-16,,0E-16,,
2026,2,2030 - BODEGA DISPONIBLE PARA LA VENTA GYE,CODIFICACION,VIDEOJET,REPUESTOS,,152500,152500,,,Coding module 3.2x10 63/30,Unidad,1.0000,0.0000,1.0000,568.0823,568.08,1183.5500,518.4300,,0.0000,0.0000,,B1-P56-F2,,,2025-08-20,22,2025-08-25 19:22:14,2026-01-26 07:23:43,VIDEOJET TECHNOLOGIES INT.,Und,1,,,,,COMPRA EXTERIOR,15.00,NO,,,0E-16,,0E-16,,0E-16,,
2026,2,1030 - BODEGA DISPONIBLE PARA LA VENTA UIO,CODIFICACION,VIDEOJET,REPUESTOS,,152500,152500,,,Coding module 3.2x10 63/30,Unidad,1.0000,0.0000,1.0000,568.0823,568.08,1183.5500,518.4300,,1.0000,2.0000,,P37-N03,,,2025-08-20,22,2025-01-13 12:27:08,2026-01-26 07:23:43,VIDEOJET TECHNOLOGIES INT.,Und,1,,,,,COMPRA EXTERIOR,15.00,NO,,,0E-16,,0E-16,,0E-16,,
2026,2,8002 - REMISIONES QUITO,CODIFICACION,VIDEOJET,REPUESTOS,,152500,152500,,,Coding module 3.2x10 63/30,Unidad,3.0000,0.0000,3.0000,568.0823,1704.25,1183.5500,518.4300,,,,,,,,2025-08-20,22,2025-12-31 20:21:29,2026-01-26 07:23:43,VIDEOJET TECHNOLOGIES INT.,Und,1,,,,,COMPRA EXTERIOR,15.00,NO,,,0E-16,,0E-16,,0E-16,,
2026,2,8003 - REMISIONES GUAYAQUIL,CODIFICACION,VIDEOJET,REPUESTOS,,152502,152502,,,Coding module PCB - 10.7x10 65/30 RH,Unidad,1.0000,0.0000,1.0000,300.1000,300.10,685.8000,300.1000,,,,,,,,2025-08-20,473,,2024-11-01 06:00:00,VIDEOJET TECHNOLOGIES INT.,Und,1,,,,,COMPRA EXTERIOR,15.00,NO,,,0E-16,,0E-16,,0E-16,,
2026,2,2030 - BODEGA DISPONIBLE PARA LA VENTA GYE,CODIFICACION,VIDEOJET,REPUESTOS,,152503,152503,,,Roller Arm Assy RH 65/30 10.7x10,Unidad,2.0000,0.0000,2.0000,109.8600,219.72,354.9700,104.9100,,0.0000,1.0000,,B1-P60-F4,,,2025-08-20,5,2025-12-18 07:00:12,2026-02-12 15:00:55.323000,VIDEOJET TECHNOLOGIES INT.,Und,1,,,,,COMPRA EXTERIOR,15.00,NO,,,0E-16,,0E-16,,0E-16,,
2026,2,2030 - BODEGA DISPONIBLE PARA LA VENTA GYE,CODIFICACION,VIDEOJET,ACCESORIOS,,152505,152505,,,Dust Cover Assembly RH LPA,Unidad,10.0000,0.0000,10.0000,278.1562,2781.56,746.2400,222.2100,,0.0000,1.0000,,B1-P58-F5,,,2025-08-20,214,2025-03-21 09:01:03,2025-07-18 08:19:45,VIDEOJET TECHNOLOGIES INT.,Und,1,,,,,COMPRA EXTERIOR,15.00,NO,,,0E-16,,0E-16,,0E-16,,
2026,2,2030 - BODEGA DISPONIBLE PARA LA VENTA GYE,CODIFICACION,VIDEOJET,REPUESTOS,,152506,152506,,,Ribbon Motor 10.7x10 65/30,Unidad,1.0000,0.0000,1.0000,160.8966,160.90,401.2900,160.8966,,,,,B1-P57-F4,,,2025-08-20,473,,2024-11-01 06:00:00,VIDEOJET TECHNOLOGIES INT.,Und,1,,,,,COMPRA EXTERIOR,15.00,NO,,,0E-16,,0E-16,,0E-16,,
2026,2,2030 - BODEGA DISPONIBLE PARA LA VENTA GYE,CODIFICACION,VIDEOJET,REPUESTOS,,152507,152507,,,Removable Cassette 65-30 10.7x10,Unidad,2.0000,0.0000,2.0000,462.6450,925.29,1054.9500,422.7600,,0.0000,1.0000,,B1-P60-F1,,,2025-08-20,22,2025-12-11 06:42:14,2026-01-26 07:23:43,VIDEOJET TECHNOLOGIES INT.,Und,1,,,,,COMPRA EXTERIOR,15.00,NO,,,0E-16,,0E-16,,0E-16,,
2026,2,2030 - BODEGA DISPONIBLE PARA LA VENTA GYE,CODIFICACION,VIDEOJET,REPUESTOS,,152509,152509,,,Cassette Mandrel 65/30 10.7x10,Unidad,6.0000,0.0000,6.0000,112.1283,672.77,280.3900,108.2400,,,,,B1-P57-F4,,,2025-08-20,473,,2024-11-01 06:00:00,VIDEOJET TECHNOLOGIES INT.,Und,1,,,,,COMPRA EXTERIOR,15.00,NO,,,0E-16,,0E-16,,0E-16,,
2026,2,2031 - BODEGA EQUIPOS USADOS OPERATIVOS GYE,CODIFICACION,VIDEOJET,ACCESORIOS,,152512,152512,,,ENCODER 3600PPR T/POLE 3 SALIDAS NPN — PNP Cuerpo 050mm/ Eje 8mm At.,Unidad,1.0000,0.0000,1.0000,200.5199,200.52,403.5500,222.8000,,,,,,,,2025-01-16,428,,2024-12-16 17:47:36.090000,SIZA SIMBAÑA ROBERTO MARCELO,Und,1,,,,,COMPRA LOCAL,15.00,NO,,,0E-16,,0E-16,,0E-16,,
2026,2,8003 - REMISIONES GUAYAQUIL,CODIFICACION,VIDEOJET,ACCESORIOS,,152513,152513,,,ENCODER 5000PPR T/POLE 3 SALIDAS NPN — PNP Cuerpo 050mm/ Eje 8mm At.,Unidad,1.0000,0.0000,1.0000,222.2733,222.27,443.3100,244.7500,,,,,,,,2025-01-16,168,2026-01-11 14:40:59,2025-09-02 16:55:00,SIZA SIMBAÑA ROBERTO MARCELO,Und,1,,,,,COMPRA LOCAL,15.00,NO,,,0E-16,,0E-16,,0E-16,,
2026,2,8002 - REMISIONES QUITO,CODIFICACION,VIDEOJET,ACCESORIOS,,152513,152513,,,ENCODER 5000PPR T/POLE 3 SALIDAS NPN — PNP Cuerpo 050mm/ Eje 8mm At.,Unidad,2.0000,0.0000,2.0000,222.2733,444.55,443.3100,244.7500,,,,,,,,2025-01-16,168,2025-10-26 21:59:00,2025-09-02 16:55:00,SIZA SIMBAÑA ROBERTO MARCELO,Und,1,,,,,COMPRA LOCAL,15.00,NO,,,0E-16,,0E-16,,0E-16,,
2026,2,1030 - BODEGA DISPONIBLE PARA LA VENTA UIO,CODIFICACION,VIDEOJET,ACCESORIOS,,152513,152513,,,ENCODER 5000PPR T/POLE 3 SALIDAS NPN — PNP Cuerpo 050mm/ Eje 8mm At.,Unidad,1.0000,0.0000,1.0000,222.2733,222.27,443.3100,244.7500,,,,,P35-N05,,,2025-01-16,168,2025-12-18 14:54:17,2025-09-02 16:55:00,SIZA SIMBAÑA ROBERTO MARCELO,Und,1,,,,,COMPRA LOCAL,15.00,NO,,,0E-16,,0E-16,,0E-16,,
2026,2,1030 - BODEGA DISPONIBLE PARA LA VENTA UIO,CODIFICACION,VIDEOJET,ACCESORIOS,,152514,152514,,,6P CONEXION VJ,Unidad,2.0000,0.0000,2.0000,40.5778,81.16,182.4800,35.4800,,,,,P35-N04,,,2025-08-20,246,,2025-06-16 14:27:41,VIDEOJET TECHNOLOGIES INT.,Und,1,,,,,COMPRA EXTERIOR,15.00,NO,,,0E-16,,0E-16,,0E-16,,
2026,2,2030 - BODEGA DISPONIBLE PARA LA VENTA GYE,CODIFICACION,VIDEOJET,ACCESORIOS,,152514,152514,,,6P CONEXION VJ,Unidad,5.0000,0.0000,5.0000,40.5778,202.89,182.4800,35.4800,,0.0000,0.0000,,B1-P59-F2,,,2025-08-20,246,2026-02-04 10:40:53,2025-06-16 14:27:41,VIDEOJET TECHNOLOGIES INT.,Und,1,,,,,COMPRA EXTERIOR,15.00,NO,,,0E-16,,0E-16,,0E-16,,
2026,2,8002 - REMISIONES QUITO,CODIFICACION,VIDEOJET,ACCESORIOS,,152514,152514,,,6P CONEXION VJ,Unidad,4.0000,0.0000,4.0000,40.5778,162.31,182.4800,35.4800,,,,,,,,2025-08-20,246,2026-01-31 04:26:05,2025-06-16 14:27:41,VIDEOJET TECHNOLOGIES INT.,Und,1,,,,,COMPRA EXTERIOR,15.00,NO,,,0E-16,,0E-16,,0E-16,,
2026,2,8002 - REMISIONES QUITO,CODIFICACION,VIDEOJET,ACCESORIOS,,152515,152515,,,3P CONEXION VJ,Unidad,6.0000,0.0000,6.0000,33.1125,198.68,141.8400,34.5400,,,,,,,,2025-08-20,5,2025-09-30 14:08:29,2026-02-12 15:00:55.323000,VIDEOJET TECHNOLOGIES INT.,Und,1,,,,,COMPRA EXTERIOR,15.00,NO,,,0E-16,,0E-16,,0E-16,,
2026,2,8003 - REMISIONES GUAYAQUIL,CODIFICACION,VIDEOJET,ACCESORIOS,,152515,152515,,,3P CONEXION VJ,Unidad,10.0000,0.0000,10.0000,33.1125,331.13,141.8400,34.5400,,,,,,,,2025-08-20,5,2025-12-31 19:18:30,2026-02-12 15:00:55.323000,VIDEOJET TECHNOLOGIES INT.,Und,1,,,,,COMPRA EXTERIOR,15.00,NO,,,0E-16,,0E-16,,0E-16,,
2026,2,8004 - REMISIONES MANTA,CODIFICACION,VIDEOJET,ACCESORIOS,,152515,152515,,,3P CONEXION VJ,Unidad,1.0000,0.0000,1.0000,33.1125,33.11,141.8400,34.5400,,,,,,,,2025-08-20,5,,2026-02-12 15:00:55.323000,VIDEOJET TECHNOLOGIES INT.,Und,1,,,,,COMPRA EXTERIOR,15.00,NO,,,0E-16,,0E-16,,0E-16,,
2026,2,8001 - TRANSFERENCIAS EN TRÁNSITO,CODIFICACION,VIDEOJET,ACCESORIOS,,152515,152515,,,3P CONEXION VJ,Unidad,5.0000,0.0000,5.0000,33.1125,165.56,141.8400,34.5400,,,,,,,,2025-08-20,5,,2026-02-12 15:00:55.323000,VIDEOJET TECHNOLOGIES INT.,Und,1,,,,,COMPRA EXTERIOR,15.00,NO,,,0E-16,,0E-16,,0E-16,,
2026,2,2030 - BODEGA DISPONIBLE PARA LA VENTA GYE,CODIFICACION,VIDEOJET,ACCESORIOS,,152515,152515,,,3P CONEXION VJ,Unidad,5.0000,0.0000,5.0000,33.1125,165.56,141.8400,34.5400,,7.0000,15.0000,,B1-P59-F2,,,2025-08-20,5,2026-01-26 07:38:13,2026-02-12 15:00:55.323000,VIDEOJET TECHNOLOGIES INT.,Und,1,,,,,COMPRA EXTERIOR,15.00,NO,,,0E-16,,0E-16,,0E-16,,
2026,2,1031 - BODEGA EQUIPOS USADOS  OPERATIVOS UIO,CODIFICACION,VIDEOJET,ACCESORIOS,,152515,152515,,,3P CONEXION VJ,Unidad,1.0000,0.0000,1.0000,33.1125,33.11,141.8400,34.5400,,,,,ZONA 1031,,,2025-08-20,5,,2026-02-12 15:00:55.323000,VIDEOJET TECHNOLOGIES INT.,Und,1,,,,,COMPRA EXTERIOR,15.00,NO,,,0E-16,,0E-16,,0E-16,,
2026,2,2031 - BODEGA EQUIPOS USADOS OPERATIVOS GYE,CODIFICACION,VIDEOJET,ACCESORIOS,,152515,152515,,,3P CONEXION VJ,Unidad,2.0000,0.0000,2.0000,33.1125,66.23,141.8400,34.5400,,,,,B2-P01-F2,,,2025-08-20,5,,2026-02-12 15:00:55.323000,VIDEOJET TECHNOLOGIES INT.,Und,1,,,,,COMPRA EXTERIOR,15.00,NO,,,0E-16,,0E-16,,0E-16,,
2026,2,2030 - BODEGA DISPONIBLE PARA LA VENTA GYE,CODIFICACION,VIDEOJET,ACCESORIOS,,152516,152516,,,4P CONEXION VJ,Unidad,3.0000,0.0000,3.0000,43.9423,131.83,182.3700,40.5400,,2.0000,4.0000,,B1-P59-F2,,,2025-08-20,5,2025-12-17 05:06:43,2026-02-12 15:00:55.323000,VIDEOJET TECHNOLOGIES INT.,Und,1,,,,,COMPRA EXTERIOR,15.00,NO,,,0E-16,,0E-16,,0E-16,,
2026,2,8001 - TRANSFERENCIAS EN TRÁNSITO,CODIFICACION,VIDEOJET,ACCESORIOS,,152516,152516,,,4P CONEXION VJ,Unidad,2.0000,0.0000,2.0000,43.9423,87.88,182.3700,40.5400,,,,,,,,2025-08-20,5,,2026-02-12 15:00:55.323000,VIDEOJET TECHNOLOGIES INT.,Und,1,,,,,COMPRA EXTERIOR,15.00,NO,,,0E-16,,0E-16,,0E-16,,
2026,2,8003 - REMISIONES GUAYAQUIL,CODIFICACION,VIDEOJET,ACCESORIOS,,152516,152516,,,4P CONEXION VJ,Unidad,1.0000,0.0000,1.0000,43.9423,43.94,182.3700,40.5400,,,,,,,,2025-08-20,5,2025-12-31 19:18:30,2026-02-12 15:00:55.323000,VIDEOJET TECHNOLOGIES INT.,Und,1,,,,,COMPRA EXTERIOR,15.00,NO,,,0E-16,,0E-16,,0E-16,,
2026,2,8002 - REMISIONES QUITO,CODIFICACION,VIDEOJET,ACCESORIOS,,152516,152516,,,4P CONEXION VJ,Unidad,1.0000,0.0000,1.0000,43.9423,43.94,182.3700,40.5400,,,,,,,,2025-08-20,5,,2026-02-12 15:00:55.323000,VIDEOJET TECHNOLOGIES INT.,Und,1,,,,,COMPRA EXTERIOR,15.00,NO,,,0E-16,,0E-16,,0E-16,,
2026,2,2030 - BODEGA DISPONIBLE PARA LA VENTA GYE,CODIFICACION,VIDEOJET,ACCESORIOS,,152517,152517,,,5P CONEXION VJ,Unidad,4.0000,0.0000,4.0000,49.3901,197.56,129.3000,49.3901,,,,,B1-P59-F3,,,2025-08-20,473,,2024-11-01 06:00:00,VIDEOJET TECHNOLOGIES INT.,Und,1,,,,,COMPRA EXTERIOR,15.00,NO,,,0E-16,,0E-16,,0E-16,,
2026,2,1030 - BODEGA DISPONIBLE PARA LA VENTA UIO,CODIFICACION,VIDEOJET,ACCESORIOS,,152517,152517,,,5P CONEXION VJ,Unidad,1.0000,0.0000,1.0000,49.3901,49.39,129.3000,49.3901,,,,,P35-N04,,,2025-08-20,473,,2024-11-01 06:00:00,VIDEOJET TECHNOLOGIES INT.,Und,1,,,,,COMPRA EXTERIOR,15.00,NO,,,0E-16,,0E-16,,0E-16,,
2026,2,1030 - BODEGA DISPONIBLE PARA LA VENTA UIO,CODIFICACION,VIDEOJET,ACCESORIOS,,152518,152518,,,7P CONEXION VJ,Unidad,1.0000,0.0000,1.0000,61.9108,61.91,264.6800,61.9108,,,,,P35-N04,,,2025-08-20,473,,2024-11-01 06:00:00,VIDEOJET TECHNOLOGIES INT.,Und,1,,,,,COMPRA EXTERIOR,15.00,NO,,,0E-16,,0E-16,,0E-16,,
2026,2,2030 - BODEGA DISPONIBLE PARA LA VENTA GYE,CODIFICACION,VIDEOJET,ACCESORIOS,,152519,152519,,,HS RUI Cable -1m,Unidad,2.0000,0.0000,2.0000,184.4970,368.99,456.2100,194.1300,,0.0000,0.0000,,B1-P60-F3,,,2025-08-20,12,,2026-02-05 16:41:57.610000,VIDEOJET TECHNOLOGIES INT.,Und,1,,,,,COMPRA EXTERIOR,15.00,NO,,,0E-16,,0E-16,,0E-16,,
2026,2,8003 - REMISIONES GUAYAQUIL,CODIFICACION,VIDEOJET,ACCESORIOS,,152519,152519,,,HS RUI Cable -1m,Unidad,3.0000,0.0000,3.0000,184.4970,553.49,456.2100,194.1300,,,,,,,,2025-08-20,12,,2026-02-05 16:41:57.610000,VIDEOJET TECHNOLOGIES INT.,Und,1,,,,,COMPRA EXTERIOR,15.00,NO,,,0E-16,,0E-16,,0E-16,,
2026,2,2021 - MALETÍN TÉCNICOS GYE,CODIFICACION,VIDEOJET,REPUESTOS,,152522,152522,,,Ink Injector 6x10 mic 1860/ 1880/ 1880+,Unidad,1.0000,0.0000,1.0000,1074.3401,1074.34,2010.3500,1231.1500,,,,,,,,2025-08-20,333,,2025-03-21 07:05:21,VIDEOJET TECHNOLOGIES INT.,Und,1,,,,,COMPRA EXTERIOR,15.00,NO,,,0E-16,,0E-16,,0E-16,,
2026,2,2021 - MALETÍN TÉCNICOS GYE,CODIFICACION,VIDEOJET,REPUESTOS,,152526,152526,,,PRE-VENTURI FILTER 18/60,Unidad,1.0000,0.0000,1.0000,154.0568,154.06,449.0400,135.3200,,,,,,,,2025-08-20,68,,2025-12-11 10:37:21,VIDEOJET TECHNOLOGIES INT.,Und,1,,,,,COMPRA EXTERIOR,15.00,NO,,,0E-16,,0E-16,,0E-16,,
2026,2,2030 - BODEGA DISPONIBLE PARA LA VENTA GYE,CODIFICACION,VIDEOJET,REPUESTOS,,152526,152526,,,PRE-VENTURI FILTER 18/60,Unidad,16.0000,0.0000,16.0000,154.0568,2464.91,449.0400,135.3200,,1.0000,3.0000,,B1-P60-F3,,,2025-08-20,68,,2025-12-11 10:37:21,VIDEOJET TECHNOLOGIES INT.,Und,1,,,,,COMPRA EXTERIOR,15.00,NO,,,0E-16,,0E-16,,0E-16,,
2026,2,2030 - BODEGA DISPONIBLE PARA LA VENTA GYE,CODIFICACION,VIDEOJET,REPUESTOS,,152531,152531,,,INLINE FILTER 12/80_15/80STD_18/80_+_UHS,Unidad,4.0000,0.0000,4.0000,54.1224,216.49,149.4500,43.6600,,,,,B1-P60-F2,,,2025-08-20,5,2024-12-09 15:24:44,2026-02-12 15:00:55.323000,VIDEOJET TECHNOLOGIES INT.,Und,1,,,,,COMPRA EXTERIOR,15.00,NO,,,0E-16,,0E-16,,0E-16,,
2026,2,2021 - MALETÍN TÉCNICOS GYE,CODIFICACION,VIDEOJET,REPUESTOS,,152531,152531,,,INLINE FILTER 12/80_15/80STD_18/80_+_UHS,Unidad,1.0000,0.0000,1.0000,54.1224,54.12,149.4500,43.6600,,,,,,,,2025-08-20,5,,2026-02-12 15:00:55.323000,VIDEOJET TECHNOLOGIES INT.,Und,1,,,,,COMPRA EXTERIOR,15.00,NO,,,0E-16,,0E-16,,0E-16,,
2026,2,2030 - BODEGA DISPONIBLE PARA LA VENTA GYE,CODIFICACION,VIDEOJET,REPUESTOS,,152534,152534,,,Slider Ruliman 107 65/30,Unidad,3.0000,0.0000,3.0000,146.1633,438.49,478.8700,144.0000,,1.0000,2.0000,,B1-P57-F5,,,2025-08-20,5,2025-12-18 07:00:12,2026-02-12 15:00:55.323000,VIDEOJET TECHNOLOGIES INT.,Und,1,,,,,COMPRA EXTERIOR,15.00,NO,,,0E-16,,0E-16,,0E-16,,
2026,2,1031 - BODEGA EQUIPOS USADOS  OPERATIVOS UIO,CODIFICACION,VIDEOJET,REPUESTOS,,152535,152535,,,SPARE AIR FILTER 1 UNIT,Unidad,1.0000,0.0000,1.0000,24.6700,24.67,0.0100,24.6700,,,,,ZONA 1031,,,2024-10-22,473,,2024-11-01 06:00:00,VIDEOJET TECHNOLOGIES INT.,Und,1,,,,,COMPRA EXTERIOR,15.00,NO,,,0E-16,,0E-16,,0E-16,,
2026,2,2030 - BODEGA DISPONIBLE PARA LA VENTA GYE,CODIFICACION,VIDEOJET,REPUESTOS,,152537,152537,,,Ink Electronic Component 15/80_+_C/18/80_+/UHS,Unidad,3.0000,0.0000,3.0000,718.3050,2154.92,1928.9900,718.3050,,,,,B1-P57-F5,,,2025-08-20,418,,2024-12-26 04:01:24,VIDEOJET TECHNOLOGIES INT.,Und,1,,,,,COMPRA EXTERIOR,15.00,NO,,,0E-16,,0E-16,,0E-16,,
2026,2,1030 - BODEGA DISPONIBLE PARA LA VENTA UIO,CODIFICACION,VIDEOJET,REPUESTOS,,152537,152537,,,Ink Electronic Component 15/80_+_C/18/80_+/UHS,Unidad,2.0000,0.0000,2.0000,718.3050,1436.61,1928.9900,718.3050,,,,,P38-N05,,,2025-08-20,418,,2024-12-26 04:01:24,VIDEOJET TECHNOLOGIES INT.,Und,1,,,,,COMPRA EXTERIOR,15.00,NO,,,0E-16,,0E-16,,0E-16,,
2026,2,2030 - BODEGA DISPONIBLE PARA LA VENTA GYE,CODIFICACION,VIDEOJET,REPUESTOS,,152538,152538,,,Belt 107 65/30,Unidad,7.0000,0.0000,7.0000,42.6379,298.47,139.1100,41.8300,,1.0000,3.0000,,B1-P57-F4,,,2025-08-20,5,2025-08-14 07:14:37,2026-02-12 15:00:55.323000,VIDEOJET TECHNOLOGIES INT.,Und,1,,,,,COMPRA EXTERIOR,15.00,NO,,,0E-16,,0E-16,,0E-16,,
2026,2,1030 - BODEGA DISPONIBLE PARA LA VENTA UIO,CODIFICACION,VIDEOJET,REPUESTOS,,152543,152543,,,FILTER MDS1/ 1880_1880+_1880UHS,Unidad,1.0000,0.0000,1.0000,217.1758,217.18,662.7900,203.3000,,1.0000,2.0000,,P37-N03,,,2025-08-20,5,2025-03-05 10:51:39,2026-02-12 15:00:55.323000,VIDEOJET TECHNOLOGIES INT.,Und,1,,,,,COMPRA EXTERIOR,15.00,NO,,,0E-16,,0E-16,,0E-16,,
2026,2,2031 - BODEGA EQUIPOS USADOS OPERATIVOS GYE,CODIFICACION,VIDEOJET,REPUESTOS,,152543,152543,,,FILTER MDS1/ 1880_1880+_1880UHS,Unidad,1.0000,0.0000,1.0000,217.1758,217.18,662.7900,203.3000,,,,,,,,2025-08-20,5,,2026-02-12 15:00:55.323000,VIDEOJET TECHNOLOGIES INT.,Und,1,,,,,COMPRA EXTERIOR,15.00,NO,,,0E-16,,0E-16,,0E-16,,
2026,2,2021 - MALETÍN TÉCNICOS GYE,CODIFICACION,VIDEOJET,REPUESTOS,,152543,152543,,,FILTER MDS1/ 1880_1880+_1880UHS,Unidad,1.0000,0.0000,1.0000,217.1758,217.18,662.7900,203.3000,,,,,,,,2025-08-20,5,,2026-02-12 15:00:55.323000,VIDEOJET TECHNOLOGIES INT.,Und,1,,,,,COMPRA EXTERIOR,15.00,NO,,,0E-16,,0E-16,,0E-16,,
2026,2,8001 - TRANSFERENCIAS EN TRÁNSITO,CODIFICACION,VIDEOJET,REPUESTOS,,152543,152543,,,FILTER MDS1/ 1880_1880+_1880UHS,Unidad,2.0000,0.0000,2.0000,217.1758,434.35,662.7900,203.3000,,,,,,,,2025-08-20,5,,2026-02-12 15:00:55.323000,VIDEOJET TECHNOLOGIES INT.,Und,1,,,,,COMPRA EXTERIOR,15.00,NO,,,0E-16,,0E-16,,0E-16,,
2026,2,8003 - REMISIONES GUAYAQUIL,CODIFICACION,VIDEOJET,REPUESTOS,,152543,152543,,,FILTER MDS1/ 1880_1880+_1880UHS,Unidad,11.0000,0.0000,11.0000,217.1758,2388.93,662.7900,203.3000,,,,,,,,2025-08-20,5,2025-12-31 15:35:59,2026-02-12 15:00:55.323000,VIDEOJET TECHNOLOGIES INT.,Und,1,,,,,COMPRA EXTERIOR,15.00,NO,,,0E-16,,0E-16,,0E-16,,
2026,2,8002 - REMISIONES QUITO,CODIFICACION,VIDEOJET,REPUESTOS,,152543,152543,,,FILTER MDS1/ 1880_1880+_1880UHS,Unidad,1.0000,0.0000,1.0000,217.1758,217.18,662.7900,203.3000,,,,,,,,2025-08-20,5,2026-01-31 04:49:45,2026-02-12 15:00:55.323000,VIDEOJET TECHNOLOGIES INT.,Und,1,,,,,COMPRA EXTERIOR,15.00,NO,,,0E-16,,0E-16,,0E-16,,
2026,2,1030 - BODEGA DISPONIBLE PARA LA VENTA UIO,CODIFICACION,VIDEOJET,REPUESTOS,,152545,152545,,,Card (Shooting Printing) PEC2 18/80_+_UHS,Unidad,1.0000,0.0000,1.0000,214.5100,214.51,693.2700,214.5100,,,,,P37-N06,,,2025-08-20,473,,2024-11-01 06:00:00,VIDEOJET TECHNOLOGIES INT.,Und,1,,,,,COMPRA EXTERIOR,15.00,NO,,,0E-16,,0E-16,,0E-16,,
2026,2,2030 - BODEGA DISPONIBLE PARA LA VENTA GYE,CODIFICACION,VIDEOJET,REPUESTOS,,152545,152545,,,Card (Shooting Printing) PEC2 18/80_+_UHS,Unidad,2.0000,0.0000,2.0000,214.5100,429.02,693.2700,214.5100,,,,,B1-P56-F4,,,2025-08-20,473,,2024-11-01 06:00:00,VIDEOJET TECHNOLOGIES INT.,Und,1,,,,,COMPRA EXTERIOR,15.00,NO,,,0E-16,,0E-16,,0E-16,,
2026,2,2030 - BODEGA DISPONIBLE PARA LA VENTA GYE,CODIFICACION,VIDEOJET,ACCESORIOS,,152550,152550,,,HS WORKFLOW MODULE,Unidad,4.0000,0.0000,4.0000,792.4517,3169.81,1980.0000,767.6200,,,,,SISTEMA,,,2025-08-20,272,2025-12-17 05:06:43,2025-05-21 07:47:40,VIDEOJET TECHNOLOGIES INT.,Und,1,,,,,COMPRA EXTERIOR,15.00,NO,,,0E-16,,0E-16,,0E-16,,
2026,2,2030 - BODEGA DISPONIBLE PARA LA VENTA GYE,CODIFICACION,VIDEOJET,REPUESTOS,,152552,152552,,,Cord Electronic 1580_1580+_1580C 3mts,Unidad,2.0000,0.0000,2.0000,1108.3517,2216.70,2681.8700,1108.3517,,0.0000,0.0000,,B1-P55-F7,,,2025-08-20,265,,2025-05-28 03:50:05,VIDEOJET TECHNOLOGIES INT.,Und,1,,,,,COMPRA EXTERIOR,15.00,NO,,,0E-16,,0E-16,,0E-16,,
2026,2,1030 - BODEGA DISPONIBLE PARA LA VENTA UIO,CODIFICACION,VIDEOJET,REPUESTOS,,152552,152552,,,Cord Electronic 1580_1580+_1580C 3mts,Unidad,1.0000,0.0000,1.0000,1108.3517,1108.35,2681.8700,1108.3517,,,,,P37-N07,,,2025-08-20,265,,2025-05-28 03:50:05,VIDEOJET TECHNOLOGIES INT.,Und,1,,,,,COMPRA EXTERIOR,15.00,NO,,,0E-16,,0E-16,,0E-16,,
2026,2,2030 - BODEGA DISPONIBLE PARA LA VENTA GYE,CODIFICACION,VIDEOJET,REPUESTOS,,152554,152554,,,Ink Regulator Assembly 1580_Plus,Unidad,5.0000,0.0000,5.0000,1017.9337,5089.67,2137.0800,978.6900,,2.0000,3.0000,,B1-P59-F4,B1-P60-F4,,2025-08-20,5,2025-11-17 13:04:20,2026-02-12 15:00:55.323000,VIDEOJET TECHNOLOGIES INT.,Und,1,,,,,COMPRA EXTERIOR,15.00,NO,,,0E-16,,0E-16,,0E-16,,
2026,2,8001 - TRANSFERENCIAS EN TRÁNSITO,CODIFICACION,VIDEOJET,REPUESTOS,,152554,152554,,,Ink Regulator Assembly 1580_Plus,Unidad,4.0000,0.0000,4.0000,1017.9337,4071.73,2137.0800,978.6900,,,,,,,,2025-08-20,5,,2026-02-12 15:00:55.323000,VIDEOJET TECHNOLOGIES INT.,Und,1,,,,,COMPRA EXTERIOR,15.00,NO,,,0E-16,,0E-16,,0E-16,,
2026,2,8002 - REMISIONES QUITO,CODIFICACION,VIDEOJET,REPUESTOS,,152554,152554,,,Ink Regulator Assembly 1580_Plus,Unidad,2.0000,0.0000,2.0000,1017.9337,2035.87,2137.0800,978.6900,,,,,,,,2025-08-20,5,2025-10-27 01:16:17,2026-02-12 15:00:55.323000,VIDEOJET TECHNOLOGIES INT.,Und,1,,,,,COMPRA EXTERIOR,15.00,NO,,,0E-16,,0E-16,,0E-16,,
2026,2,8003 - REMISIONES GUAYAQUIL,CODIFICACION,VIDEOJET,REPUESTOS,,152554,152554,,,Ink Regulator Assembly 1580_Plus,Unidad,4.0000,0.0000,4.0000,1017.9337,4071.73,2137.0800,978.6900,,,,,,,,2025-08-20,5,2025-12-31 19:24:14,2026-02-12 15:00:55.323000,VIDEOJET TECHNOLOGIES INT.,Und,1,,,,,COMPRA EXTERIOR,15.00,NO,,,0E-16,,0E-16,,0E-16,,
2026,2,8003 - REMISIONES GUAYAQUIL,CODIFICACION,VIDEOJET,REPUESTOS,,152556,152556,,,Eht Power Supply 1580_1580+_1580C_1880_1880+_1880UHS,Unidad,1.0000,0.0000,1.0000,283.7779,283.78,680.4100,272.3900,,,,,,,,2025-08-20,5,2025-12-31 19:22:33,2026-02-12 15:00:55.323000,VIDEOJET TECHNOLOGIES INT.,Und,1,,,,,COMPRA EXTERIOR,15.00,NO,,,0E-16,,0E-16,,0E-16,,
2026,2,8001 - TRANSFERENCIAS EN TRÁNSITO,CODIFICACION,VIDEOJET,REPUESTOS,,152556,152556,,,Eht Power Supply 1580_1580+_1580C_1880_1880+_1880UHS,Unidad,1.0000,0.0000,1.0000,283.7779,283.78,680.4100,272.3900,,,,,,,,2025-08-20,5,,2026-02-12 15:00:55.323000,VIDEOJET TECHNOLOGIES INT.,Und,1,,,,,COMPRA EXTERIOR,15.00,NO,,,0E-16,,0E-16,,0E-16,,
2026,2,2021 - MALETÍN TÉCNICOS GYE,CODIFICACION,VIDEOJET,REPUESTOS,,152556,152556,,,Eht Power Supply 1580_1580+_1580C_1880_1880+_1880UHS,Unidad,1.0000,0.0000,1.0000,283.7779,283.78,680.4100,272.3900,,,,,,,,2025-08-20,5,,2026-02-12 15:00:55.323000,VIDEOJET TECHNOLOGIES INT.,Und,1,,,,,COMPRA EXTERIOR,15.00,NO,,,0E-16,,0E-16,,0E-16,,
2026,2,1030 - BODEGA DISPONIBLE PARA LA VENTA UIO,CODIFICACION,VIDEOJET,REPUESTOS,,152556,152556,,,Eht Power Supply 1580_1580+_1580C_1880_1880+_1880UHS,Unidad,1.0000,0.0000,1.0000,283.7779,283.78,680.4100,272.3900,,,,,P38-N04,,,2025-08-20,5,2025-12-02 08:06:14,2026-02-12 15:00:55.323000,VIDEOJET TECHNOLOGIES INT.,Und,1,,,,,COMPRA EXTERIOR,15.00,NO,,,0E-16,,0E-16,,0E-16,,
2026,2,2030 - BODEGA DISPONIBLE PARA LA VENTA GYE,CODIFICACION,VIDEOJET,REPUESTOS,,152558,152558,,,Control System Make-up 15-80_+/18-80_+_UHS,Unidad,2.0000,0.0000,2.0000,884.4321,1768.86,1818.1900,832.6600,,0.0000,1.0000,,B1-P57-F1,,,2025-08-20,5,2025-11-19 06:20:16,2026-02-12 15:00:55.323000,VIDEOJET TECHNOLOGIES INT.,Und,1,,,,,COMPRA EXTERIOR,15.00,NO,,,0E-16,,0E-16,,0E-16,,
2026,2,2021 - MALETÍN TÉCNICOS GYE,CODIFICACION,VIDEOJET,REPUESTOS,,152558,152558,,,Control System Make-up 15-80_+/18-80_+_UHS,Unidad,1.0000,0.0000,1.0000,884.4321,884.43,1818.1900,832.6600,,,,,,,,2025-08-20,5,,2026-02-12 15:00:55.323000,VIDEOJET TECHNOLOGIES INT.,Und,1,,,,,COMPRA EXTERIOR,15.00,NO,,,0E-16,,0E-16,,0E-16,,
2026,2,8001 - TRANSFERENCIAS EN TRÁNSITO,CODIFICACION,VIDEOJET,REPUESTOS,,152558,152558,,,Control System Make-up 15-80_+/18-80_+_UHS,Unidad,2.0000,0.0000,2.0000,884.4321,1768.86,1818.1900,832.6600,,,,,,,,2025-08-20,5,,2026-02-12 15:00:55.323000,VIDEOJET TECHNOLOGIES INT.,Und,1,,,,,COMPRA EXTERIOR,15.00,NO,,,0E-16,,0E-16,,0E-16,,
2026,2,8003 - REMISIONES GUAYAQUIL,CODIFICACION,VIDEOJET,REPUESTOS,,152558,152558,,,Control System Make-up 15-80_+/18-80_+_UHS,Unidad,2.0000,0.0000,2.0000,884.4321,1768.86,1818.1900,832.6600,,,,,,,,2025-08-20,5,2026-01-31 19:01:31,2026-02-12 15:00:55.323000,VIDEOJET TECHNOLOGIES INT.,Und,1,,,,,COMPRA EXTERIOR,15.00,NO,,,0E-16,,0E-16,,0E-16,,
2026,2,8002 - REMISIONES QUITO,CODIFICACION,VIDEOJET,REPUESTOS,,152558,152558,,,Control System Make-up 15-80_+/18-80_+_UHS,Unidad,2.0000,0.0000,2.0000,884.4321,1768.86,1818.1900,832.6600,,,,,,,,2025-08-20,5,2025-11-30 13:24:22,2026-02-12 15:00:55.323000,VIDEOJET TECHNOLOGIES INT.,Und,1,,,,,COMPRA EXTERIOR,15.00,NO,,,0E-16,,0E-16,,0E-16,,
2026,2,8003 - REMISIONES GUAYAQUIL,CODIFICACION,VIDEOJET,REPUESTOS,,152560,152560,,,Touchscreen 15/80_+_C,Unidad,2.0000,0.0000,2.0000,1071.2398,2142.48,2595.1900,988.5000,,,,,,,,2025-08-20,118,2025-11-30 05:28:37,2025-10-22 07:26:35,VIDEOJET TECHNOLOGIES INT.,Und,1,,,,,COMPRA EXTERIOR,15.00,NO,,,0E-16,,0E-16,,0E-16,,
2026,2,1030 - BODEGA DISPONIBLE PARA LA VENTA UIO,CODIFICACION,VIDEOJET,REPUESTOS,,152561,152561,,,Vacuum Electronic Component 15-80_+_C/18-80_+_UHS,Unidad,1.0000,0.0000,1.0000,905.1963,905.20,2085.8700,835.0000,,,,,P37-N04,,,2025-08-20,119,,2025-10-21 10:23:05,VIDEOJET TECHNOLOGIES INT.,Und,1,,,,,COMPRA EXTERIOR,15.00,NO,,,0E-16,,0E-16,,0E-16,,
2026,2,2030 - BODEGA DISPONIBLE PARA LA VENTA GYE,CODIFICACION,VIDEOJET,REPUESTOS,,152564,152564,,,Viscometer Solenoid Valve 15/80_18/80,Unidad,1.0000,0.0000,1.0000,287.5200,287.52,647.0900,262.2400,,0.0000,0.0000,,B1-P57-F5,,,2025-08-20,316,,2025-04-07 08:04:51,VIDEOJET TECHNOLOGIES INT.,Und,1,,,,,COMPRA EXTERIOR,15.00,NO,,,0E-16,,0E-16,,0E-16,,
2026,2,2030 - BODEGA DISPONIBLE PARA LA VENTA GYE,CODIFICACION,VIDEOJET,REPUESTOS,,152568,152568,,,Cabin Filter/ VJ1580_+_C/VJ1880_+_UHS,Unidad,13.0000,0.0000,13.0000,25.8094,335.52,67.0700,24.5660,,2.0000,4.0000,,B1-P58-F3,,,2025-08-20,5,2026-02-10 06:41:34,2026-02-12 15:00:55.323000,VIDEOJET TECHNOLOGIES INT.,Und,1,,,,,COMPRA EXTERIOR,15.00,NO,,,0E-16,,0E-16,,0E-16,,
2026,2,8003 - REMISIONES GUAYAQUIL,CODIFICACION,VIDEOJET,REPUESTOS,,152568,152568,,,Cabin Filter/ VJ1580_+_C/VJ1880_+_UHS,Unidad,9.0000,0.0000,9.0000,25.8094,232.28,67.0700,24.5660,,,,,,,,2025-08-20,5,2026-01-31 19:06:42,2026-02-12 15:00:55.323000,VIDEOJET TECHNOLOGIES INT.,Und,1,,,,,COMPRA EXTERIOR,15.00,NO,,,0E-16,,0E-16,,0E-16,,
2026,2,8002 - REMISIONES QUITO,CODIFICACION,VIDEOJET,REPUESTOS,,152568,152568,,,Cabin Filter/ VJ1580_+_C/VJ1880_+_UHS,Unidad,1.0000,0.0000,1.0000,25.8094,25.81,67.0700,24.5660,,,,,,,,2025-08-20,5,2026-01-31 04:55:56,2026-02-12 15:00:55.323000,VIDEOJET TECHNOLOGIES INT.,Und,1,,,,,COMPRA EXTERIOR,15.00,NO,,,0E-16,,0E-16,,0E-16,,
2026,2,8001 - TRANSFERENCIAS EN TRÁNSITO,CODIFICACION,VIDEOJET,REPUESTOS,,152568,152568,,,Cabin Filter/ VJ1580_+_C/VJ1880_+_UHS,Unidad,10.0000,0.0000,10.0000,25.8094,258.09,67.0700,24.5660,,,,,,,,2025-08-20,5,,2026-02-12 15:00:55.323000,VIDEOJET TECHNOLOGIES INT.,Und,1,,,,,COMPRA EXTERIOR,15.00,NO,,,0E-16,,0E-16,,0E-16,,
2026,2,2030 - BODEGA DISPONIBLE PARA LA VENTA GYE,CODIFICACION,VIDEOJET,ACCESORIOS,,152572,152572,,,DETECTOR/ PRODUCT/ OPTICAL 33/20,Unidad,1.0000,0.0000,1.0000,322.3900,322.39,870.4800,246.3100,,,,,B1-P60-F1,,,2025-08-20,155,,2025-09-15 07:13:37,VIDEOJET TECHNOLOGIES INT.,Und,1,,,,,COMPRA EXTERIOR,15.00,NO,,,0E-16,,0E-16,,0E-16,,
2026,2,2025 - TALLER INOPERATIVO GYE,CODIFICACION,VIDEOJET,ACCESORIOS,,152574,152574,,,Blower Unit VJ AD350-AV/D 115V,Unidad,1.0000,0.0000,1.0000,1089.8469,1089.85,3580.2000,951.7200,,,,,,,,2025-08-20,214,,2025-07-18 08:19:45,VIDEOJET TECHNOLOGIES INT.,Und,1,,,,,COMPRA EXTERIOR,15.00,NO,,,0E-16,,0E-16,,0E-16,,
2026,2,8003 - REMISIONES GUAYAQUIL,CODIFICACION,VIDEOJET,REPUESTOS,,152575,152575,,,Air/Filter Blower F.E.L,Unidad,2.0000,0.0000,2.0000,252.7050,505.41,737.0200,219.7400,,,,,,,,2025-08-20,32,2025-12-31 12:12:12,2026-01-16 05:43:10,VIDEOJET TECHNOLOGIES INT.,Und,1,,,,,COMPRA EXTERIOR,15.00,NO,,,0E-16,,0E-16,,0E-16,,
2026,2,8003 - REMISIONES GUAYAQUIL,CODIFICACION,VIDEOJET,REPUESTOS,,152578,152578,,,Carbon P-Filter F.E.L,Unidad,2.0000,0.0000,2.0000,122.8208,245.64,650.0000,112.0400,,,,,,,,2025-08-20,12,2025-09-16 06:27:26,2026-02-05 16:41:57.610000,VIDEOJET TECHNOLOGIES INT.,Und,1,,,,,COMPRA EXTERIOR,15.00,NO,,,0E-16,,0E-16,,0E-16,,
2026,2,8002 - REMISIONES QUITO,CODIFICACION,VIDEOJET,REPUESTOS,,152578,152578,,,Carbon P-Filter F.E.L,Unidad,2.0000,0.0000,2.0000,122.8208,245.64,650.0000,112.0400,,,,,,,,2025-08-20,12,,2026-02-05 16:41:57.610000,VIDEOJET TECHNOLOGIES INT.,Und,1,,,,,COMPRA EXTERIOR,15.00,NO,,,0E-16,,0E-16,,0E-16,,
2026,2,2030 - BODEGA DISPONIBLE PARA LA VENTA GYE,CODIFICACION,VIDEOJET,REPUESTOS,,152578,152578,,,Carbon P-Filter F.E.L,Unidad,1.0000,0.0000,1.0000,122.8208,122.82,650.0000,112.0400,,,,,B1-P54-F1,,,2025-08-20,12,2025-11-20 15:13:56,2026-02-05 16:41:57.610000,VIDEOJET TECHNOLOGIES INT.,Und,1,,,,,COMPRA EXTERIOR,15.00,NO,,,0E-16,,0E-16,,0E-16,,
2026,2,8003 - REMISIONES GUAYAQUIL,CODIFICACION,VIDEOJET,REPUESTOS,,152579,152579,,,Carbon Cbd Filter F.E.L,Unidad,2.0000,0.0000,2.0000,195.6900,391.38,1180.0000,195.6900,,,,,,,,2025-08-20,12,2025-09-16 06:27:26,2026-02-05 16:41:57.610000,VIDEOJET TECHNOLOGIES INT.,Und,1,,,,,COMPRA EXTERIOR,15.00,NO,,,0E-16,,0E-16,,0E-16,,
2026,2,1001 - PLAN DE ACCIÓN REPUESTOS BAJA ROTACIÓN UIO,CODIFICACION,VIDEOJET,ACCESORIOS,,152585,152585,,,FOCUSFIND./SMALL/F=95mm,Unidad,1.0000,0.0000,1.0000,27.0281,27.03,100.6800,27.0281,,,,,P28-N01,,,2025-08-20,473,,2024-11-01 06:00:00,VIDEOJET TECHNOLOGIES INT.,Und,1,,,,,COMPRA EXTERIOR,15.00,NO,,,0E-16,,0E-16,,0E-16,,
2026,2,2001 - PLAN DE ACCIÓNN REPUESTOS BAJA ROTACIÓN GYE,CODIFICACION,VIDEOJET,ACCESORIOS,,152585,152585,,,FOCUSFIND./SMALL/F=95mm,Unidad,1.0000,0.0000,1.0000,27.0281,27.03,100.6800,27.0281,,,,,B1-P52-F3,,,2025-08-20,473,,2024-11-01 06:00:00,VIDEOJET TECHNOLOGIES INT.,Und,1,,,,,COMPRA EXTERIOR,15.00,NO,,,0E-16,,0E-16,,0E-16,,
2026,2,2001 - PLAN DE ACCIÓNN REPUESTOS BAJA ROTACIÓN GYE,CODIFICACION,VIDEOJET,ACCESORIOS,,152586,152586,,,FOCUSFIND./LARGE/F=100mm,Unidad,1.0000,0.0000,1.0000,56.9758,56.98,153.5300,56.9758,,,,,B1-P52-F3,,,2025-08-20,473,,2024-11-01 06:00:00,VIDEOJET TECHNOLOGIES INT.,Und,1,,,,,COMPRA EXTERIOR,15.00,NO,,,0E-16,,0E-16,,0E-16,,
2026,2,1001 - PLAN DE ACCIÓN REPUESTOS BAJA ROTACIÓN UIO,CODIFICACION,VIDEOJET,ACCESORIOS,,152586,152586,,,FOCUSFIND./LARGE/F=100mm,Unidad,1.0000,0.0000,1.0000,56.9758,56.98,153.5300,56.9758,,,,,P28-N01,,,2025-08-20,473,,2024-11-01 06:00:00,VIDEOJET TECHNOLOGIES INT.,Und,1,,,,,COMPRA EXTERIOR,15.00,NO,,,0E-16,,0E-16,,0E-16,,
2026,2,2030 - BODEGA DISPONIBLE PARA LA VENTA GYE,CODIFICACION,VIDEOJET,REPUESTOS,,152592,152592,,,FILTER MDS1/ 1580_1580+,Unidad,38.0000,2.0000,40.0000,238.0729,9522.92,543.3100,296.1500,,9.0000,19.0000,,B1-P56-F3,,,2025-08-20,5,2026-02-11 06:36:29,2026-02-12 15:00:55.323000,VIDEOJET TECHNOLOGIES INT.,Und,1,,,,,COMPRA EXTERIOR,15.00,NO,,,0E-16,,0E-16,,0E-16,,
2026,2,2021 - MALETÍN TÉCNICOS GYE,CODIFICACION,VIDEOJET,REPUESTOS,,152592,152592,,,FILTER MDS1/ 1580_1580+,Unidad,2.0000,0.0000,2.0000,238.0729,476.15,543.3100,296.1500,,,,,,,,2025-08-20,5,,2026-02-12 15:00:55.323000,VIDEOJET TECHNOLOGIES INT.,Und,1,,,,,COMPRA EXTERIOR,15.00,NO,,,0E-16,,0E-16,,0E-16,,
2026,2,8001 - TRANSFERENCIAS EN TRÁNSITO,CODIFICACION,VIDEOJET,REPUESTOS,,152592,152592,,,FILTER MDS1/ 1580_1580+,Unidad,18.0000,0.0000,18.0000,238.0729,4285.31,543.3100,296.1500,,,,,,,,2025-08-20,5,,2026-02-12 15:00:55.323000,VIDEOJET TECHNOLOGIES INT.,Und,1,,,,,COMPRA EXTERIOR,15.00,NO,,,0E-16,,0E-16,,0E-16,,
2026,2,8003 - REMISIONES GUAYAQUIL,CODIFICACION,VIDEOJET,REPUESTOS,,152592,152592,,,FILTER MDS1/ 1580_1580+,Unidad,8.0000,0.0000,8.0000,238.0729,1904.58,543.3100,296.1500,,,,,,,,2025-08-20,5,2026-01-31 19:03:22,2026-02-12 15:00:55.323000,VIDEOJET TECHNOLOGIES INT.,Und,1,,,,,COMPRA EXTERIOR,15.00,NO,,,0E-16,,0E-16,,0E-16,,
2026,2,8002 - REMISIONES QUITO,CODIFICACION,VIDEOJET,REPUESTOS,,152592,152592,,,FILTER MDS1/ 1580_1580+,Unidad,3.0000,0.0000,3.0000,238.0729,714.22,543.3100,296.1500,,,,,,,,2025-08-20,5,2026-02-09 05:16:11,2026-02-12 15:00:55.323000,VIDEOJET TECHNOLOGIES INT.,Und,1,,,,,COMPRA EXTERIOR,15.00,NO,,,0E-16,,0E-16,,0E-16,,
2026,2,8002 - REMISIONES QUITO,CODIFICACION,VIDEOJET,ACCESORIOS,,152593,152593,,,F EXTRACTOR-JUMP. PLUG/CO2-LASER G3,Unidad,1.0000,0.0000,1.0000,38.2551,38.26,110.6600,27.4700,,,,,,,,2025-08-20,155,,2025-09-15 07:13:37,VIDEOJET TECHNOLOGIES INT.,Und,1,,,,,COMPRA EXTERIOR,15.00,NO,,,0E-16,,0E-16,,0E-16,,
2026,2,1030 - BODEGA DISPONIBLE PARA LA VENTA UIO,CODIFICACION,VIDEOJET,ACCESORIOS,,152593,152593,,,F EXTRACTOR-JUMP. PLUG/CO2-LASER G3,Unidad,1.0000,0.0000,1.0000,38.2551,38.26,110.6600,27.4700,,,,,,,,2025-08-20,155,,2025-09-15 07:13:37,VIDEOJET TECHNOLOGIES INT.,Und,1,,,,,COMPRA EXTERIOR,15.00,NO,,,0E-16,,0E-16,,0E-16,,
2026,2,2030 - BODEGA DISPONIBLE PARA LA VENTA GYE,CODIFICACION,VIDEOJET,REPUESTOS,,152594,152594,,,FILTER MAT/FAN/80x80mm,Unidad,3.0000,0.0000,3.0000,1.7090,5.13,4.1000,1.7090,,,,,B1-P56-F4,,,2025-08-20,265,2025-06-16 06:22:14,2025-05-28 04:43:55,VIDEOJET TECHNOLOGIES INT.,Und,1,,,,,COMPRA EXTERIOR,15.00,NO,,,0E-16,,0E-16,,0E-16,,
2026,2,2030 - BODEGA DISPONIBLE PARA LA VENTA GYE,CODIFICACION,VIDEOJET,ACCESORIOS,,152598,152598,,,JUNCT.CABLE/SUCTION/L=7m,Unidad,1.0000,0.0000,1.0000,47.4000,47.40,260.4100,36.9200,,,,,B1-P60-F1,,,2025-08-20,155,,2025-09-15 07:13:37,VIDEOJET TECHNOLOGIES INT.,Und,1,,,,,COMPRA EXTERIOR,15.00,NO,,,0E-16,,0E-16,,0E-16,,
2026,2,2025 - TALLER INOPERATIVO GYE,CODIFICACION,VIDEOJET,ACCESORIOS,,152600,152600,,,EXHAUST UNIT/VIDEOJET/XTRACT PRO/115/230V,Unidad,1.0000,0.0000,1.0000,1160.9967,1161.00,3950.0000,1124.3800,,,,,,,,2025-08-20,155,,2025-09-15 07:13:37,VIDEOJET TECHNOLOGIES INT.,Und,1,,,,,COMPRA EXTERIOR,15.00,NO,,,0E-16,,0E-16,,0E-16,,
2026,2,8002 - REMISIONES QUITO,CODIFICACION,VIDEOJET,ACCESORIOS,,152600,152600,,,EXHAUST UNIT/VIDEOJET/XTRACT PRO/115/230V,Unidad,1.0000,0.0000,1.0000,1160.9967,1161.00,3950.0000,1124.3800,,,,,,,,2025-08-20,155,,2025-09-15 07:13:37,VIDEOJET TECHNOLOGIES INT.,Und,1,,,,,COMPRA EXTERIOR,15.00,NO,,,0E-16,,0E-16,,0E-16,,
2026,2,2020 - TALLER OPERATIVO GYE,CODIFICACION,VIDEOJET,ACCESORIOS,,152616,152616,,,CONNECT DIN 3 WITH CABLE 31-33-36/40,Unidad,1.0000,0.0000,1.0000,112.0500,112.05,401.1900,97.5500,,,,,,,,2025-08-20,155,,2025-09-15 07:13:37,VIDEOJET TECHNOLOGIES INT.,Und,1,,,,,COMPRA EXTERIOR,15.00,NO,,,0E-16,,0E-16,,0E-16,,
2026,2,2030 - BODEGA DISPONIBLE PARA LA VENTA GYE,CODIFICACION,VIDEOJET,ACCESORIOS,,152617,152617,,,CONNECT DIN 7 WITH CABLE 31-33-36/40,Unidad,1.0000,0.0000,1.0000,114.6700,114.67,410.5100,99.8300,,,,,B1-P60-F1,,,2025-08-20,155,,2025-09-15 07:13:37,VIDEOJET TECHNOLOGIES INT.,Und,1,,,,,COMPRA EXTERIOR,15.00,NO,,,0E-16,,0E-16,,0E-16,,
2026,2,2030 - BODEGA DISPONIBLE PARA LA VENTA GYE,CODIFICACION,VIDEOJET,REPUESTOS,,152624,152624,,,LENS/ BAR/F=63mm/D=38.1mm,Unidad,1.0000,0.0000,1.0000,754.0200,754.02,2111.3700,696.6400,,,,,B1-P56-F1,,,2025-08-20,188,,2025-08-13 09:11:37,VIDEOJET TECHNOLOGIES INT.,Und,1,,,,,COMPRA EXTERIOR,15.00,NO,,,0E-16,,0E-16,,0E-16,,
2026,2,2030 - BODEGA DISPONIBLE PARA LA VENTA GYE,CODIFICACION,VIDEOJET,REPUESTOS,,152634,152634,,,BANDA 2/L200 GATES,Unidad,3.0000,0.0000,3.0000,20.2500,60.75,29.0500,20.2500,,,,,B1-P59-F1,,,2025-01-16,251,2025-03-25 10:41:28,2025-06-11 16:03:17.457000,CORPORACION DE REPRESENTACIONES Y SERVICIOS TECNICOS COREPTEC S.A.,Und,1,,,,,COMPRA LOCAL,15.00,NO,,,0E-16,,0E-16,,0E-16,,
2026,2,1030 - BODEGA DISPONIBLE PARA LA VENTA UIO,CODIFICACION,VIDEOJET,ACCESORIOS,,152635,152635,,,BASE PARA BALIZA 17720 EN ACERO INOX. 125 x 300 x 2MM (9550 HORIZONTAL),Unidad,1.0000,0.0000,1.0000,29.0800,29.08,50.8900,29.0800,,,,,P35-N04,,,2025-01-16,473,,2024-11-01 06:00:00,VILLON CONSUEGRA NESTOR GONZALO,Und,1,,,,,COMPRA LOCAL,15.00,NO,,,0E-16,,0E-16,,0E-16,,
2026,2,2031 - BODEGA EQUIPOS USADOS OPERATIVOS GYE,CODIFICACION,VIDEOJET,ACCESORIOS,,152642,152642,,,CABLE APANTALLADO 4G 0.5MM2 4X20AWG,Unidad,20.0000,0.0000,20.0000,2.6400,52.80,3.2700,2.6400,,,,,B2-P01-F2,,,2025-01-16,473,,2024-11-01 06:00:00,SENSORCONTROL SENSORES Y CONTROLADORES S.A,Und,1,,,,,COMPRA LOCAL,15.00,NO,,,0E-16,,0E-16,,0E-16,,
2026,2,8003 - REMISIONES GUAYAQUIL,CODIFICACION,VIDEOJET,ACCESORIOS,,152646,152646,,,CONECTOR HEMBRA MACHO RED MET/ 4PINES,Unidad,2.0000,0.0000,2.0000,26.6700,53.34,30.4800,26.6700,,,,,,,,2025-01-16,69,,2025-12-10 18:29:07.327000,CORPORACION DE REPRESENTACIONES Y SERVICIOS TECNICOS COREPTEC S.A.,Und,1,,,,,COMPRA LOCAL,15.00,NO,,,0E-16,,0E-16,,0E-16,,
2026,2,2031 - BODEGA EQUIPOS USADOS OPERATIVOS GYE,CODIFICACION,VIDEOJET,ACCESORIOS,,152647,152647,,,CONECTOR MACHO/RECTO M12 4 PINES,Unidad,1.0000,0.0000,1.0000,21.5486,21.55,32.9300,19.5000,,,,,,,,2025-01-16,97,,2025-11-12 16:21:46.337000,SENSORCONTROL SENSORES Y CONTROLADORES S.A,Und,1,,,,,COMPRA LOCAL,15.00,NO,,,0E-16,,0E-16,,0E-16,,
2026,2,1030 - BODEGA DISPONIBLE PARA LA VENTA UIO,CODIFICACION,VIDEOJET,ACCESORIOS,,152647,152647,,,CONECTOR MACHO/RECTO M12 4 PINES,Unidad,2.0000,0.0000,2.0000,21.5486,43.10,32.9300,19.5000,,,,,P35-N04,,,2025-01-16,97,,2025-11-12 16:21:46.337000,SENSORCONTROL SENSORES Y CONTROLADORES S.A,Und,1,,,,,COMPRA LOCAL,15.00,NO,,,0E-16,,0E-16,,0E-16,,
2026,2,2030 - BODEGA DISPONIBLE PARA LA VENTA GYE,CODIFICACION,VIDEOJET,ACCESORIOS,,152647,152647,,,CONECTOR MACHO/RECTO M12 4 PINES,Unidad,4.0000,0.0000,4.0000,21.5486,86.19,32.9300,19.5000,,0.0000,1.0000,,B1-P59-F3,,,2025-01-16,97,2024-12-17 16:44:26,2025-11-12 16:21:46.337000,SENSORCONTROL SENSORES Y CONTROLADORES S.A,Und,1,,,,,COMPRA LOCAL,15.00,NO,,,0E-16,,0E-16,,0E-16,,
2026,2,2030 - BODEGA DISPONIBLE PARA LA VENTA GYE,CODIFICACION,VIDEOJET,ACCESORIOS,,152653,152653,,,ENCODER 3600 PPR T/POLE 3 SALIDAS 12-24VDC,Unidad,1.0000,0.0000,1.0000,160.0000,160.00,348.4000,160.0000,,0.0000,0.0000,,B1-P60-F3,,,2025-01-16,110,2025-12-17 05:06:43,2025-10-30 14:33:14.310000,,Und,1,,,,,COMPRA LOCAL,15.00,NO,,,0E-16,,0E-16,,0E-16,,
2026,2,2021 - MALETÍN TÉCNICOS GYE,CODIFICACION,VIDEOJET,ACCESORIOS,,152653,152653,,,ENCODER 3600 PPR T/POLE 3 SALIDAS 12-24VDC,Unidad,1.0000,0.0000,1.0000,160.0000,160.00,348.4000,160.0000,,,,,,,,2025-01-16,110,,2025-10-30 14:33:14.310000,,Und,1,,,,,COMPRA LOCAL,15.00,NO,,,0E-16,,0E-16,,0E-16,,
2026,2,8002 - REMISIONES QUITO,CODIFICACION,VIDEOJET,ACCESORIOS,,152653,152653,,,ENCODER 3600 PPR T/POLE 3 SALIDAS 12-24VDC,Unidad,1.0000,0.0000,1.0000,160.0000,160.00,348.4000,160.0000,,,,,,,,2025-01-16,110,2025-10-26 21:49:45,2025-10-30 14:33:14.310000,,Und,1,,,,,COMPRA LOCAL,15.00,NO,,,0E-16,,0E-16,,0E-16,,
2026,2,2031 - BODEGA EQUIPOS USADOS OPERATIVOS GYE,CODIFICACION,VIDEOJET,ACCESORIOS,,152654,152654,,,ENCODER LONGITUDINAL 1CM/PULSO 12-24VDC,Unidad,1.0000,0.0000,1.0000,165.0000,165.00,339.5700,165.0000,,,,,B2-P01-F3,,,2025-01-16,473,,2024-11-01 06:00:00,SENSORCONTROL SENSORES Y CONTROLADORES S.A,Und,1,,,,,COMPRA LOCAL,15.00,NO,,,0E-16,,0E-16,,0E-16,,
2026,2,2031 - BODEGA EQUIPOS USADOS OPERATIVOS GYE,CODIFICACION,VIDEOJET,ACCESORIOS,,152667,152667,,,REGULADOR DE VOLTAJE FZA 4 TOMAS 1000VA/500W,Unidad,2.0000,0.0000,2.0000,10.7900,21.58,27.3800,10.7900,,,,,B2-P01-F3,,,2025-01-16,473,,2024-11-01 06:00:00,SISTEMAS DE SEGURIDAD S.A. SISEGUSA,Und,1,,,,,COMPRA LOCAL,15.00,NO,,,0E-16,,0E-16,,0E-16,,
2026,2,1030 - BODEGA DISPONIBLE PARA LA VENTA UIO,CODIFICACION,VIDEOJET,ACCESORIOS,,152667,152667,,,REGULADOR DE VOLTAJE FZA 4 TOMAS 1000VA/500W,Unidad,1.0000,0.0000,1.0000,10.7900,10.79,27.3800,10.7900,,,,,P35-N05,,,2025-01-16,473,,2024-11-01 06:00:00,SISTEMAS DE SEGURIDAD S.A. SISEGUSA,Und,1,,,,,COMPRA LOCAL,15.00,NO,,,0E-16,,0E-16,,0E-16,,
2026,2,2030 - BODEGA DISPONIBLE PARA LA VENTA GYE,CODIFICACION,VIDEOJET,ACCESORIOS,,152667,152667,,,REGULADOR DE VOLTAJE FZA 4 TOMAS 1000VA/500W,Unidad,5.0000,0.0000,5.0000,10.7900,53.95,27.3800,10.7900,,,,,B1-P59-F3,,,2025-01-16,473,2024-11-11 07:32:22,2024-11-01 06:00:00,SISTEMAS DE SEGURIDAD S.A. SISEGUSA,Und,1,,,,,COMPRA LOCAL,15.00,NO,,,0E-16,,0E-16,,0E-16,,
2026,2,1030 - BODEGA DISPONIBLE PARA LA VENTA UIO,CODIFICACION,VIDEOJET,ACCESORIOS,,152677,152677,,,CABLE CONEC HEMBRA ANGULAR M8/4PIN 2M,Unidad,1.0000,0.0000,1.0000,24.4515,24.45,57.2700,24.4500,,0.0000,0.0000,,P35-N05,,,2025-01-16,440,,2024-12-04 10:37:57.517000,ECUAINSETEC CIA. LTDA.,Und,1,,,,,COMPRA LOCAL,15.00,NO,,,0E-16,,0E-16,,0E-16,,
2026,2,2021 - MALETÍN TÉCNICOS GYE,CODIFICACION,VIDEOJET,ACCESORIOS,,152691,152691,,,ENCODER INCREM. EJE MACIZO 10MM/ 10000 PULSOS HTL/TTL PROG IO-LINK CONEC M12,Unidad,1.0000,0.0000,1.0000,357.6755,357.68,617.6400,398.3600,,,,,,,,2025-01-16,209,,2025-07-23 13:13:03.177000,CORPORACION DE REPRESENTACIONES Y SERVICIOS TECNICOS COREPTEC S.A.,Und,1,,,,,COMPRA LOCAL,15.00,NO,,,0E-16,,0E-16,,0E-16,,
2026,2,2021 - MALETÍN TÉCNICOS GYE,CODIFICACION,VIDEOJET,ACCESORIOS,,152692,152692,,,ENCODER INCREM.EJE MACIZO 10MM 10.000 PULSOSHTL/TTL PROG IO-LINK CONEC M12X8 PIN,Unidad,1.0000,0.0000,1.0000,345.1000,345.10,824.7000,345.1000,,,,,,,,2025-01-16,92,,2025-11-17 11:44:27.893000,ECUAINSETEC CIA. LTDA.,Und,1,,,,,COMPRA LOCAL,15.00,NO,,,0E-16,,0E-16,,0E-16,,
2026,2,1030 - BODEGA DISPONIBLE PARA LA VENTA UIO,CODIFICACION,VIDEOJET,REPUESTOS,,152702,152702,,,TBG/ VALVE PRTHD VINYL,Unidad,2.0000,0.0000,2.0000,60.4401,120.88,11.9000,60.4401,,,,,P38-N03,,,2025-08-20,473,,2024-11-01 06:00:00,VIDEOJET TECHNOLOGIES INT.,Und,1,,,,,COMPRA EXTERIOR,15.00,NO,,,0E-16,,0E-16,,0E-16,,
2026,2,1031 - BODEGA EQUIPOS USADOS  OPERATIVOS UIO,CODIFICACION,VIDEOJET,ACCESORIOS,,152705,152705,,,SENSOR DE ETIQUETA T/U DIST 2/54MM NPN/PNP 10-30VDC,Unidad,1.0000,0.0000,1.0000,171.0000,171.00,369.5200,171.0000,,,,,ZONA 1031,,,2025-01-16,473,,2024-11-01 06:00:00,SENSORCONTROL SENSORES Y CONTROLADORES S.A,Und,1,,,,,COMPRA LOCAL,15.00,NO,,,0E-16,,0E-16,,0E-16,,
2026,2,2030 - BODEGA DISPONIBLE PARA LA VENTA GYE,CODIFICACION,VIDEOJET,ACCESORIOS,,152707,152707,,,Cable conector del sensor M12 L=5m,Unidad,3.0000,0.0000,3.0000,20.4000,61.20,41.7300,20.4000,,1.0000,1.0000,,B1-P59-F3,,,2025-01-16,60,2025-06-19 06:41:31,2025-12-19 08:17:35.157000,CORPORACION DE REPRESENTACIONES Y SERVICIOS TECNICOS COREPTEC S.A.,Und,1,,,,,COMPRA LOCAL,15.00,NO,,,0E-16,,0E-16,,0E-16,,
2026,2,1020 - TALLER OPERATIVO UIO,CODIFICACION,VIDEOJET,ACCESORIOS,,152707,152707,,,Cable conector del sensor M12 L=5m,Unidad,1.0000,0.0000,1.0000,20.4000,20.40,41.7300,20.4000,,,,,TALLER CODIFICACION,,,2025-01-16,60,,2025-12-19 08:17:35.157000,CORPORACION DE REPRESENTACIONES Y SERVICIOS TECNICOS COREPTEC S.A.,Und,1,,,,,COMPRA LOCAL,15.00,NO,,,0E-16,,0E-16,,0E-16,,
2026,2,4030 - BODEGA DISPONIBLE PARA LA VENTA MANTA,CODIFICACION,VIDEOJET,ACCESORIOS,,152707,152707,,,Cable conector del sensor M12 L=5m,Unidad,3.0000,0.0000,3.0000,20.4000,61.20,41.7300,20.4000,,,,,,,,2025-01-16,60,,2025-12-19 08:17:35.157000,CORPORACION DE REPRESENTACIONES Y SERVICIOS TECNICOS COREPTEC S.A.,Und,1,,,,,COMPRA LOCAL,15.00,NO,,,0E-16,,0E-16,,0E-16,,
2026,2,8002 - REMISIONES QUITO,CODIFICACION,VIDEOJET,ACCESORIOS,,152707,152707,,,Cable conector del sensor M12 L=5m,Unidad,6.0000,0.0000,6.0000,20.4000,122.40,41.7300,20.4000,,,,,,,,2025-01-16,60,2025-12-31 17:01:23,2025-12-19 08:17:35.157000,CORPORACION DE REPRESENTACIONES Y SERVICIOS TECNICOS COREPTEC S.A.,Und,1,,,,,COMPRA LOCAL,15.00,NO,,,0E-16,,0E-16,,0E-16,,
2026,2,8004 - REMISIONES MANTA,CODIFICACION,VIDEOJET,ACCESORIOS,,152707,152707,,,Cable conector del sensor M12 L=5m,Unidad,1.0000,0.0000,1.0000,20.4000,20.40,41.7300,20.4000,,,,,,,,2025-01-16,60,,2025-12-19 08:17:35.157000,CORPORACION DE REPRESENTACIONES Y SERVICIOS TECNICOS COREPTEC S.A.,Und,1,,,,,COMPRA LOCAL,15.00,NO,,,0E-16,,0E-16,,0E-16,,
2026,2,8003 - REMISIONES GUAYAQUIL,CODIFICACION,VIDEOJET,ACCESORIOS,,152707,152707,,,Cable conector del sensor M12 L=5m,Unidad,3.0000,0.0000,3.0000,20.4000,61.20,41.7300,20.4000,,,,,,,,2025-01-16,60,2025-09-16 06:22:01,2025-12-19 08:17:35.157000,CORPORACION DE REPRESENTACIONES Y SERVICIOS TECNICOS COREPTEC S.A.,Und,1,,,,,COMPRA LOCAL,15.00,NO,,,0E-16,,0E-16,,0E-16,,
2026,2,8003 - REMISIONES GUAYAQUIL,CODIFICACION,VIDEOJET,ACCESORIOS,,152710,152710,,,CONECTOR MACHO/RECTO M12 4 PINES,Unidad,1.0000,0.0000,1.0000,19.4823,19.48,36.2300,21.8000,,,,,,,,2025-01-16,286,2025-09-16 06:22:01,2025-05-07 13:38:26.530000,SIZA SIMBAÑA ROBERTO MARCELO,Und,1,,,,,COMPRA LOCAL,15.00,NO,,,0E-16,,0E-16,,0E-16,,
2026,2,1030 - BODEGA DISPONIBLE PARA LA VENTA UIO,CODIFICACION,VIDEOJET,ACCESORIOS,,152710,152710,,,CONECTOR MACHO/RECTO M12 4 PINES,Unidad,2.0000,0.0000,2.0000,19.4823,38.96,36.2300,21.8000,,0.0000,0.0000,,P35-N06,,,2025-01-16,286,2025-12-23 14:02:23,2025-05-07 13:38:26.530000,SIZA SIMBAÑA ROBERTO MARCELO,Und,1,,,,,COMPRA LOCAL,15.00,NO,,,0E-16,,0E-16,,0E-16,,
2026,2,1020 - TALLER OPERATIVO UIO,CODIFICACION,VIDEOJET,ACCESORIOS,,152712,152712,,,SENSOR DE FIBRA M12 PNP/SN=100MM/ CONECT M12,Unidad,1.0000,0.0000,1.0000,97.7500,97.75,208.6700,97.7500,,,,,TALLER CODIFICACION,,,2025-01-16,60,,2025-12-19 08:17:35.157000,CORPORACION DE REPRESENTACIONES Y SERVICIOS TECNICOS COREPTEC S.A.,Und,1,,,,,COMPRA LOCAL,15.00,NO,,,0E-16,,0E-16,,0E-16,,
2026,2,4030 - BODEGA DISPONIBLE PARA LA VENTA MANTA,CODIFICACION,VIDEOJET,ACCESORIOS,,152712,152712,,,SENSOR DE FIBRA M12 PNP/SN=100MM/ CONECT M12,Unidad,1.0000,0.0000,1.0000,97.7500,97.75,208.6700,97.7500,,,,,,,,2025-01-16,60,,2025-12-19 08:17:35.157000,CORPORACION DE REPRESENTACIONES Y SERVICIOS TECNICOS COREPTEC S.A.,Und,1,,,,,COMPRA LOCAL,15.00,NO,,,0E-16,,0E-16,,0E-16,,
2026,2,8002 - REMISIONES QUITO,CODIFICACION,VIDEOJET,ACCESORIOS,,152712,152712,,,SENSOR DE FIBRA M12 PNP/SN=100MM/ CONECT M12,Unidad,7.0000,0.0000,7.0000,97.7500,684.25,208.6700,97.7500,,,,,,,,2025-01-16,60,2025-11-30 11:19:44,2025-12-19 08:17:35.157000,CORPORACION DE REPRESENTACIONES Y SERVICIOS TECNICOS COREPTEC S.A.,Und,1,,,,,COMPRA LOCAL,15.00,NO,,,0E-16,,0E-16,,0E-16,,
2026,2,2020 - TALLER OPERATIVO GYE,CODIFICACION,VIDEOJET,ACCESORIOS,,152712,152712,,,SENSOR DE FIBRA M12 PNP/SN=100MM/ CONECT M12,Unidad,1.0000,0.0000,1.0000,97.7500,97.75,208.6700,97.7500,,,,,,,,2025-01-16,60,,2025-12-19 08:17:35.157000,CORPORACION DE REPRESENTACIONES Y SERVICIOS TECNICOS COREPTEC S.A.,Und,1,,,,,COMPRA LOCAL,15.00,NO,,,0E-16,,0E-16,,0E-16,,
2026,2,8004 - REMISIONES MANTA,CODIFICACION,VIDEOJET,ACCESORIOS,,152712,152712,,,SENSOR DE FIBRA M12 PNP/SN=100MM/ CONECT M12,Unidad,1.0000,0.0000,1.0000,97.7500,97.75,208.6700,97.7500,,,,,,,,2025-01-16,60,,2025-12-19 08:17:35.157000,CORPORACION DE REPRESENTACIONES Y SERVICIOS TECNICOS COREPTEC S.A.,Und,1,,,,,COMPRA LOCAL,15.00,NO,,,0E-16,,0E-16,,0E-16,,
2026,2,8003 - REMISIONES GUAYAQUIL,CODIFICACION,VIDEOJET,ACCESORIOS,,152712,152712,,,SENSOR DE FIBRA M12 PNP/SN=100MM/ CONECT M12,Unidad,2.0000,0.0000,2.0000,97.7500,195.50,208.6700,97.7500,,,,,,,,2025-01-16,60,2025-09-16 06:22:01,2025-12-19 08:17:35.157000,CORPORACION DE REPRESENTACIONES Y SERVICIOS TECNICOS COREPTEC S.A.,Und,1,,,,,COMPRA LOCAL,15.00,NO,,,0E-16,,0E-16,,0E-16,,
2026,2,8003 - REMISIONES GUAYAQUIL,CODIFICACION,VIDEOJET,ACCESORIOS,,152714,152714,,,UPS FZA 500VA/250W 6 SALIDAS 120V,Unidad,1.0000,0.0000,1.0000,34.5297,34.53,82.2600,34.5800,,,,,,,,2025-01-16,454,2025-04-24 05:16:18,2024-11-20 15:13:02.870000,SISTEMAS DE SEGURIDAD S.A. SISEGUSA,Und,1,,,,,COMPRA LOCAL,15.00,NO,,,0E-16,,0E-16,,0E-16,,
2026,2,2030 - BODEGA DISPONIBLE PARA LA VENTA GYE,CODIFICACION,VIDEOJET,ACCESORIOS,,152716,152716,,,CLARISUITE/WEBSERVER 10 PRINTERS MAX / 1 CLARISOFT,Unidad,1.0000,0.0000,1.0000,414.9700,414.97,1058.1000,324.5900,,,,,B1-P54-F3,,,2025-08-20,71,,2025-12-08 07:11:24,VIDEOJET TECHNOLOGIES INT.,Und,1,,,,,COMPRA EXTERIOR,15.00,NO,,,0E-16,,0E-16,,0E-16,,
2026,2,2031 - BODEGA EQUIPOS USADOS OPERATIVOS GYE,CODIFICACION,VIDEOJET,ACCESORIOS,,152717,152717,,,SUPRESOR DE PICOS NEMA5-15R 6 OUTLETS 110V-240V Negro,Unidad,1.0000,0.0000,1.0000,5.0000,5.00,5.7900,5.0000,,,,,B2-P01-F3,,,2025-01-16,473,,2024-11-01 06:00:00,SANCHEZ RIVADENEIRA JORGE LUIS,Und,1,,,,,COMPRA LOCAL,15.00,NO,,,0E-16,,0E-16,,0E-16,,
2026,2,2030 - BODEGA DISPONIBLE PARA LA VENTA GYE,CODIFICACION,VIDEOJET,ACCESORIOS,,152717,152717,,,SUPRESOR DE PICOS NEMA5-15R 6 OUTLETS 110V-240V Negro,Unidad,2.0000,0.0000,2.0000,5.0000,10.00,5.7900,5.0000,,,,,B1-P59-F4,,,2025-01-16,473,,2024-11-01 06:00:00,SANCHEZ RIVADENEIRA JORGE LUIS,Und,1,,,,,COMPRA LOCAL,15.00,NO,,,0E-16,,0E-16,,0E-16,,
2026,2,2031 - BODEGA EQUIPOS USADOS OPERATIVOS GYE,CODIFICACION,VIDEOJET,ACCESORIOS,,152723,152723,,,PRENSA ESTOPA CONICA /PG-7,Unidad,4.0000,0.0000,4.0000,0.4500,1.80,3.7100,0.4500,,,,,B2-P01-F3,,,2025-01-16,473,,2024-11-01 06:00:00,SENSORCONTROL SENSORES Y CONTROLADORES S.A,Und,1,,,,,COMPRA LOCAL,15.00,NO,,,0E-16,,0E-16,,0E-16,,
2026,2,2031 - BODEGA EQUIPOS USADOS OPERATIVOS GYE,CODIFICACION,VIDEOJET,ACCESORIOS,,152724,152724,,,PRENSA ESTOPA CONICA /PG-9,Unidad,2.0000,0.0000,2.0000,0.5700,1.14,2.3500,0.5700,,,,,B2-P01-F3,,,2025-01-16,473,,2024-11-01 06:00:00,SENSORCONTROL SENSORES Y CONTROLADORES S.A,Und,1,,,,,COMPRA LOCAL,15.00,NO,,,0E-16,,0E-16,,0E-16,,
2026,2,2030 - BODEGA DISPONIBLE PARA LA VENTA GYE,CODIFICACION,VIDEOJET,ACCESORIOS,,152727,152727,,,REGULADOR DE VOLTAJE 1800VA/1000W 8 TOMAS 220V,Unidad,3.0000,0.0000,3.0000,46.8000,140.40,94.1900,46.8000,,,,,B1-P60-F2,,,2025-01-16,473,,2024-11-01 06:00:00,CANDO INGUILAN CRISTINA ALEXANDRA,Und,1,,,,,COMPRA LOCAL,15.00,NO,,,0E-16,,0E-16,,0E-16,,
2026,2,1020 - TALLER OPERATIVO UIO,CODIFICACION,VIDEOJET,ACCESORIOS,,152741,152741,,,SATINADORA PARA PULIR ACERO INOXIDABLE MARCA POLISHER 180MM CON 1 RODILLO,Unidad,1.0000,0.0000,1.0000,189.0000,189.00,426.7900,189.0000,,,,,P38-N02,,,2025-01-16,473,,2024-11-01 06:00:00,ATAPUMA MEDINA VICTOR XAVIER,Und,1,,,,,COMPRA LOCAL,15.00,NO,,,0E-16,,0E-16,,0E-16,,
2026,2,1030 - BODEGA DISPONIBLE PARA LA VENTA UIO,CODIFICACION,VIDEOJET,ACCESORIOS,,152748,152748,,,Sensor Diffuse Reflective 12-24VDC NPN-PNP AL=5M PRECABLEADO,Unidad,2.0000,0.0000,2.0000,78.3458,156.69,200.3900,74.1000,,,,,P35-N02,,,2025-01-16,97,,2025-11-12 16:21:46.337000,SENSORCONTROL SENSORES Y CONTROLADORES S.A,Und,1,,,,,COMPRA LOCAL,15.00,NO,,,0E-16,,0E-16,,0E-16,,
2026,2,2030 - BODEGA DISPONIBLE PARA LA VENTA GYE,CODIFICACION,VIDEOJET,ACCESORIOS,,152748,152748,,,Sensor Diffuse Reflective 12-24VDC NPN-PNP AL=5M PRECABLEADO,Unidad,2.0000,0.0000,2.0000,78.3458,156.69,200.3900,74.1000,,0.0000,1.0000,,B1-P59-F2,,,2025-01-16,97,,2025-11-12 16:21:46.337000,SENSORCONTROL SENSORES Y CONTROLADORES S.A,Und,1,,,,,COMPRA LOCAL,15.00,NO,,,0E-16,,0E-16,,0E-16,,
2026,2,8003 - REMISIONES GUAYAQUIL,CODIFICACION,VIDEOJET,ACCESORIOS,,152748,152748,,,Sensor Diffuse Reflective 12-24VDC NPN-PNP AL=5M PRECABLEADO,Unidad,1.0000,0.0000,1.0000,78.3458,78.35,200.3900,74.1000,,,,,,,,2025-01-16,97,,2025-11-12 16:21:46.337000,SENSORCONTROL SENSORES Y CONTROLADORES S.A,Und,1,,,,,COMPRA LOCAL,15.00,NO,,,0E-16,,0E-16,,0E-16,,
2026,2,2031 - BODEGA EQUIPOS USADOS OPERATIVOS GYE,CODIFICACION,VIDEOJET,ACCESORIOS,,152749,152749,,,Sensor Diffuse Reflective 12-24VDC NPN/PNP BEN3M-PDT SENS 3m,Unidad,1.0000,0.0000,1.0000,82.9090,82.91,117.5600,82.9090,,,,,,,,2025-01-16,473,,2024-11-01 06:00:00,VIDEOJET TECHNOLOGIES INT.,Und,1,,,,,COMPRA LOCAL,15.00,NO,,,0E-16,,0E-16,,0E-16,,
2026,2,8003 - REMISIONES GUAYAQUIL,CODIFICACION,VIDEOJET,ACCESORIOS,,152752,152752,,,Sensor Diffuse 200mm/ 18mm NPN-NA/ 12-24VDC,Unidad,2.0000,0.0000,2.0000,67.2952,134.59,139.4700,68.0000,,,,,,,,2025-01-16,223,2025-11-30 04:21:02,2025-07-09 09:33:00,CORPORACION DE REPRESENTACIONES Y SERVICIOS TECNICOS COREPTEC S.A.,Und,1,,,,,COMPRA LOCAL,15.00,NO,,,0E-16,,0E-16,,0E-16,,
2026,2,4030 - BODEGA DISPONIBLE PARA LA VENTA MANTA,CODIFICACION,VIDEOJET,ACCESORIOS,,152752,152752,,,Sensor Diffuse 200mm/ 18mm NPN-NA/ 12-24VDC,Unidad,1.0000,0.0000,1.0000,67.2952,67.30,139.4700,68.0000,,,,,,,,2025-01-16,223,2025-03-17 12:22:32,2025-07-09 09:33:00,CORPORACION DE REPRESENTACIONES Y SERVICIOS TECNICOS COREPTEC S.A.,Und,1,,,,,COMPRA LOCAL,15.00,NO,,,0E-16,,0E-16,,0E-16,,
2026,2,1031 - BODEGA EQUIPOS USADOS  OPERATIVOS UIO,CODIFICACION,VIDEOJET,ACCESORIOS,,152752,152752,,,Sensor Diffuse 200mm/ 18mm NPN-NA/ 12-24VDC,Unidad,1.0000,0.0000,1.0000,67.2952,67.30,139.4700,68.0000,,,,,ZONA 1031,,,2025-01-16,223,,2025-07-09 09:33:00,CORPORACION DE REPRESENTACIONES Y SERVICIOS TECNICOS COREPTEC S.A.,Und,1,,,,,COMPRA LOCAL,15.00,NO,,,0E-16,,0E-16,,0E-16,,
2026,2,2031 - BODEGA EQUIPOS USADOS OPERATIVOS GYE,CODIFICACION,VIDEOJET,ACCESORIOS,,152754,152754,,,Sensor Diffuse 200mm/ 18mm/ NPN/ 12-24VDC/BR200-DDTN,Unidad,2.0000,0.0000,2.0000,51.4048,102.81,110.2100,51.4048,,,,,B2-P01-F3,,,2025-01-16,473,,2024-11-01 06:00:00,SENSORCONTROL SENSORES Y CONTROLADORES S.A,Und,1,,,,,COMPRA LOCAL,15.00,NO,,,0E-16,,0E-16,,0E-16,,
2026,2,1030 - BODEGA DISPONIBLE PARA LA VENTA UIO,CODIFICACION,VIDEOJET,REPUESTOS,,152758,152758,,,CYLINDER PISTON 3.2x10,Unidad,1.0000,0.0000,1.0000,96.2800,96.28,401.1400,87.7800,,,,,P37-N05,,,2025-08-20,68,2025-10-29 06:36:16,2025-12-11 10:37:21,VIDEOJET TECHNOLOGIES INT.,Und,1,,,,,COMPRA EXTERIOR,15.00,NO,,,0E-16,,0E-16,,0E-16,,
2026,2,1030 - BODEGA DISPONIBLE PARA LA VENTA UIO,CODIFICACION,VIDEOJET,REPUESTOS,,152762,152762,,,Cabin Rd Filter/ VJ1000_VJUHS,Unidad,2.0000,0.0000,2.0000,56.0119,112.02,118.4400,55.2300,,,,,P37-N04,,,2025-08-20,188,2026-01-13 06:48:01,2025-08-13 09:11:37,VIDEOJET TECHNOLOGIES INT.,Und,1,,,,,COMPRA EXTERIOR,15.00,NO,,,0E-16,,0E-16,,0E-16,,
2026,2,2030 - BODEGA DISPONIBLE PARA LA VENTA GYE,CODIFICACION,VIDEOJET,REPUESTOS,,152762,152762,,,Cabin Rd Filter/ VJ1000_VJUHS,Unidad,4.0000,0.0000,4.0000,56.0119,224.05,118.4400,55.2300,,,,,B1-P58-F4,,,2025-08-20,188,2025-09-22 15:13:29,2025-08-13 09:11:37,VIDEOJET TECHNOLOGIES INT.,Und,1,,,,,COMPRA EXTERIOR,15.00,NO,,,0E-16,,0E-16,,0E-16,,
2026,2,1030 - BODEGA DISPONIBLE PARA LA VENTA UIO,CODIFICACION,VIDEOJET,REPUESTOS,,152768,152768,,,Ink Electronic Component VJ1280_VJ1040,Unidad,1.0000,0.0000,1.0000,480.8875,480.89,1559.6900,480.8875,,,,,P37-N02,,,2025-08-20,473,,2024-11-01 06:00:00,VIDEOJET TECHNOLOGIES INT.,Und,1,,,,,COMPRA EXTERIOR,15.00,NO,,,0E-16,,0E-16,,0E-16,,
2026,2,1030 - BODEGA DISPONIBLE PARA LA VENTA UIO,CODIFICACION,VIDEOJET,REPUESTOS,,152770,152770,,,Print Tank System 9k hrs S20,Unidad,0.0000,1.0000,1.0000,1553.9400,1553.94,2839.2000,1429.9200,,,,,P37-N01,,,2025-08-20,162,2025-06-19 17:13:50,2025-09-08 13:33:50,VIDEOJET TECHNOLOGIES INT.,Und,1,,,,,COMPRA EXTERIOR,15.00,NO,,,0E-16,,0E-16,,0E-16,,
2026,2,8002 - REMISIONES QUITO,CODIFICACION,VIDEOJET,REPUESTOS,,152772,152772,,,Print Tank System 14k hrs S20 Std,Unidad,3.0000,0.0000,3.0000,1711.5484,5134.65,3147.3500,1600.0200,,,,,,,,2025-08-20,22,2026-01-31 04:39:47,2026-01-26 07:23:43,VIDEOJET TECHNOLOGIES INT.,Und,1,,,,,COMPRA EXTERIOR,15.00,NO,,,0E-16,,0E-16,,0E-16,,
2026,2,8003 - REMISIONES GUAYAQUIL,CODIFICACION,VIDEOJET,REPUESTOS,,152782,152782,,,PERF. COVER  VJ1000,Unidad,1.0000,0.0000,1.0000,113.1780,113.18,347.2500,113.1780,,,,,,,,2025-08-20,473,,2024-11-01 06:00:00,VIDEOJET TECHNOLOGIES INT.,Und,1,,,,,COMPRA EXTERIOR,15.00,NO,,,0E-16,,0E-16,,0E-16,,
2026,2,1030 - BODEGA DISPONIBLE PARA LA VENTA UIO,CODIFICACION,VIDEOJET,REPUESTOS,,152782,152782,,,PERF. COVER  VJ1000,Unidad,1.0000,0.0000,1.0000,113.1780,113.18,347.2500,113.1780,,,,,P37-N04,,,2025-08-20,473,,2024-11-01 06:00:00,VIDEOJET TECHNOLOGIES INT.,Und,1,,,,,COMPRA EXTERIOR,15.00,NO,,,0E-16,,0E-16,,0E-16,,
2026,2,2030 - BODEGA DISPONIBLE PARA LA VENTA GYE,CODIFICACION,VIDEOJET,REPUESTOS,,152782,152782,,,PERF. COVER  VJ1000,Unidad,1.0000,0.0000,1.0000,113.1780,113.18,347.2500,113.1780,,,,,B1-P58-F1,,,2025-08-20,473,,2024-11-01 06:00:00,VIDEOJET TECHNOLOGIES INT.,Und,1,,,,,COMPRA EXTERIOR,15.00,NO,,,0E-16,,0E-16,,0E-16,,
2026,2,1030 - BODEGA DISPONIBLE PARA LA VENTA UIO,CODIFICACION,VIDEOJET,REPUESTOS,,152786,152786,,,Communication Sensor Card PCB1,Unidad,1.0000,0.0000,1.0000,420.6600,420.66,1096.3300,378.7500,,0.0000,0.0000,,P37-N03,,,2025-08-20,162,2025-05-19 21:27:08,2025-09-08 13:33:50,VIDEOJET TECHNOLOGIES INT.,Und,1,,,,,COMPRA EXTERIOR,15.00,NO,,,0E-16,,0E-16,,0E-16,,
2026,2,1030 - BODEGA DISPONIBLE PARA LA VENTA UIO,CODIFICACION,VIDEOJET,REPUESTOS,,152787,152787,,,Communication Sensor Card PCB3,Unidad,1.0000,0.0000,1.0000,90.6200,90.62,618.6800,81.4800,,,,,P37-N03,,,2025-08-20,473,,2024-11-01 06:00:00,VIDEOJET TECHNOLOGIES INT.,Und,1,,,,,COMPRA EXTERIOR,15.00,NO,,,0E-16,,0E-16,,0E-16,,
2026,2,2030 - BODEGA DISPONIBLE PARA LA VENTA GYE,CODIFICACION,VIDEOJET,REPUESTOS,,152787,152787,,,Communication Sensor Card PCB3,Unidad,1.0000,0.0000,1.0000,90.6200,90.62,618.6800,81.4800,,,,,B1-P56-F5,,,2025-08-20,473,2025-06-18 13:42:08,2024-11-01 06:00:00,VIDEOJET TECHNOLOGIES INT.,Und,1,,,,,COMPRA EXTERIOR,15.00,NO,,,0E-16,,0E-16,,0E-16,,
2026,2,1030 - BODEGA DISPONIBLE PARA LA VENTA UIO,CODIFICACION,VIDEOJET,REPUESTOS,,152794,152794,,,PrtHd Ribbon Cable LH (Cables from Main Pcb to Adapter PCB) 53/107 LPA,Unidad,1.0000,0.0000,1.0000,285.5800,285.58,501.1000,195.2700,,0.0000,0.0000,,P37-N06,,,2025-08-20,450,,2024-11-24 11:54:31,VIDEOJET TECHNOLOGIES INT.,Und,1,,,,,COMPRA EXTERIOR,15.00,NO,,,0E-16,,0E-16,,0E-16,,
2026,2,2031 - BODEGA EQUIPOS USADOS OPERATIVOS GYE,CODIFICACION,VIDEOJET,ACCESORIOS,,152797,152797,,,COUNTER/TIMER DIG PROG 72X72mm,Unidad,1.0000,0.0000,1.0000,128.0000,128.00,263.4200,128.0000,,,,,B2-P01-F4,,,2025-01-16,473,,2024-11-01 06:00:00,SENSORCONTROL SENSORES Y CONTROLADORES S.A,Und,1,,,,,COMPRA LOCAL,15.00,NO,,,0E-16,,0E-16,,0E-16,,
2026,2,1030 - BODEGA DISPONIBLE PARA LA VENTA UIO,CODIFICACION,VIDEOJET,REPUESTOS,,152805,152805,,,Release Button/Removable Cassette TTO,Unidad,1.0000,0.0000,1.0000,37.8833,37.88,87.6600,37.8833,,0.0000,1.0000,,P37-N03,,,2025-08-20,473,,2024-11-01 06:00:00,VIDEOJET TECHNOLOGIES INT.,Und,1,,,,,COMPRA EXTERIOR,15.00,NO,,,0E-16,,0E-16,,0E-16,,
2026,2,2021 - MALETÍN TÉCNICOS GYE,CODIFICACION,VIDEOJET,REPUESTOS,,152806,152806,,,Ink Flow Recovery 1860_1880_1880+_1880UHS,Unidad,2.0000,0.0000,2.0000,736.7592,1473.52,1650.8100,699.5700,,,,,,,,2025-08-20,68,,2025-12-11 10:37:21,VIDEOJET TECHNOLOGIES INT.,Und,1,,,,,COMPRA EXTERIOR,15.00,NO,,,0E-16,,0E-16,,0E-16,,
2026,2,8002 - REMISIONES QUITO,CODIFICACION,VIDEOJET,REPUESTOS,,152806,152806,,,Ink Flow Recovery 1860_1880_1880+_1880UHS,Unidad,1.0000,0.0000,1.0000,736.7592,736.76,1650.8100,699.5700,,,,,,,,2025-08-20,68,2026-01-31 04:26:05,2025-12-11 10:37:21,VIDEOJET TECHNOLOGIES INT.,Und,1,,,,,COMPRA EXTERIOR,15.00,NO,,,0E-16,,0E-16,,0E-16,,
2026,2,1030 - BODEGA DISPONIBLE PARA LA VENTA UIO,CODIFICACION,VIDEOJET,ACCESORIOS,,152809,152809,,,ACOPLE DE ENCODER RESISTENTE/ D1=10MM/D2=10MM,Unidad,1.0000,0.0000,1.0000,41.3541,41.35,85.8400,48.0000,,0.0000,1.0000,,P35-N03,,,2025-01-16,449,2025-03-18 07:12:24,2024-11-25 16:48:17.107000,IANDCECONTROL S.A.,Und,1,,,,,COMPRA LOCAL,15.00,NO,,,0E-16,,0E-16,,0E-16,,
2026,2,2030 - BODEGA DISPONIBLE PARA LA VENTA GYE,CODIFICACION,VIDEOJET,ACCESORIOS,,152809,152809,,,ACOPLE DE ENCODER RESISTENTE/ D1=10MM/D2=10MM,Unidad,1.0000,0.0000,1.0000,41.3541,41.35,85.8400,48.0000,,,,,B1-P59-F3,,,2025-01-16,449,,2024-11-25 16:48:17.107000,IANDCECONTROL S.A.,Und,1,,,,,COMPRA LOCAL,15.00,NO,,,0E-16,,0E-16,,0E-16,,
2026,2,1030 - BODEGA DISPONIBLE PARA LA VENTA UIO,CODIFICACION,VIDEOJET,ACCESORIOS,,152810,152810,,,ACOPLE DE ENCODER RESISTENTE/ D1=08mm/D2=08mm,Unidad,2.0000,0.0000,2.0000,40.8000,81.60,85.8400,48.0000,,,,,P35-N03,,,2025-01-16,176,,2025-08-25 13:00:00,IANDCECONTROL S.A.,Und,1,,,,,COMPRA LOCAL,15.00,NO,,,0E-16,,0E-16,,0E-16,,
2026,2,1030 - BODEGA DISPONIBLE PARA LA VENTA UIO,CODIFICACION,VIDEOJET,ACCESORIOS,,152811,152811,,,ACOPLE DE ENCODER FLEX DIAM 40MM LONG 50CM D1=D2=10MM,Unidad,3.0000,0.0000,3.0000,34.0000,102.00,85.8400,40.0000,,,,,P35-N05,,,2025-01-16,342,,2025-03-12 17:04:06.130000,IANDCECONTROL S.A.,Und,1,,,,,COMPRA LOCAL,15.00,NO,,,0E-16,,0E-16,,0E-16,,
2026,2,2021 - MALETÍN TÉCNICOS GYE,CODIFICACION,VIDEOJET,ACCESORIOS,,152811,152811,,,ACOPLE DE ENCODER FLEX DIAM 40MM LONG 50CM D1=D2=10MM,Unidad,1.0000,0.0000,1.0000,34.0000,34.00,85.8400,40.0000,,,,,,,,2025-01-16,342,,2025-03-12 17:04:06.130000,IANDCECONTROL S.A.,Und,1,,,,,COMPRA LOCAL,15.00,NO,,,0E-16,,0E-16,,0E-16,,
2026,2,2030 - BODEGA DISPONIBLE PARA LA VENTA GYE,CODIFICACION,VIDEOJET,REPUESTOS,,152814,152814,,,Coding Module Spring Dtf+/6420 53_107mm,Unidad,4.0000,0.0000,4.0000,0.4504,1.80,1.5000,0.4504,,0.0000,1.0000,,B1-P56-F4,,,2025-08-20,473,,2024-11-01 06:00:00,VIDEOJET TECHNOLOGIES INT.,Und,1,,,,,COMPRA EXTERIOR,15.00,NO,,,0E-16,,0E-16,,0E-16,,
2026,2,1030 - BODEGA DISPONIBLE PARA LA VENTA UIO,CODIFICACION,VIDEOJET,REPUESTOS,,152814,152814,,,Coding Module Spring Dtf+/6420 53_107mm,Unidad,4.0000,0.0000,4.0000,0.4504,1.80,1.5000,0.4504,,,,,P38-N05,,,2025-08-20,473,,2024-11-01 06:00:00,VIDEOJET TECHNOLOGIES INT.,Und,1,,,,,COMPRA EXTERIOR,15.00,NO,,,0E-16,,0E-16,,0E-16,,
2026,2,1030 - BODEGA DISPONIBLE PARA LA VENTA UIO,CODIFICACION,VIDEOJET,REPUESTOS,,152820,152820,,,FILTER/ RECLAIM 23/50-51,Unidad,1.0000,0.0000,1.0000,66.5101,66.51,276.3400,66.5101,,0.0000,1.0000,,P37-N06,,,2025-08-20,473,,2024-11-01 06:00:00,VIDEOJET TECHNOLOGIES INT.,Und,1,,,,,COMPRA EXTERIOR,15.00,NO,,,0E-16,,0E-16,,0E-16,,
2026,2,2030 - BODEGA DISPONIBLE PARA LA VENTA GYE,CODIFICACION,VIDEOJET,REPUESTOS,,152821,152821,,,Label Pass Belt RH 53/107 LPA,Unidad,2.0000,0.0000,2.0000,176.2770,352.55,504.0200,156.5500,,0.0000,0.0000,,B1-P58-F3,,,2025-08-20,32,2025-09-11 07:00:17,2026-01-16 05:43:10,VIDEOJET TECHNOLOGIES INT.,Und,1,,,,,COMPRA EXTERIOR,15.00,NO,,,0E-16,,0E-16,,0E-16,,
2026,2,8003 - REMISIONES GUAYAQUIL,CODIFICACION,VIDEOJET,REPUESTOS,,152821,152821,,,Label Pass Belt RH 53/107 LPA,Unidad,1.0000,0.0000,1.0000,176.2770,176.28,504.0200,156.5500,,,,,,,,2025-08-20,32,2026-01-11 14:36:24,2026-01-16 05:43:10,VIDEOJET TECHNOLOGIES INT.,Und,1,,,,,COMPRA EXTERIOR,15.00,NO,,,0E-16,,0E-16,,0E-16,,
2026,2,2030 - BODEGA DISPONIBLE PARA LA VENTA GYE,CODIFICACION,VIDEOJET,REPUESTOS,,152822,152822,,,Ribb. Drive Motor 53/107 LPA,Unidad,1.0000,0.0000,1.0000,407.7588,407.76,1061.8100,430.3100,,0.0000,0.0000,,B1-P57-F6,,,2025-08-20,316,2025-06-16 07:00:40,2025-04-07 08:28:12,VIDEOJET TECHNOLOGIES INT.,Und,1,,,,,COMPRA EXTERIOR,15.00,NO,,,0E-16,,0E-16,,0E-16,,
2026,2,2030 - BODEGA DISPONIBLE PARA LA VENTA GYE,CODIFICACION,VIDEOJET,REPUESTOS,,152823,152823,,,Waste Lbl Mandrel Restoration Kit 53/107 LPA,Unidad,2.0000,0.0000,2.0000,89.0335,178.07,308.8800,82.6301,,,,,B1-P57-F2,,,2025-08-20,473,,2024-11-01 06:00:00,VIDEOJET TECHNOLOGIES INT.,Und,1,,,,,COMPRA EXTERIOR,15.00,NO,,,0E-16,,0E-16,,0E-16,,
2026,2,2001 - PLAN DE ACCIÓNN REPUESTOS BAJA ROTACIÓN GYE,CODIFICACION,VIDEOJET,REPUESTOS,,152826,152826,,,Vacuum Valve (FOP),Unidad,1.0000,0.0000,1.0000,389.7400,389.74,805.2800,389.7400,,,,,,,,2025-08-20,473,,2024-11-01 06:00:00,VIDEOJET TECHNOLOGIES INT.,Und,1,,,,,COMPRA EXTERIOR,15.00,NO,,,0E-16,,0E-16,,0E-16,,
2026,2,2030 - BODEGA DISPONIBLE PARA LA VENTA GYE,CODIFICACION,VIDEOJET,REPUESTOS,,152829,152829,,,Leaf Springs TTO (1 unit),Unidad,6.0000,0.0000,6.0000,6.1908,37.14,20.0100,6.1908,,,,,B1-P60-F3,,,2025-08-20,473,,2024-11-01 06:00:00,VIDEOJET TECHNOLOGIES INT.,Und,1,,,,,COMPRA EXTERIOR,15.00,NO,,,0E-16,,0E-16,,0E-16,,
2026,2,1030 - BODEGA DISPONIBLE PARA LA VENTA UIO,CODIFICACION,VIDEOJET,REPUESTOS,,152829,152829,,,Leaf Springs TTO (1 unit),Unidad,6.0000,0.0000,6.0000,6.1908,37.14,20.0100,6.1908,,,,,P37-N05,,,2025-08-20,473,,2024-11-01 06:00:00,VIDEOJET TECHNOLOGIES INT.,Und,1,,,,,COMPRA EXTERIOR,15.00,NO,,,0E-16,,0E-16,,0E-16,,
2026,2,2030 - BODEGA DISPONIBLE PARA LA VENTA GYE,CODIFICACION,VIDEOJET,REPUESTOS,,152831,152831,,,Coding module PCB - 3.2x10 63/30 RH,Unidad,1.0000,0.0000,1.0000,325.3200,325.32,739.2000,299.3600,,0.0000,0.0000,,B1-P56-F5,,,2025-08-20,162,,2025-09-08 13:33:50,VIDEOJET TECHNOLOGIES INT.,Und,1,,,,,COMPRA EXTERIOR,15.00,NO,,,0E-16,,0E-16,,0E-16,,
2026,2,1030 - BODEGA DISPONIBLE PARA LA VENTA UIO,CODIFICACION,VIDEOJET,REPUESTOS,,152832,152832,,,Coding module Pivot 10.7x10 65-30 LH,Unidad,1.0000,0.0000,1.0000,368.1300,368.13,1070.5500,336.3900,,,,,,,,2025-08-20,22,,2026-01-26 07:23:43,VIDEOJET TECHNOLOGIES INT.,Und,1,,,,,COMPRA EXTERIOR,15.00,NO,,,0E-16,,0E-16,,0E-16,,
2026,2,2030 - BODEGA DISPONIBLE PARA LA VENTA GYE,CODIFICACION,VIDEOJET,REPUESTOS,,152836,152836,,,HARN./LASER HEAD-INTERNAL/30W/CO2 LASER G3,Unidad,1.0000,0.0000,1.0000,92.3400,92.34,195.2900,92.3400,,,,,B1-P57-F5,,,2025-08-20,473,,2024-11-01 06:00:00,VIDEOJET TECHNOLOGIES INT.,Und,1,,,,,COMPRA EXTERIOR,15.00,NO,,,0E-16,,0E-16,,0E-16,,
2026,2,2030 - BODEGA DISPONIBLE PARA LA VENTA GYE,CODIFICACION,VIDEOJET,REPUESTOS,,152840,152840,,,CLEANING PAPER FOR LENS,Unidad,5.0000,0.0000,5.0000,23.6820,118.41,35.6900,16.9500,,,,,B1-P58-F3,,,2025-08-20,358,2025-04-14 06:17:09,2025-02-24 08:14:40,VIDEOJET TECHNOLOGIES INT.,Und,1,,,,,COMPRA EXTERIOR,15.00,NO,,,0E-16,,0E-16,,0E-16,,
2026,2,2030 - BODEGA DISPONIBLE PARA LA VENTA GYE,CODIFICACION,VIDEOJET,ACCESORIOS,,152852,152852,,,BOOT-RUBBER,Unidad,2.0000,0.0000,2.0000,59.8350,119.67,6.8100,59.8350,,,,,B1-P59-F3,,,2025-08-20,473,,2024-11-01 06:00:00,VIDEOJET TECHNOLOGIES INT.,Und,1,,,,,COMPRA EXTERIOR,15.00,NO,,,0E-16,,0E-16,,0E-16,,
2026,2,8002 - REMISIONES QUITO,CODIFICACION,VIDEOJET,REPUESTOS,,152855,152855,,,Coding module 5.3x10 64/20_Dtf+,Unidad,1.0000,0.0000,1.0000,854.7050,854.71,2061.2600,817.8500,,,,,,,,2025-08-20,68,2025-11-30 11:18:38,2025-12-11 10:37:21,VIDEOJET TECHNOLOGIES INT.,Und,1,,,,,COMPRA EXTERIOR,15.00,NO,,,0E-16,,0E-16,,0E-16,,
2026,2,8003 - REMISIONES GUAYAQUIL,CODIFICACION,VIDEOJET,REPUESTOS,,152875,152875,,,Print Tank System 12k hrs S20,Unidad,1.0000,0.0000,1.0000,1462.0812,1462.08,2966.9600,1300.0400,,,,,,,,2025-08-20,22,2025-12-31 15:51:17,2026-01-26 07:23:43,VIDEOJET TECHNOLOGIES INT.,Und,1,,,,,COMPRA EXTERIOR,15.00,NO,,,0E-16,,0E-16,,0E-16,,
2026,2,2030 - BODEGA DISPONIBLE PARA LA VENTA GYE,CODIFICACION,VIDEOJET,REPUESTOS,,152875,152875,,,Print Tank System 12k hrs S20,Unidad,3.0000,0.0000,3.0000,1462.0812,4386.24,2966.9600,1300.0400,,0.0000,1.0000,,B1-P56-F6,B1-P57-F7,,2025-08-20,22,2025-09-11 09:57:36,2026-01-26 07:23:43,VIDEOJET TECHNOLOGIES INT.,Und,1,,,,,COMPRA EXTERIOR,15.00,NO,,,0E-16,,0E-16,,0E-16,,
2026,2,1030 - BODEGA DISPONIBLE PARA LA VENTA UIO,CODIFICACION,VIDEOJET,REPUESTOS,,152875,152875,,,Print Tank System 12k hrs S20,Unidad,1.0000,0.0000,1.0000,1462.0812,1462.08,2966.9600,1300.0400,,1.0000,2.0000,,P36-N01,,,2025-08-20,22,2025-11-06 21:58:01,2026-01-26 07:23:43,VIDEOJET TECHNOLOGIES INT.,Und,1,,,,,COMPRA EXTERIOR,15.00,NO,,,0E-16,,0E-16,,0E-16,,
2026,2,2030 - BODEGA DISPONIBLE PARA LA VENTA GYE,CODIFICACION,VIDEOJET,ACCESORIOS,,152876,152876,,,CONECTOR MACHO RECTO M12 EXTERIOR 5PIN IP69K AC/DC -25…90º C,Unidad,2.0000,0.0000,2.0000,26.2800,52.56,52.8900,29.2000,,,,,B1-P60-F2,,,2025-01-16,237,,2025-06-25 15:37:00,ECUAINSETEC CIA. LTDA.,Und,1,,,,,COMPRA LOCAL,15.00,NO,,,0E-16,,0E-16,,0E-16,,
2026,2,1030 - BODEGA DISPONIBLE PARA LA VENTA UIO,CODIFICACION,VIDEOJET,REPUESTOS,,152877,152877,,,Cassette Mandrel 62/10-30 3.2x10,Unidad,1.0000,0.0000,1.0000,189.3366,189.34,428.8000,168.6400,,,,,P38-N03,,,2025-08-20,457,,2024-11-17 20:06:19,VIDEOJET TECHNOLOGIES INT.,Und,1,,,,,COMPRA EXTERIOR,15.00,NO,,,0E-16,,0E-16,,0E-16,,
2026,2,1030 - BODEGA DISPONIBLE PARA LA VENTA UIO,CODIFICACION,VIDEOJET,REPUESTOS,,152994,152994,,,IMB BOARD 18/80 STD,Unidad,1.0000,0.0000,1.0000,437.3600,437.36,999.6600,389.5500,,,,,P37-N03,,,2025-08-20,457,,2024-11-17 20:06:19,VIDEOJET TECHNOLOGIES INT.,Und,1,,,,,COMPRA EXTERIOR,15.00,NO,,,0E-16,,0E-16,,0E-16,,
2026,2,8003 - REMISIONES GUAYAQUIL,CODIFICACION,VIDEOJET,REPUESTOS,,152990,152990,,,MAINBOARD MCB 15/80 STD_+_C (IP55),Unidad,1.0000,0.0000,1.0000,1585.4926,1585.49,3461.5400,1473.0000,,,,,,,,2025-08-20,118,2025-12-31 11:56:18,2025-10-22 07:26:35,VIDEOJET TECHNOLOGIES INT.,Und,1,,,,,COMPRA EXTERIOR,15.00,NO,,,0E-16,,0E-16,,0E-16,,
2026,2,8002 - REMISIONES QUITO,CODIFICACION,VIDEOJET,REPUESTOS,,152990,152990,,,MAINBOARD MCB 15/80 STD_+_C (IP55),Unidad,1.0000,0.0000,1.0000,1585.4926,1585.49,3461.5400,1473.0000,,,,,,,,2025-08-20,118,2025-11-30 11:13:36,2025-10-22 07:26:35,VIDEOJET TECHNOLOGIES INT.,Und,1,,,,,COMPRA EXTERIOR,15.00,NO,,,0E-16,,0E-16,,0E-16,,
2026,2,1030 - BODEGA DISPONIBLE PARA LA VENTA UIO,CODIFICACION,VIDEOJET,ACCESORIOS,,153012,153012,,,BALIZA TIPO LED 24VDC 36MM,Unidad,1.0000,0.0000,1.0000,50.0400,50.04,100.7100,50.0400,,,,,P35-N05,,,2025-01-16,77,2025-12-02 22:17:23,2025-12-02 12:03:51.857000,SIZA SIMBAÑA ROBERTO MARCELO,Und,1,,,,,COMPRA LOCAL,15.00,NO,,,0E-16,,0E-16,,0E-16,,
2026,2,8020 - POR REGULAR CONTABILIDAD GYE,CODIFICACION,VIDEOJET,REPUESTOS,,153007,153007,,,"MAINBOARD MCB, PL 95/50-60 53_107MIC",Unidad,1.0000,0.0000,1.0000,1877.6222,1877.62,3256.7600,1615.7300,,,,,,,,2025-08-20,284,,2025-05-09 14:56:18,VIDEOJET TECHNOLOGIES INT.,Und,1,,,,,COMPRA EXTERIOR,15.00,NO,,,0E-16,,0E-16,,0E-16,,
2026,2,8003 - REMISIONES GUAYAQUIL,CODIFICACION,VIDEOJET,REPUESTOS,,153007,153007,,,"MAINBOARD MCB, PL 95/50-60 53_107MIC",Unidad,2.0000,0.0000,2.0000,1877.6222,3755.24,3256.7600,1615.7300,,,,,,,,2025-08-20,284,2024-12-31 11:04:04,2025-05-09 14:56:18,VIDEOJET TECHNOLOGIES INT.,Und,1,,,,,COMPRA EXTERIOR,15.00,NO,,,0E-16,,0E-16,,0E-16,,
2026,2,2030 - BODEGA DISPONIBLE PARA LA VENTA GYE,CODIFICACION,VIDEOJET,REPUESTOS,,153005,153005,,,PERF. COVER  18/80_+_UHS,Unidad,2.0000,0.0000,2.0000,213.3167,426.63,441.3500,196.2900,,,,,B1-P56-F2,,,2025-08-20,162,,2025-09-08 13:33:50,VIDEOJET TECHNOLOGIES INT.,Und,1,,,,,COMPRA EXTERIOR,15.00,NO,,,0E-16,,0E-16,,0E-16,,
2026,2,1030 - BODEGA DISPONIBLE PARA LA VENTA UIO,CODIFICACION,VIDEOJET,ACCESORIOS,,153016,153016,,,ACOPLE PAGU FLEX DIAM 40MM LONG 50CM D1=D2=8MM,Unidad,1.0000,0.0000,1.0000,34.0000,34.00,85.8400,40.0000,,,,,P35-N03,,,2025-01-16,449,,2024-11-25 16:48:17.107000,IANDCECONTROL S.A.,Und,1,,,,,COMPRA LOCAL,15.00,NO,,,0E-16,,0E-16,,0E-16,,
2026,2,2021 - MALETÍN TÉCNICOS GYE,CODIFICACION,VIDEOJET,ACCESORIOS,,153016,153016,,,ACOPLE PAGU FLEX DIAM 40MM LONG 50CM D1=D2=8MM,Unidad,1.0000,0.0000,1.0000,34.0000,34.00,85.8400,40.0000,,,,,,,,2025-01-16,449,,2024-11-25 16:48:17.107000,IANDCECONTROL S.A.,Und,1,,,,,COMPRA LOCAL,15.00,NO,,,0E-16,,0E-16,,0E-16,,
2026,2,8002 - REMISIONES QUITO,CODIFICACION,VIDEOJET,ACCESORIOS,,153017,153017,,,AMPLIFICADOR FIB.OPTICA PNP/NPN L.ON/D.ON M8X4 PIN,Unidad,1.0000,0.0000,1.0000,164.1600,164.16,330.3700,164.1600,,,,,,,,2025-01-16,440,,2024-12-04 10:37:57.517000,ECUAINSETEC CIA. LTDA.,Und,1,,,,,COMPRA LOCAL,15.00,NO,,,0E-16,,0E-16,,0E-16,,
2026,2,8002 - REMISIONES QUITO,CODIFICACION,VIDEOJET,ACCESORIOS,,153018,153018,,,FIB.OPTICA TIPO REFLEXION DIFUSA M4-RECTA 2M,Unidad,1.0000,0.0000,1.0000,78.3000,78.30,157.5800,78.3000,,,,,,,,2025-01-16,440,,2024-12-04 10:37:57.517000,ECUAINSETEC CIA. LTDA.,Und,1,,,,,COMPRA LOCAL,15.00,NO,,,0E-16,,0E-16,,0E-16,,
2026,2,2030 - BODEGA DISPONIBLE PARA LA VENTA GYE,CODIFICACION,VIDEOJET,REPUESTOS,,153022,153022,,,"CABLE MAINS,JP,CO2-LASER G4",Unidad,1.0000,0.0000,1.0000,243.1700,243.17,185.4600,106.1400,,0.0000,0.0000,,B1-P60-F1,,,2025-08-20,328,,2025-03-26 07:47:15,VIDEOJET TECHNOLOGIES INT.,Und,1,,,,,COMPRA EXTERIOR,15.00,NO,,,0E-16,,0E-16,,0E-16,,
2026,2,2030 - BODEGA DISPONIBLE PARA LA VENTA GYE,CODIFICACION,VIDEOJET,FLUIDOS,,V4218-L,V4218-L,,,MEK/METIL ETIL CETONA PQT (TINTA NO CONTROLADA) 1 LITRO,Unidad,21.0000,0.0000,21.0000,176.4084,3704.58,333.3900,163.3700,,3.0000,7.0000,,B1-P35-F1,,,2025-08-20,175,2026-01-22 07:56:36,2025-08-26 16:20:00,VIDEOJET TECHNOLOGIES INT.,Und,1,,,,N,COMPRA EXTERIOR,15.00,NO,,,0E-16,,0E-16,,0E-16,,
2026,2,1030 - BODEGA DISPONIBLE PARA LA VENTA UIO,CODIFICACION,VIDEOJET,FLUIDOS,,V4218-L,V4218-L,,,MEK/METIL ETIL CETONA PQT (TINTA NO CONTROLADA) 1 LITRO,Unidad,1.0000,0.0000,1.0000,176.4084,176.41,333.3900,163.3700,,,,,P16-N03,,,2025-08-20,175,,2025-08-26 16:20:00,VIDEOJET TECHNOLOGIES INT.,Und,1,,,,E,COMPRA EXTERIOR,15.00,NO,,,0E-16,,0E-16,,0E-16,,
2026,2,8003 - REMISIONES GUAYAQUIL,CODIFICACION,VIDEOJET,FLUIDOS,,V4218-L,V4218-L,,,MEK/METIL ETIL CETONA PQT (TINTA NO CONTROLADA) 1 LITRO,Unidad,1.0000,0.0000,1.0000,176.4084,176.41,333.3900,163.3700,,,,,,,,2025-08-20,175,2026-01-26 02:25:05,2025-08-26 16:20:00,VIDEOJET TECHNOLOGIES INT.,Und,1,,,,N,COMPRA EXTERIOR,15.00,NO,,,0E-16,,0E-16,,0E-16,,
2026,2,2030 - BODEGA DISPONIBLE PARA LA VENTA GYE,CODIFICACION,VIDEOJET,FLUIDOS,,V7205-L,V7205-L (253094562EG),253094562EG,05/11/2027,MEK/METIL ETIL CETONA PQT (MEK CODIFICACION CONTROLADO) CARTUCHO DE 1 LITRO,Unidad,18.0000,0.0000,18.0000,29.4239,529.63,73.9100,27.2300,2025-12-31 10:12:56.217000,2.0000,3.0000,,,,,2025-08-20,48,,2025-12-31 12:59:21,VIDEOJET TECHNOLOGIES INT.,Und,1,,,,N,COMPRA EXTERIOR,15.00,SI,,,0E-16,,0E-16,,0E-16,,
2026,2,2030 - BODEGA DISPONIBLE PARA LA VENTA GYE,CODIFICACION,VIDEOJET,FLUIDOS,,V7205-L,V7205-L (252022876EG),252022876EG,21/07/2027,MEK/METIL ETIL CETONA PQT (MEK CODIFICACION CONTROLADO) CARTUCHO DE 1 LITRO,Unidad,2.0000,0.0000,2.0000,33.7008,67.40,73.9100,27.2300,2025-08-26 16:04:02.883000,2.0000,3.0000,,,,,2025-08-20,175,2026-01-26 03:01:10,2025-08-26 16:20:00,VIDEOJET TECHNOLOGIES INT.,Und,1,,,,N,COMPRA EXTERIOR,15.00,SI,,,0E-16,,0E-16,,0E-16,,
2026,2,8003 - REMISIONES GUAYAQUIL,CODIFICACION,VIDEOJET,FLUIDOS,,V7205-L,V7205-L (251041496EG),251041496EG,14/04/2027,MEK/METIL ETIL CETONA PQT (MEK CODIFICACION CONTROLADO) CARTUCHO DE 1 LITRO,Unidad,11.0000,0.0000,11.0000,28.5035,313.54,73.9100,27.2300,2025-05-30 09:57:41.730000,,,,,,,2025-08-20,262,,2025-05-31 10:24:21,VIDEOJET TECHNOLOGIES INT.,Und,1,,,,N,COMPRA EXTERIOR,15.00,SI,,,0E-16,,0E-16,,0E-16,,
2026,2,2030 - BODEGA DISPONIBLE PARA LA VENTA GYE,CODIFICACION,VIDEOJET,FLUIDOS,,V7205-L,V7205-L (251041496EG),251041496EG,14/04/2027,MEK/METIL ETIL CETONA PQT (MEK CODIFICACION CONTROLADO) CARTUCHO DE 1 LITRO,Unidad,4.0000,0.0000,4.0000,28.5035,114.01,73.9100,27.2300,2025-05-30 09:57:41.730000,2.0000,3.0000,,,,,2025-08-20,262,2025-12-27 20:05:44,2025-05-31 10:24:21,VIDEOJET TECHNOLOGIES INT.,Und,1,,,,N,COMPRA EXTERIOR,15.00,SI,,,0E-16,,0E-16,,0E-16,,
2026,2,2030 - BODEGA DISPONIBLE PARA LA VENTA GYE,CODIFICACION,VIDEOJET,FLUIDOS,,V7205-L,V7205-L (253254762EG),253254762EG,21/11/2027,MEK/METIL ETIL CETONA PQT (MEK CODIFICACION CONTROLADO) CARTUCHO DE 1 LITRO,Unidad,12.0000,0.0000,12.0000,29.7058,356.47,73.9100,27.2300,2026-01-22 16:39:35.573000,2.0000,3.0000,,,,,2025-08-20,25,,2026-01-23 07:46:41,VIDEOJET TECHNOLOGIES INT.,Und,1,,,,N,COMPRA EXTERIOR,15.00,SI,,,0E-16,,0E-16,,0E-16,,
2026,2,2030 - BODEGA DISPONIBLE PARA LA VENTA GYE,CODIFICACION,MASTERCORP,RIBBON,,M-55X1000 NE350,M-55X1000 NE350,,,RIBBON RESINA/RESINA 55MM X 1000M,Unidad,97.0000,0.0000,97.0000,25.4141,2465.17,80.2800,22.0000,,0.0000,1.0000,,B1-P41-F1,,,2025-01-03,36,2026-01-27 18:47:48,2026-01-12 07:16:32,MASTERCORP DO BRASIL EIRE LI,Und,1,,,,,COMPRA EXTERIOR,15.00,NO,,,0E-16,,0E-16,,0E-16,,
2026,2,1030 - BODEGA DISPONIBLE PARA LA VENTA UIO,CODIFICACION,MASTERCORP,RIBBON,,M-55X1000 NE350,M-55X1000 NE350,,,RIBBON RESINA/RESINA 55MM X 1000M,Unidad,110.0000,0.0000,110.0000,25.4141,2795.55,80.2800,22.0000,,,1.0000,,P24-N02,,,2025-01-03,36,2026-02-05 08:25:23,2026-01-12 07:16:32,MASTERCORP DO BRASIL EIRE LI,Und,1,,,,,COMPRA EXTERIOR,15.00,NO,,,0E-16,,0E-16,,0E-16,,
2026,2,8003 - REMISIONES GUAYAQUIL,CODIFICACION,MASTERCORP,RIBBON,,M-55X1000 NE350,M-55X1000 NE350,,,RIBBON RESINA/RESINA 55MM X 1000M,Unidad,1.0000,0.0000,1.0000,25.4141,25.41,80.2800,22.0000,,,,,,,,2025-01-03,36,,2026-01-12 07:16:32,MASTERCORP DO BRASIL EIRE LI,Und,1,,,,,COMPRA EXTERIOR,15.00,NO,,,0E-16,,0E-16,,0E-16,,
2026,2,8002 - REMISIONES QUITO,CODIFICACION,MASTERCORP,RIBBON,,M-33X1000 NE350,M-33X1000 NE350,,,RIBBON RESINA/RESINA 33MM X 1000M,Unidad,1.0000,0.0000,1.0000,16.0271,16.03,24.0000,13.8600,,,,,,,,2025-01-03,223,2025-07-27 16:54:18,2025-07-09 13:50:28,MASTERCORP DO BRASIL EIRE LI,Und,1,,,,,COMPRA EXTERIOR,15.00,NO,,,0E-16,,0E-16,,0E-16,,
2026,2,1030 - BODEGA DISPONIBLE PARA LA VENTA UIO,CODIFICACION,MASTERCORP,RIBBON,,M-33X1000 NE350,M-33X1000 NE350,,,RIBBON RESINA/RESINA 33MM X 1000M,Unidad,34.0000,0.0000,34.0000,16.0271,544.92,24.0000,13.8600,,,,,P32-N02,,,2025-01-03,223,,2025-07-09 13:50:28,MASTERCORP DO BRASIL EIRE LI,Und,1,,,,,COMPRA EXTERIOR,15.00,NO,,,0E-16,,0E-16,,0E-16,,
2026,2,2030 - BODEGA DISPONIBLE PARA LA VENTA GYE,CODIFICACION,MASTERCORP,RIBBON,,M-110X1000 NE250,M-110X1000 NE250,,,RIBBON CERA/RESINA 110MM X 1000M,Unidad,171.0000,0.0000,171.0000,26.6076,4549.90,79.8800,21.4500,,15.0000,31.0000,,B1-P42-F2,B1-P42-F3,,2025-01-03,36,2026-01-20 08:06:34,2026-01-12 07:16:32,MASTERCORP DO BRASIL EIRE LI,Und,1,,,,,COMPRA EXTERIOR,15.00,NO,,,0E-16,,0E-16,,0E-16,,
2026,2,1030 - BODEGA DISPONIBLE PARA LA VENTA UIO,CODIFICACION,MASTERCORP,RIBBON,,M-110X1000 NE250,M-110X1000 NE250,,,RIBBON CERA/RESINA 110MM X 1000M,Unidad,1.0000,0.0000,1.0000,26.6076,26.61,79.8800,21.4500,,,,,P31-N01,,,2025-01-03,36,2025-06-17 10:31:41,2026-01-12 07:16:32,MASTERCORP DO BRASIL EIRE LI,Und,1,,,,,COMPRA EXTERIOR,15.00,NO,,,0E-16,,0E-16,,0E-16,,
2026,2,8003 - REMISIONES GUAYAQUIL,CODIFICACION,MASTERCORP,RIBBON,,M-110X1000 NE250,M-110X1000 NE250,,,RIBBON CERA/RESINA 110MM X 1000M,Unidad,16.0000,0.0000,16.0000,26.6076,425.72,79.8800,21.4500,,,,,,,,2025-01-03,36,2026-01-31 19:15:07,2026-01-12 07:16:32,MASTERCORP DO BRASIL EIRE LI,Und,1,,,,,COMPRA EXTERIOR,15.00,NO,,,0E-16,,0E-16,,0E-16,,
2026,2,8003 - REMISIONES GUAYAQUIL,CODIFICACION,MASTERCORP,RIBBON,,M-33X1000 NE250,M-33X1000 NE250,,,RIBBON CERA/RESINA 33MM X 1000M,Unidad,15.0000,0.0000,15.0000,7.4179,111.27,25.9000,6.4400,,,,,,,,2025-01-03,36,2026-01-31 19:15:07,2026-01-12 07:16:32,MASTERCORP DO BRASIL EIRE LI,Und,1,,,,,COMPRA EXTERIOR,15.00,NO,,,0E-16,,0E-16,,0E-16,,
2026,2,8002 - REMISIONES QUITO,CODIFICACION,MASTERCORP,RIBBON,,M-33X1000 NE250,M-33X1000 NE250,,,RIBBON CERA/RESINA 33MM X 1000M,Unidad,1.0000,0.0000,1.0000,7.4179,7.42,25.9000,6.4400,,,,,,,,2025-01-03,36,2026-01-31 04:46:30,2026-01-12 07:16:32,MASTERCORP DO BRASIL EIRE LI,Und,1,,,,,COMPRA EXTERIOR,15.00,NO,,,0E-16,,0E-16,,0E-16,,
2026,2,2030 - BODEGA DISPONIBLE PARA LA VENTA GYE,CODIFICACION,MASTERCORP,RIBBON,,M-33X1000 NE250,M-33X1000 NE250,,,RIBBON CERA/RESINA 33MM X 1000M,Unidad,171.0000,0.0000,171.0000,7.4179,1268.46,25.9000,6.4400,,8.0000,15.0000,,B1-P39-F1,B1-P39-F2,,2025-01-03,36,2026-01-09 10:00:23,2026-01-12 07:16:32,MASTERCORP DO BRASIL EIRE LI,Und,1,,,,,COMPRA EXTERIOR,15.00,NO,,,0E-16,,0E-16,,0E-16,,
2026,2,1030 - BODEGA DISPONIBLE PARA LA VENTA UIO,CODIFICACION,MASTERCORP,RIBBON,,M-33X1000 NE250,M-33X1000 NE250,,,RIBBON CERA/RESINA 33MM X 1000M,Unidad,793.0000,0.0000,793.0000,7.4179,5882.39,25.9000,6.4400,,43.0000,87.0000,,P32-N02,,,2025-01-03,36,2025-12-01 07:00:20,2026-01-12 07:16:32,MASTERCORP DO BRASIL EIRE LI,Und,1,,,,,COMPRA EXTERIOR,15.00,NO,,,0E-16,,0E-16,,0E-16,,
2026,2,1030 - BODEGA DISPONIBLE PARA LA VENTA UIO,CODIFICACION,MASTERCORP,RIBBON,,M-55X1000 NE250,M-55X1000 NE250,,,RIBBON CERA/RESINA 55MM X 1000M,Unidad,5.0000,0.0000,5.0000,15.1600,75.80,66.6600,15.1600,,,,,P32-N01,,,2025-01-03,413,,2024-12-31 23:59:00,MASTERCORP DO BRASIL EIRE LI,Und,1,,,,,COMPRA EXTERIOR,15.00,NO,,,0E-16,,0E-16,,0E-16,,
2026,2,8001 - TRANSFERENCIAS EN TRÁNSITO,CODIFICACION,MASTERCORP,RIBBON,,M-55X1000 NE250,M-55X1000 NE250,,,RIBBON CERA/RESINA 55MM X 1000M,Unidad,6.0000,0.0000,6.0000,15.1600,90.96,66.6600,15.1600,,,,,,,,2025-01-03,413,,2024-12-31 23:59:00,MASTERCORP DO BRASIL EIRE LI,Und,1,,,,,COMPRA EXTERIOR,15.00,NO,,,0E-16,,0E-16,,0E-16,,
2026,2,4030 - BODEGA DISPONIBLE PARA LA VENTA MANTA,CODIFICACION,MASTERCORP,RIBBON,,M-55X1000 NE250,M-55X1000 NE250,,,RIBBON CERA/RESINA 55MM X 1000M,Unidad,1.0000,0.0000,1.0000,15.1600,15.16,66.6600,15.1600,,,,,,,,2025-01-03,413,,2024-12-31 23:59:00,MASTERCORP DO BRASIL EIRE LI,Und,1,,,,,COMPRA EXTERIOR,15.00,NO,,,0E-16,,0E-16,,0E-16,,
2026,2,4030 - BODEGA DISPONIBLE PARA LA VENTA MANTA,CODIFICACION,MASTERCORP,RIBBON,,M-33X600 NE350,M-33X600 NE350,,,RIBBON RESINA/RESINA VJ 33MM X 600M,Unidad,1.0000,0.0000,1.0000,9.4803,9.48,20.8800,8.5100,,,,,,,,2025-01-03,36,,2026-01-12 07:16:32,MASTERCORP DO BRASIL EIRE LI,Und,1,,,,,COMPRA EXTERIOR,15.00,NO,,,0E-16,,0E-16,,0E-16,,
2026,2,8003 - REMISIONES GUAYAQUIL,CODIFICACION,MASTERCORP,RIBBON,,M-33X600 NE350,M-33X600 NE350,,,RIBBON RESINA/RESINA VJ 33MM X 600M,Unidad,4.0000,0.0000,4.0000,9.4803,37.92,20.8800,8.5100,,,,,,,,2025-01-03,36,2025-06-29 22:20:13,2026-01-12 07:16:32,MASTERCORP DO BRASIL EIRE LI,Und,1,,,,,COMPRA EXTERIOR,15.00,NO,,,0E-16,,0E-16,,0E-16,,
2026,2,1030 - BODEGA DISPONIBLE PARA LA VENTA UIO,CODIFICACION,MASTERCORP,RIBBON,,M-33X600 NE350,M-33X600 NE350,,,RIBBON RESINA/RESINA VJ 33MM X 600M,Unidad,24.0000,0.0000,24.0000,9.4803,227.53,20.8800,8.5100,,,,,P32-N02,,,2025-01-03,36,2025-03-13 06:49:37,2026-01-12 07:16:32,MASTERCORP DO BRASIL EIRE LI,Und,1,,,,,COMPRA EXTERIOR,15.00,NO,,,0E-16,,0E-16,,0E-16,,
2026,2,2030 - BODEGA DISPONIBLE PARA LA VENTA GYE,CODIFICACION,MASTERCORP,RIBBON,,M-33X600 NE350,M-33X600 NE350,,,RIBBON RESINA/RESINA VJ 33MM X 600M,Unidad,72.0000,0.0000,72.0000,9.4803,682.58,20.8800,8.5100,,0.0000,0.0000,,B1-P45-F3,,,2025-01-03,36,2025-11-14 08:26:26,2026-01-12 07:16:32,MASTERCORP DO BRASIL EIRE LI,Und,1,,,,,COMPRA EXTERIOR,15.00,NO,,,0E-16,,0E-16,,0E-16,,
2026,2,1030 - BODEGA DISPONIBLE PARA LA VENTA UIO,CODIFICACION,MASTERCORP,RIBBON,,M-33X1000 NE270 BL,M-33X1000 NE270 BL,,,RIBBON RESINA/RESINA 33MM X 1000M,Unidad,40.0000,0.0000,40.0000,19.2700,770.80,38.5400,19.2700,,,,,P32-N01,,,2025-01-03,413,,2024-12-31 23:55:00,MASTERCORP DO BRASIL EIRE LI,Und,1,,,,,COMPRA EXTERIOR,15.00,NO,,,0E-16,,0E-16,,0E-16,,
2026,2,2030 - BODEGA DISPONIBLE PARA LA VENTA GYE,CODIFICACION,MASTERCORP,RIBBON,,M-33X600 NE290 PL,M-33X600 NE290 PL,,,RIBBON CERA/RESINA  33MM X 600M,Unidad,10.0000,0.0000,10.0000,16.8500,168.50,27.0400,16.8500,,,,,B1-P40-F3,,,2025-01-03,413,,2024-12-31 23:59:00,MASTERCORP DO BRASIL EIRE LI,Und,1,,,,,COMPRA EXTERIOR,15.00,NO,,,0E-16,,0E-16,,0E-16,,
2026,2,1030 - BODEGA DISPONIBLE PARA LA VENTA UIO,CODIFICACION,MASTERCORP,RIBBON,,M-33X600 NE290 PL,M-33X600 NE290 PL,,,RIBBON CERA/RESINA  33MM X 600M,Unidad,68.0000,0.0000,68.0000,16.8500,1145.80,27.0400,16.8500,,,,,P31-N01,,,2025-01-03,413,,2024-12-31 23:59:00,MASTERCORP DO BRASIL EIRE LI,Und,1,,,,,COMPRA EXTERIOR,15.00,NO,,,0E-16,,0E-16,,0E-16,,
2026,2,1030 - BODEGA DISPONIBLE PARA LA VENTA UIO,CODIFICACION,MASTERCORP,RIBBON,,M-22X600 NE250,M-22X600 NE250,,,RIBBON CERA/RESINA 22MM X 600M,Unidad,203.0000,0.0000,203.0000,3.0934,627.96,10.8600,2.5700,,18.0000,36.0000,,P33-N03,,,2025-01-03,36,,2026-01-12 07:16:32,MASTERCORP DO BRASIL EIRE LI,Und,1,,,,,COMPRA EXTERIOR,15.00,NO,,,0E-16,,0E-16,,0E-16,,
2026,2,8002 - REMISIONES QUITO,CODIFICACION,MASTERCORP,RIBBON,,M-22X600 NE250,M-22X600 NE250,,,RIBBON CERA/RESINA 22MM X 600M,Unidad,50.0000,0.0000,50.0000,3.0934,154.67,10.8600,2.5700,,,,,,,,2025-01-03,36,2026-01-31 04:42:12,2026-01-12 07:16:32,MASTERCORP DO BRASIL EIRE LI,Und,1,,,,,COMPRA EXTERIOR,15.00,NO,,,0E-16,,0E-16,,0E-16,,
2026,2,8002 - REMISIONES QUITO,CODIFICACION,MASTERCORP,RIBBON,,M-33X600 NE250,M-33X600 NE250,,,RIBBON CERA/RESINA 33MM X 600M,Unidad,101.0000,0.0000,101.0000,4.4237,446.79,14.4600,3.8600,,,,,,,,2025-01-03,36,2026-02-09 05:08:58,2026-01-12 07:16:32,MASTERCORP DO BRASIL EIRE LI,Und,1,,,,,COMPRA EXTERIOR,15.00,NO,,,0E-16,,0E-16,,0E-16,,
2026,2,8001 - TRANSFERENCIAS EN TRÁNSITO,CODIFICACION,MASTERCORP,RIBBON,,M-33X600 NE250,M-33X600 NE250,,,RIBBON CERA/RESINA 33MM X 600M,Unidad,125.0000,0.0000,125.0000,4.4237,552.96,14.4600,3.8600,,,,,,,,2025-01-03,36,,2026-01-12 07:16:32,MASTERCORP DO BRASIL EIRE LI,Und,1,,,,,COMPRA EXTERIOR,15.00,NO,,,0E-16,,0E-16,,0E-16,,
2026,2,8003 - REMISIONES GUAYAQUIL,CODIFICACION,MASTERCORP,RIBBON,,M-33X600 NE250,M-33X600 NE250,,,RIBBON CERA/RESINA 33MM X 600M,Unidad,10.0000,0.0000,10.0000,4.4237,44.24,14.4600,3.8600,,,,,,,,2025-01-03,36,2026-01-31 19:19:00,2026-01-12 07:16:32,MASTERCORP DO BRASIL EIRE LI,Und,1,,,,,COMPRA EXTERIOR,15.00,NO,,,0E-16,,0E-16,,0E-16,,
2026,2,2030 - BODEGA DISPONIBLE PARA LA VENTA GYE,CODIFICACION,MASTERCORP,RIBBON,,M-33X600 NE250,M-33X600 NE250,,,RIBBON CERA/RESINA 33MM X 600M,Unidad,237.0000,0.0000,237.0000,4.4237,1048.42,14.4600,3.8600,,24.0000,48.0000,,B1-P45-F2,,,2025-01-03,36,2026-02-12 06:51:01,2026-01-12 07:16:32,MASTERCORP DO BRASIL EIRE LI,Und,1,,,,,COMPRA EXTERIOR,15.00,NO,,,0E-16,,0E-16,,0E-16,,
2026,2,1030 - BODEGA DISPONIBLE PARA LA VENTA UIO,CODIFICACION,MASTERCORP,RIBBON,,M-33X600 NE250,M-33X600 NE250,,,RIBBON CERA/RESINA 33MM X 600M,Unidad,899.0000,0.0000,899.0000,4.4237,3976.91,14.4600,3.8600,,39.0000,79.0000,,P24-N02,,,2025-01-03,36,2026-02-12 12:53:35,2026-01-12 07:16:32,MASTERCORP DO BRASIL EIRE LI,Und,1,,,,,COMPRA EXTERIOR,15.00,NO,,,0E-16,,0E-16,,0E-16,,
2026,2,2031 - BODEGA EQUIPOS USADOS OPERATIVOS GYE,CODIFICACION,VIDEOJET,REPUESTOS,,153024,153024,,,Ink Regulator Assembly 18-80+_UHS,Unidad,1.0000,0.0000,1.0000,1196.1300,1196.13,2551.1200,1129.0100,,,,,,,,2025-08-20,5,,2026-02-12 15:00:55.323000,VIDEOJET TECHNOLOGIES INT.,Und,1,,,,,COMPRA EXTERIOR,15.00,NO,,,0E-16,,0E-16,,0E-16,,
2026,2,8001 - TRANSFERENCIAS EN TRÁNSITO,CODIFICACION,VIDEOJET,REPUESTOS,,153024,153024,,,Ink Regulator Assembly 18-80+_UHS,Unidad,2.0000,0.0000,2.0000,1196.1300,2392.26,2551.1200,1129.0100,,,,,,,,2025-08-20,5,,2026-02-12 15:00:55.323000,VIDEOJET TECHNOLOGIES INT.,Und,1,,,,,COMPRA EXTERIOR,15.00,NO,,,0E-16,,0E-16,,0E-16,,
2026,2,8002 - REMISIONES QUITO,CODIFICACION,VIDEOJET,REPUESTOS,,153024,153024,,,Ink Regulator Assembly 18-80+_UHS,Unidad,2.0000,0.0000,2.0000,1196.1300,2392.26,2551.1200,1129.0100,,,,,,,,2025-08-20,5,2025-12-31 20:15:32,2026-02-12 15:00:55.323000,VIDEOJET TECHNOLOGIES INT.,Und,1,,,,,COMPRA EXTERIOR,15.00,NO,,,0E-16,,0E-16,,0E-16,,
2026,2,2030 - BODEGA DISPONIBLE PARA LA VENTA GYE,CODIFICACION,VIDEOJET,REPUESTOS,,153026,153026,,,High Speed RUI Cable -5m,Unidad,4.0000,0.0000,4.0000,224.6600,898.64,527.9500,224.6600,,,,,B1-P59-F1,,,2025-08-20,12,2025-08-13 18:13:20,2026-02-05 16:41:57.610000,VIDEOJET TECHNOLOGIES INT.,Und,1,,,,,COMPRA EXTERIOR,15.00,NO,,,0E-16,,0E-16,,0E-16,,
2026,2,2030 - BODEGA DISPONIBLE PARA LA VENTA GYE,CODIFICACION,VIDEOJET,ACCESORIOS,,153027,153027,,,UPS FZA 500VA/250W 6 SALIDAS 120V,Unidad,2.0000,0.0000,2.0000,37.6948,75.39,95.5800,37.7400,,,,,B1-P59-F2,,,2025-01-15,113,2025-12-19 10:06:48,2025-10-27 07:14:00,TRADEVISEC S.A.,Und,1,,,,,COMPRA LOCAL,15.00,NO,,,0E-16,,0E-16,,0E-16,,
2026,2,1030 - BODEGA DISPONIBLE PARA LA VENTA UIO,CODIFICACION,VIDEOJET,ACCESORIOS,,153027,153027,,,UPS FZA 500VA/250W 6 SALIDAS 120V,Unidad,2.0000,0.0000,2.0000,37.6948,75.39,95.5800,37.7400,,2.0000,3.0000,,PALET,,,2025-01-15,113,2025-12-17 15:48:20,2025-10-27 07:14:00,TRADEVISEC S.A.,Und,1,,,,,COMPRA LOCAL,15.00,NO,,,0E-16,,0E-16,,0E-16,,
2026,2,4030 - BODEGA DISPONIBLE PARA LA VENTA MANTA,CODIFICACION,VIDEOJET,ACCESORIOS,,153027,153027,,,UPS FZA 500VA/250W 6 SALIDAS 120V,Unidad,5.0000,0.0000,5.0000,37.6948,188.47,95.5800,37.7400,,,,,,,,2025-01-15,113,,2025-10-27 07:14:00,TRADEVISEC S.A.,Und,1,,,,,COMPRA LOCAL,15.00,NO,,,0E-16,,0E-16,,0E-16,,
2026,2,8003 - REMISIONES GUAYAQUIL,CODIFICACION,VIDEOJET,ACCESORIOS,,153027,153027,,,UPS FZA 500VA/250W 6 SALIDAS 120V,Unidad,2.0000,0.0000,2.0000,37.6948,75.39,95.5800,37.7400,,,,,,,,2025-01-15,113,2026-01-31 19:00:33,2025-10-27 07:14:00,TRADEVISEC S.A.,Und,1,,,,,COMPRA LOCAL,15.00,NO,,,0E-16,,0E-16,,0E-16,,
2026,2,8002 - REMISIONES QUITO,CODIFICACION,VIDEOJET,ACCESORIOS,,153027,153027,,,UPS FZA 500VA/250W 6 SALIDAS 120V,Unidad,2.0000,0.0000,2.0000,37.6948,75.39,95.5800,37.7400,,,,,,,,2025-01-15,113,2026-01-31 04:57:43,2025-10-27 07:14:00,TRADEVISEC S.A.,Und,1,,,,,COMPRA LOCAL,15.00,NO,,,0E-16,,0E-16,,0E-16,,
2026,2,2031 - BODEGA EQUIPOS USADOS OPERATIVOS GYE,CODIFICACION,VIDEOJET,ACCESORIOS,,153028,153028,,,UPS FZA 1000VA/500W 6 SALIDAS 120V,Unidad,1.0000,0.0000,1.0000,58.8500,58.85,187.7000,58.8500,,,,,,,,2025-01-15,159,,2025-09-11 12:26:09.210000,TRADEVISEC S.A.,Und,1,,,,,COMPRA LOCAL,15.00,NO,,,0E-16,,0E-16,,0E-16,,
2026,2,2030 - BODEGA DISPONIBLE PARA LA VENTA GYE,CODIFICACION,VIDEOJET,CINTAS,,15-S55KQ5-L,15-S55KQ5-L,,,"THERMAL TRANSFER RIBBON, BLACK,  55 MM X 600M, STANDARD - L",Unidad,20.0000,0.0000,20.0000,21.7600,435.20,50.6100,21.7600,,,,,B1-P39-F2,,,2025-08-20,348,2025-09-18 14:35:24,2025-03-06 06:15:15,VIDEOJET TECHNOLOGIES INT.,Und,1,,,,,COMPRA EXTERIOR,15.00,NO,,,0E-16,,0E-16,,0E-16,,
2026,2,2030 - BODEGA DISPONIBLE PARA LA VENTA GYE,CODIFICACION,VIDEOJET,REPUESTOS,,153036,153036,,,"Ink Injector 5x10 mic 1880 uhs, Natural",Unidad,3.0000,0.0000,3.0000,1136.1667,3408.50,2493.2700,1060.9600,,,,,B1-P55-F5,,,2025-08-20,95,,2025-11-14 07:16:44,VIDEOJET TECHNOLOGIES INT.,Und,1,,,,,COMPRA EXTERIOR,15.00,NO,,,0E-16,,0E-16,,0E-16,,
2026,2,8003 - REMISIONES GUAYAQUIL,CODIFICACION,VIDEOJET,REPUESTOS,,153036,153036,,,"Ink Injector 5x10 mic 1880 uhs, Natural",Unidad,2.0000,0.0000,2.0000,1136.1667,2272.33,2493.2700,1060.9600,,,,,,,,2025-08-20,95,2025-11-30 04:50:21,2025-11-14 07:16:44,VIDEOJET TECHNOLOGIES INT.,Und,1,,,,,COMPRA EXTERIOR,15.00,NO,,,0E-16,,0E-16,,0E-16,,
2026,2,2030 - BODEGA DISPONIBLE PARA LA VENTA GYE,CODIFICACION,VIDEOJET,REPUESTOS,,153010,153010,,,Coding module PCB - 10.7x10 65/30 LH,Unidad,1.0000,0.0000,1.0000,217.9800,217.98,471.7800,198.8100,,,,,B1-P57-F7,,,2025-08-20,316,,2025-04-07 08:04:51,VIDEOJET TECHNOLOGIES INT.,Und,1,,,,,COMPRA EXTERIOR,15.00,NO,,,0E-16,,0E-16,,0E-16,,
2026,2,2030 - BODEGA DISPONIBLE PARA LA VENTA GYE,CODIFICACION,VIDEOJET,ACCESORIOS,,SOP_LPA_L,SOP_LPA_L,,,SOPORTE P-EQUIPO ETIQUETADOR LPA 9550/9560 VERTICAL,Unidad,1.0000,0.0000,1.0000,1077.9300,1077.93,1500.0000,1077.9300,,,,,,,,2025-04-10,262,,2025-05-31 10:11:00,VILLON CONSUEGRA NESTOR GONZALO,Und,1,,,,,COMPRA LOCAL,15.00,NO,,,0E-16,,0E-16,,0E-16,,
2026,2,8003 - REMISIONES GUAYAQUIL,CODIFICACION,VIDEOJET,MÁQUINAS,,S9560-00-L210,S9560-00-L210 (25090010PWD),25090010PWD,,"VJ9560, WORLD, LH, 107, DIRECT",Unidad,1.0000,0.0000,1.0000,7265.6500,7265.65,16000.0000,6584.9000,2025-04-21 09:59:25.817000,,,,,,,2025-04-16,301,,2025-04-22 07:02:09,VIDEOJET TECHNOLOGIES INT.,Und,1,,,,,COMPRA EXTERIOR,15.00,NO,,,0E-16,,0E-16,,0E-16,,
2026,2,2030 - BODEGA DISPONIBLE PARA LA VENTA GYE,CODIFICACION,VIDEOJET,MÁQUINAS,,S9560-00-L210,S9560-00-L210 (25090013PWD),25090013PWD,,"VJ9560, WORLD, LH, 107, DIRECT",Unidad,1.0000,0.0000,1.0000,7265.6500,7265.65,16000.0000,6584.9000,2025-04-21 09:59:26.037000,,,,,,,2025-04-16,301,,2025-04-22 07:02:09,VIDEOJET TECHNOLOGIES INT.,Und,1,,,,,COMPRA EXTERIOR,15.00,NO,,,0E-16,,0E-16,,0E-16,,
2026,2,2025 - TALLER INOPERATIVO GYE,CODIFICACION,VIDEOJET,MÁQUINAS,,S9560-00-L210,S9560-00-L210 (25147018PWD),25147018PWD,,"VJ9560, WORLD, LH, 107, DIRECT",Unidad,1.0000,0.0000,1.0000,7262.3600,7262.36,16000.0000,6584.9000,2025-07-16 10:53:24.017000,,,,,,,2025-04-16,214,,2025-07-18 08:19:45,VIDEOJET TECHNOLOGIES INT.,Und,1,,,,,COMPRA EXTERIOR,15.00,NO,,,0E-16,,0E-16,,0E-16,,
2026,2,2025 - TALLER INOPERATIVO GYE,CODIFICACION,VIDEOJET,MÁQUINAS,,S9560-00-R210,S9560-00-R210 (25147019PWD),25147019PWD,,"VJ9560, WORLD, RH, 107, DIRECT",Unidad,1.0000,0.0000,1.0000,7262.3600,7262.36,16000.0000,6584.9000,2025-07-16 10:53:24.017000,,,,,,,2025-04-16,214,,2025-07-18 08:19:45,VIDEOJET TECHNOLOGIES INT.,Und,1,,,,,COMPRA EXTERIOR,15.00,NO,,,0E-16,,0E-16,,0E-16,,
2026,2,8003 - REMISIONES GUAYAQUIL,CODIFICACION,VIDEOJET,MÁQUINAS,,S9560-00-R210,S9560-00-R210 (25091001PWD),25091001PWD,,"VJ9560, WORLD, RH, 107, DIRECT",Unidad,1.0000,0.0000,1.0000,7265.6500,7265.65,16000.0000,6584.9000,2025-04-21 09:59:26.050000,,,,,,,2025-04-16,301,,2025-04-22 07:02:09,VIDEOJET TECHNOLOGIES INT.,Und,1,,,,,COMPRA EXTERIOR,15.00,NO,,,0E-16,,0E-16,,0E-16,,
2026,2,8003 - REMISIONES GUAYAQUIL,CODIFICACION,VIDEOJET,REPUESTOS,,153041,153041,,,Ink Injector 6x10 mic 1880 STD_+_Natural,Unidad,1.0000,0.0000,1.0000,1089.1641,1089.16,2265.9500,1034.3900,,,,,,,,2025-08-20,5,2025-10-31 05:22:30,2026-02-12 15:00:55.323000,VIDEOJET TECHNOLOGIES INT.,Und,1,,,,,COMPRA EXTERIOR,15.00,NO,,,0E-16,,0E-16,,0E-16,,
2026,2,2031 - BODEGA EQUIPOS USADOS OPERATIVOS GYE,CODIFICACION,VIDEOJET,REPUESTOS,,153041,153041,,,Ink Injector 6x10 mic 1880 STD_+_Natural,Unidad,1.0000,0.0000,1.0000,1089.1641,1089.16,2265.9500,1034.3900,,,,,,,,2025-08-20,5,,2026-02-12 15:00:55.323000,VIDEOJET TECHNOLOGIES INT.,Und,1,,,,,COMPRA EXTERIOR,15.00,NO,,,0E-16,,0E-16,,0E-16,,
2026,2,8004 - REMISIONES MANTA,CODIFICACION,VIDEOJET,REPUESTOS,,153041,153041,,,Ink Injector 6x10 mic 1880 STD_+_Natural,Unidad,1.0000,0.0000,1.0000,1089.1641,1089.16,2265.9500,1034.3900,,,,,,,,2025-08-20,5,,2026-02-12 15:00:55.323000,VIDEOJET TECHNOLOGIES INT.,Und,1,,,,,COMPRA EXTERIOR,15.00,NO,,,0E-16,,0E-16,,0E-16,,
2026,2,8001 - TRANSFERENCIAS EN TRÁNSITO,CODIFICACION,VIDEOJET,REPUESTOS,,153041,153041,,,Ink Injector 6x10 mic 1880 STD_+_Natural,Unidad,1.0000,0.0000,1.0000,1089.1641,1089.16,2265.9500,1034.3900,,,,,,,,2025-08-20,5,,2026-02-12 15:00:55.323000,VIDEOJET TECHNOLOGIES INT.,Und,1,,,,,COMPRA EXTERIOR,15.00,NO,,,0E-16,,0E-16,,0E-16,,
2026,2,2021 - MALETÍN TÉCNICOS GYE,CODIFICACION,VIDEOJET,REPUESTOS,,153041,153041,,,Ink Injector 6x10 mic 1880 STD_+_Natural,Unidad,1.0000,0.0000,1.0000,1089.1641,1089.16,2265.9500,1034.3900,,,,,,,,2025-08-20,5,,2026-02-12 15:00:55.323000,VIDEOJET TECHNOLOGIES INT.,Und,1,,,,,COMPRA EXTERIOR,15.00,NO,,,0E-16,,0E-16,,0E-16,,
2026,2,2030 - BODEGA DISPONIBLE PARA LA VENTA GYE,CODIFICACION,VIDEOJET,REPUESTOS,,153041,153041,,,Ink Injector 6x10 mic 1880 STD_+_Natural,Unidad,2.0000,0.0000,2.0000,1089.1641,2178.33,2265.9500,1034.3900,,,,,B1-P60-F4,,,2025-08-20,5,2025-07-22 17:11:51,2026-02-12 15:00:55.323000,VIDEOJET TECHNOLOGIES INT.,Und,1,,,,,COMPRA EXTERIOR,15.00,NO,,,0E-16,,0E-16,,0E-16,,
2026,2,8003 - REMISIONES GUAYAQUIL,CODIFICACION,VIDEOJET,REPUESTOS,,153046,153046,,,"BANDA V, ETIQ. 210",Unidad,1.0000,0.0000,1.0000,121.1000,121.10,229.3800,92.9600,,,,,,,,2025-08-20,284,,2025-05-09 14:56:18,VIDEOJET TECHNOLOGIES INT.,Und,1,,,,,COMPRA EXTERIOR,15.00,NO,,,0E-16,,0E-16,,0E-16,,
2026,2,2030 - BODEGA DISPONIBLE PARA LA VENTA GYE,CODIFICACION,VIDEOJET,REPUESTOS,,153050,153050,,,"COMPLETE LASER TUBE 33/40, Vi30, 3x10 W, 9.3um",Unidad,1.0000,0.0000,1.0000,8913.2900,8913.29,18542.3400,7589.2000,,,,,,,,2025-08-20,22,2025-06-13 06:58:50,2026-01-26 08:16:32,VIDEOJET TECHNOLOGIES INT.,Und,1,,,,,COMPRA EXTERIOR,15.00,NO,,,0E-16,,0E-16,,0E-16,,
2026,2,8003 - REMISIONES GUAYAQUIL,CODIFICACION,VIDEOJET,FLUIDOS,,V4226-E,V4226-E,,,INK (TINTA NO CONTROLADA)  700 ML   AMARILLA,Unidad,2.0000,0.0000,2.0000,90.2850,180.57,232.4300,82.5100,,,,,,,,2025-05-14,238,,2025-06-24 11:10:53,VIDEOJET TECHNOLOGIES INT.,Und,1,,,,,COMPRA EXTERIOR,15.00,NO,,,0E-16,,0E-16,,0E-16,,
2026,2,2080 - PRÓXIMOS VENCIMIENTOS GYE,CODIFICACION,VIDEOJET,FLUIDOS,,V4226-E,V4226-E,,,INK (TINTA NO CONTROLADA)  700 ML   AMARILLA,Unidad,2.0000,0.0000,2.0000,90.2850,180.57,232.4300,82.5100,,,,,,,,2025-05-14,238,,2025-06-24 11:10:53,VIDEOJET TECHNOLOGIES INT.,Und,1,,,,,COMPRA EXTERIOR,15.00,NO,,,0E-16,,0E-16,,0E-16,,
2026,2,8003 - REMISIONES GUAYAQUIL,CODIFICACION,VIDEOJET,FLUIDOS,,V7220-D,V7220-D (251221756EG),251221756EG,02/05/2027,MEK/METIL ETIL CETONA PQT (MEK CODIFICACION CONTROLADO) CARTUCHO DE 0.75 LITROS,Unidad,1.0000,0.0000,1.0000,23.8867,23.89,43.7200,22.9200,2025-06-24 09:11:51.687000,,,,,,,2025-05-14,238,,2025-06-24 11:10:53,VIDEOJET TECHNOLOGIES INT.,Und,1,,,,,COMPRA EXTERIOR,15.00,SI,,,0E-16,,0E-16,,0E-16,,
2026,2,2030 - BODEGA DISPONIBLE PARA LA VENTA GYE,CODIFICACION,VIDEOJET,FLUIDOS,,V7220-D,V7220-D (251221756EG),251221756EG,02/05/2027,MEK/METIL ETIL CETONA PQT (MEK CODIFICACION CONTROLADO) CARTUCHO DE 0.75 LITROS,Unidad,4.0000,0.0000,4.0000,23.8867,95.55,43.7200,22.9200,2025-06-24 09:11:51.687000,,,,,,,2025-05-14,238,2025-08-31 04:24:53,2025-06-24 11:10:53,VIDEOJET TECHNOLOGIES INT.,Und,1,,,,,COMPRA EXTERIOR,15.00,SI,,,0E-16,,0E-16,,0E-16,,
2026,2,2030 - BODEGA DISPONIBLE PARA LA VENTA GYE,CODIFICACION,VIDEOJET,FLUIDOS,,V7220-D,V7220-D (253104580EG),253104580EG,06/11/2027,MEK/METIL ETIL CETONA PQT (MEK CODIFICACION CONTROLADO) CARTUCHO DE 0.75 LITROS,Unidad,6.0000,0.0000,6.0000,25.0067,150.04,43.7200,22.9200,2026-01-22 16:39:35.637000,,,,,,,2025-05-14,25,,2026-01-23 07:46:41,VIDEOJET TECHNOLOGIES INT.,Und,1,,,,,COMPRA EXTERIOR,15.00,SI,,,0E-16,,0E-16,,0E-16,,
2026,2,2080 - PRÓXIMOS VENCIMIENTOS GYE,CODIFICACION,VIDEOJET,FLUIDOS,,V4274-D,V4274-D,,,INK (TINTA NO CONTROLADA)  750 ML   NEGRO,Unidad,1.0000,0.0000,1.0000,118.2900,118.29,195.0000,109.0000,,,,,,,,2025-06-03,201,,2025-07-31 07:11:52,VIDEOJET TECHNOLOGIES INT.,Und,1,,,,,COMPRA EXTERIOR,15.00,NO,,,0E-16,,0E-16,,0E-16,,
2026,2,8004 - REMISIONES MANTA,CODIFICACION,VIDEOJET,FLUIDOS,,V4274-D,V4274-D,,,INK (TINTA NO CONTROLADA)  750 ML   NEGRO,Unidad,1.0000,0.0000,1.0000,118.2900,118.29,195.0000,109.0000,,,,,,,,2025-06-03,201,,2025-07-31 07:11:52,VIDEOJET TECHNOLOGIES INT.,Und,1,,,,,COMPRA EXTERIOR,15.00,NO,,,0E-16,,0E-16,,0E-16,,
2026,2,2020 - TALLER OPERATIVO GYE,CODIFICACION,VIDEOJET,ACCESORIOS,,153057,153057,,,CONECTOR HEMBRA RECTO M12 INTERIOR 5PIN,Unidad,1.0000,0.0000,1.0000,26.2800,26.28,50.3700,29.2000,,,,,,,,2025-06-23,237,,2025-06-25 15:37:00,ECUAINSETEC CIA. LTDA.,Und,1,,,,,COMPRA LOCAL,15.00,NO,,,0E-16,,0E-16,,0E-16,,
2026,2,2030 - BODEGA DISPONIBLE PARA LA VENTA GYE,CODIFICACION,VIDEOJET,ACCESORIOS,,153057,153057,,,CONECTOR HEMBRA RECTO M12 INTERIOR 5PIN,Unidad,2.0000,0.0000,2.0000,26.2800,52.56,50.3700,29.2000,,,,,B1-P60-F3,,,2025-06-23,237,,2025-06-25 15:37:00,ECUAINSETEC CIA. LTDA.,Und,1,,,,,COMPRA LOCAL,15.00,NO,,,0E-16,,0E-16,,0E-16,,
2026,2,1030 - BODEGA DISPONIBLE PARA LA VENTA UIO,CODIFICACION,VIDEOJET,CINTAS,,"15-S27,5KQ-600-L","15-S27,5KQ-600-L",,,"TT RIBBON, BLACK, 27.5 MM X 600 M, STANDAR - L",Unidad,2.0000,0.0000,2.0000,10.8800,21.76,30.8000,10.8800,,,,,P34-N03,,,2025-07-14,102,2025-07-17 20:33:15,2025-11-07 12:12:05,VIDEOJET TECHNOLOGIES INT.,Und,1,,,,,COMPRA EXTERIOR,15.00,NO,,,0E-16,,0E-16,,0E-16,,
2026,2,8002 - REMISIONES QUITO,CODIFICACION,VIDEOJET,CINTAS,,"15-S27,5KQ-600-L","15-S27,5KQ-600-L",,,"TT RIBBON, BLACK, 27.5 MM X 600 M, STANDAR - L",Unidad,65.0000,0.0000,65.0000,10.8800,707.20,30.8000,10.8800,,,,,,,,2025-07-14,102,2025-10-27 01:41:43,2025-11-07 12:12:05,VIDEOJET TECHNOLOGIES INT.,Und,1,,,,,COMPRA EXTERIOR,15.00,NO,,,0E-16,,0E-16,,0E-16,,
2026,2,4030 - BODEGA DISPONIBLE PARA LA VENTA MANTA,CODIFICACION,VIDEOJET,ACCESORIOS,,153065,153065,,,Sensor Inductive. 18-8DP M18 PNP-NO ALC:14MM 12-24VDC,Unidad,1.0000,0.0000,1.0000,36.0000,36.00,69.0000,36.0000,,,,,,,,2025-07-15,60,,2025-12-19 08:07:33.710000,SIZA SIMBAÑA ROBERTO MARCELO,Und,1,,,,,COMPRA LOCAL,15.00,NO,,,0E-16,,0E-16,,0E-16,,
2026,2,1030 - BODEGA DISPONIBLE PARA LA VENTA UIO,CODIFICACION,VIDEOJET,ACCESORIOS,,153070,153070,,,"AMPLIFICADOR, RED, PNP, 12-24VDC, QD",Unidad,1.0000,0.0000,1.0000,117.5500,117.55,250.3400,130.6100,,,,,P35-N05,,,2025-08-06,155,,2025-09-15 10:37:00,ECUAINSETEC CIA. LTDA.,Und,1,,,,,COMPRA LOCAL,15.00,NO,,,0E-16,,0E-16,,0E-16,,
2026,2,1030 - BODEGA DISPONIBLE PARA LA VENTA UIO,CODIFICACION,VIDEOJET,ACCESORIOS,,153071,153071,,,QD CONNECTOR WITH 5M MAIN CABLE SIDE BY SIDE,Unidad,1.0000,0.0000,1.0000,24.5800,24.58,52.3400,27.3100,,,,,P35-N05,,,2025-08-06,155,,2025-09-15 10:37:00,ECUAINSETEC CIA. LTDA.,Und,1,,,,,COMPRA LOCAL,15.00,NO,,,0E-16,,0E-16,,0E-16,,
2026,2,2030 - BODEGA DISPONIBLE PARA LA VENTA GYE,CODIFICACION,VIDEOJET,REPUESTOS,,153091,153091,,,"FILTER MDS1, 1580C",Unidad,1.0000,1.0000,2.0000,198.8100,397.62,532.6200,198.8100,,,,,B1-P56-F1,,,2025-08-28,5,,2026-02-12 15:00:55.323000,VIDEOJET TECHNOLOGIES INT.,Und,1,,,,,COMPRA EXTERIOR,15.00,NO,,,0E-16,,0E-16,,0E-16,,
2026,2,2030 - BODEGA DISPONIBLE PARA LA VENTA GYE,CODIFICACION,VIDEOJET,ACCESORIOS,,LE0003,LE0003,,,RODILLO DE GOMA COMPLETO 900mm +EJE (TTO),Unidad,1.0000,0.0000,1.0000,386.3500,386.35,795.1000,386.3500,,,,,B1-P60-F1,,,2025-08-28,148,,2025-09-22 07:36:00,VILLON CONSUEGRA NESTOR GONZALO,Und,1,,,,,COMPRA LOCAL,15.00,NO,,,0E-16,,0E-16,,0E-16,,
2026,2,1030 - BODEGA DISPONIBLE PARA LA VENTA UIO,CODIFICACION,VIDEOJET,ACCESORIOS,,LE0003,LE0003,,,RODILLO DE GOMA COMPLETO 900mm +EJE (TTO),Unidad,1.0000,0.0000,1.0000,386.3500,386.35,795.1000,386.3500,,,,,,,,2025-08-28,148,2025-12-18 14:54:17,2025-09-22 07:36:00,VILLON CONSUEGRA NESTOR GONZALO,Und,1,,,,,COMPRA LOCAL,15.00,NO,,,0E-16,,0E-16,,0E-16,,
2026,2,8002 - REMISIONES QUITO,CODIFICACION,VIDEOJET,CINTAS,,15-P33KQ5-450L,15-P33KQ5-450L,,,"THERMAL TRANSFER RIBBON, BLACK, 33 MM X 450 M, SUPER STANDARD L",Unidad,25.0000,0.0000,25.0000,20.6250,515.63,63.3000,19.3187,,,,,,,,2025-09-09,161,2025-10-27 01:24:23,2025-09-09 07:12:03.627000,CORPORACION DE REPRESENTACIONES Y SERVICIOS TECNICOS COREPTEC S.A.,Und,1,,,,,COMPRA LOCAL,15.00,NO,,,0E-16,,0E-16,,0E-16,,
2026,2,8001 - TRANSFERENCIAS EN TRÁNSITO,CODIFICACION,VIDEOJET,CINTAS,,15-P33KQ5-450L,15-P33KQ5-450L,,,"THERMAL TRANSFER RIBBON, BLACK, 33 MM X 450 M, SUPER STANDARD L",Unidad,25.0000,0.0000,25.0000,20.6250,515.63,63.3000,19.3187,,,,,,,,2025-09-09,161,,2025-09-09 07:12:03.627000,CORPORACION DE REPRESENTACIONES Y SERVICIOS TECNICOS COREPTEC S.A.,Und,1,,,,,COMPRA LOCAL,15.00,NO,,,0E-16,,0E-16,,0E-16,,
2026,2,1030 - BODEGA DISPONIBLE PARA LA VENTA UIO,CODIFICACION,VIDEOJET,CINTAS,,15-P33KQ5-450L,15-P33KQ5-450L,,,"THERMAL TRANSFER RIBBON, BLACK, 33 MM X 450 M, SUPER STANDARD L",Unidad,58.0000,0.0000,58.0000,20.6250,1196.25,63.3000,19.3187,,,,,P34-N03,,,2025-09-09,161,,2025-09-09 07:12:03.627000,CORPORACION DE REPRESENTACIONES Y SERVICIOS TECNICOS COREPTEC S.A.,Und,1,,,,,COMPRA LOCAL,15.00,NO,,,0E-16,,0E-16,,0E-16,,
2026,2,2021 - MALETÍN TÉCNICOS GYE,CODIFICACION,VIDEOJET,ACCESORIOS,,LE0017,LE0017,,,SENSOR FOTOELECTRICO DE BARRERA GL6 SICK,Unidad,1.0000,0.0000,1.0000,190.0000,190.00,364.1700,190.0000,,,,,,,,2025-09-29,138,,2025-10-02 10:28:29.627000,SENSORCONTROL SENSORES Y CONTROLADORES S.A,Und,1,,,,,COMPRA LOCAL,15.00,NO,,,0E-16,,0E-16,,0E-16,,
2026,2,2021 - MALETÍN TÉCNICOS GYE,CODIFICACION,VIDEOJET,ACCESORIOS,,LE0018,LE0018,,,CABLE CONECTOR RECTO HEMBRA M8 4H 5MTS,Unidad,1.0000,0.0000,1.0000,32.0000,32.00,61.3300,32.0000,,,,,,,,2025-09-29,138,,2025-10-02 10:28:29.627000,SENSORCONTROL SENSORES Y CONTROLADORES S.A,Und,1,,,,,COMPRA LOCAL,15.00,NO,,,0E-16,,0E-16,,0E-16,,
2026,2,2030 - BODEGA DISPONIBLE PARA LA VENTA GYE,CODIFICACION,VIDEOJET,REPUESTOS,,153116,153116,,,RESERVOIR AIR/FILTER 23-51/61/80,Unidad,2.0000,0.0000,2.0000,39.0300,78.06,66.3200,39.0300,,,,,B1-P57-F3,,,2025-10-05,12,,2026-02-05 16:41:57.610000,VIDEOJET TECHNOLOGIES INT.,Und,1,,,,,COMPRA EXTERIOR,15.00,NO,,,0E-16,,0E-16,,0E-16,,
2026,2,8002 - REMISIONES QUITO,CODIFICACION,VIDEOJET,ACCESORIOS,,LE0019,LE0019,,,CONSOLA DE ACERO INOX. STD 1580/1880/1280 CON RUEDAS,Unidad,1.0000,0.0000,1.0000,95.0000,95.00,251.5900,95.0000,,,,,,,,2025-10-15,4,,2026-02-13 09:28:21.623000,CEDEÑO CONTRERAS CESAR PATRICIO,Und,1,,,,,COMPRA LOCAL,15.00,NO,,,0E-16,,0E-16,,0E-16,,
2026,2,1030 - BODEGA DISPONIBLE PARA LA VENTA UIO,CODIFICACION,VIDEOJET,ACCESORIOS,,LE0019,LE0019,,,CONSOLA DE ACERO INOX. STD 1580/1880/1280 CON RUEDAS,Unidad,2.0000,0.0000,2.0000,95.0000,190.00,251.5900,95.0000,,,,,,,,2025-10-15,4,2025-12-19 05:52:28,2026-02-13 09:28:21.623000,CEDEÑO CONTRERAS CESAR PATRICIO,Und,1,,,,,COMPRA LOCAL,15.00,NO,,,0E-16,,0E-16,,0E-16,,
2026,2,4030 - BODEGA DISPONIBLE PARA LA VENTA MANTA,CODIFICACION,VIDEOJET,ACCESORIOS,,LE0019,LE0019,,,CONSOLA DE ACERO INOX. STD 1580/1880/1280 CON RUEDAS,Unidad,2.0000,0.0000,2.0000,95.0000,190.00,251.5900,95.0000,,,,,,,,2025-10-15,4,,2026-02-13 09:28:21.623000,CEDEÑO CONTRERAS CESAR PATRICIO,Und,1,,,,,COMPRA LOCAL,15.00,NO,,,0E-16,,0E-16,,0E-16,,
2026,2,2030 - BODEGA DISPONIBLE PARA LA VENTA GYE,CODIFICACION,VIDEOJET,ACCESORIOS,,LE0019,LE0019,,,CONSOLA DE ACERO INOX. STD 1580/1880/1280 CON RUEDAS,Unidad,11.0000,0.0000,11.0000,95.0000,1045.00,251.5900,95.0000,,,,,,,,2025-10-15,4,2026-01-26 07:38:13,2026-02-13 09:28:21.623000,CEDEÑO CONTRERAS CESAR PATRICIO,Und,1,,,,,COMPRA LOCAL,15.00,NO,,,0E-16,,0E-16,,0E-16,,
2026,2,8003 - REMISIONES GUAYAQUIL,CODIFICACION,VIDEOJET,ACCESORIOS,,LE0019,LE0019,,,CONSOLA DE ACERO INOX. STD 1580/1880/1280 CON RUEDAS,Unidad,4.0000,0.0000,4.0000,95.0000,380.00,251.5900,95.0000,,,,,,,,2025-10-15,4,2026-01-31 18:54:52,2026-02-13 09:28:21.623000,CEDEÑO CONTRERAS CESAR PATRICIO,Und,1,,,,,COMPRA LOCAL,15.00,NO,,,0E-16,,0E-16,,0E-16,,
2026,2,8003 - REMISIONES GUAYAQUIL,CODIFICACION,VIDEOJET,ACCESORIOS,,LE0020,LE0020,,,SOPORTE/PEDESTAL DEL CABEZAL,Unidad,5.0000,0.0000,5.0000,90.0000,450.00,312.3800,90.0000,,,,,,,,2025-10-15,4,2025-11-30 04:26:00,2026-02-13 09:28:21.623000,CEDEÑO CONTRERAS CESAR PATRICIO,Und,1,,,,,COMPRA LOCAL,15.00,NO,,,0E-16,,0E-16,,0E-16,,
2026,2,1031 - BODEGA EQUIPOS USADOS  OPERATIVOS UIO,CODIFICACION,VIDEOJET,ACCESORIOS,,LE0020,LE0020,,,SOPORTE/PEDESTAL DEL CABEZAL,Unidad,1.0000,0.0000,1.0000,90.0000,90.00,312.3800,90.0000,,,,,,,,2025-10-15,4,,2026-02-13 09:28:21.623000,CEDEÑO CONTRERAS CESAR PATRICIO,Und,1,,,,,COMPRA LOCAL,15.00,NO,,,0E-16,,0E-16,,0E-16,,
2026,2,2030 - BODEGA DISPONIBLE PARA LA VENTA GYE,CODIFICACION,VIDEOJET,ACCESORIOS,,LE0020,LE0020,,,SOPORTE/PEDESTAL DEL CABEZAL,Unidad,9.0000,0.0000,9.0000,90.0000,810.00,312.3800,90.0000,,,,,,,,2025-10-15,4,2026-01-26 07:38:13,2026-02-13 09:28:21.623000,CEDEÑO CONTRERAS CESAR PATRICIO,Und,1,,,,,COMPRA LOCAL,15.00,NO,,,0E-16,,0E-16,,0E-16,,
2026,2,1030 - BODEGA DISPONIBLE PARA LA VENTA UIO,CODIFICACION,VIDEOJET,ACCESORIOS,,LE0020,LE0020,,,SOPORTE/PEDESTAL DEL CABEZAL,Unidad,3.0000,0.0000,3.0000,90.0000,270.00,312.3800,90.0000,,,,,,,,2025-10-15,4,,2026-02-13 09:28:21.623000,CEDEÑO CONTRERAS CESAR PATRICIO,Und,1,,,,,COMPRA LOCAL,15.00,NO,,,0E-16,,0E-16,,0E-16,,
2026,2,8002 - REMISIONES QUITO,CODIFICACION,VIDEOJET,ACCESORIOS,,LE0020,LE0020,,,SOPORTE/PEDESTAL DEL CABEZAL,Unidad,1.0000,0.0000,1.0000,90.0000,90.00,312.3800,90.0000,,,,,,,,2025-10-15,4,,2026-02-13 09:28:21.623000,CEDEÑO CONTRERAS CESAR PATRICIO,Und,1,,,,,COMPRA LOCAL,15.00,NO,,,0E-16,,0E-16,,0E-16,,
2026,2,2030 - BODEGA DISPONIBLE PARA LA VENTA GYE,CODIFICACION,VIDEOJET,ACCESORIOS,,153124,153124,,,HEATER ASSY (2300 Series),Unidad,2.0000,0.0000,2.0000,886.9875,1773.98,1844.9700,785.0900,,,,,B1-P59-F1,,,2025-10-19,118,2025-11-24 11:10:17,2025-10-22 07:40:05,VIDEOJET TECHNOLOGIES INT.,Und,1,,,,,COMPRA EXTERIOR,15.00,NO,,,0E-16,,0E-16,,0E-16,,
2026,2,8004 - REMISIONES MANTA,CODIFICACION,MASTERCORP,RIBBON,,M-33X500 NE350,M-33X500 NE350,,,RIBBON RESINA/RESINA 33MM X 500M,Unidad,20.0000,0.0000,20.0000,9.0150,180.30,15.9800,8.0200,,,,,,,,2025-10-20,120,2026-01-31 19:23:18,2025-10-20 03:17:23,MASTERCORP DO BRASIL EIRE LI,Und,1,,,,,COMPRA EXTERIOR,15.00,NO,,,0E-16,,0E-16,,0E-16,,
2026,2,4030 - BODEGA DISPONIBLE PARA LA VENTA MANTA,CODIFICACION,MASTERCORP,RIBBON,,M-33X500 NE350,M-33X500 NE350,,,RIBBON RESINA/RESINA 33MM X 500M,Unidad,1.0000,0.0000,1.0000,9.0150,9.02,15.9800,8.0200,,,,,,,,2025-10-20,120,,2025-10-20 03:17:23,MASTERCORP DO BRASIL EIRE LI,Und,1,,,,,COMPRA EXTERIOR,15.00,NO,,,0E-16,,0E-16,,0E-16,,
2026,2,2030 - BODEGA DISPONIBLE PARA LA VENTA GYE,CODIFICACION,VIDEOJET,REPUESTOS,,153126,153126,,,"O-Ring TTO, ENCODER",Unidad,10.0000,0.0000,10.0000,3.8130,38.13,5.9000,3.4730,,,,,B1-P58-F1,,,2025-11-07,95,,2025-11-14 07:16:44,VIDEOJET TECHNOLOGIES INT.,Und,1,,,,,COMPRA EXTERIOR,15.00,NO,,,0E-16,,0E-16,,0E-16,,
2026,2,2021 - MALETÍN TÉCNICOS GYE,CODIFICACION,VIDEOJET,ACCESORIOS,,LE0023,LE0023,,,CABLE CONEC RECTO HEMBRA M12/8 PIN 10M,Unidad,1.0000,0.0000,1.0000,86.3800,86.38,165.5700,95.9800,,,,,,,,2025-11-13,92,,2025-11-17 11:34:22.653000,ECUAINSETEC CIA. LTDA.,Und,1,,,,,COMPRA LOCAL,15.00,NO,,,0E-16,,0E-16,,0E-16,,
2026,2,2030 - BODEGA DISPONIBLE PARA LA VENTA GYE,CODIFICACION,VIDEOJET,CINTAS,,15-B33KQ25-600,15-B33KQ25-600,,,"Basic grade ribbon, 33mm width, 600 meters long, 25 rolls",Unidad,10.0000,0.0000,10.0000,12.7600,127.60,24.9000,11.2112,,,,,B1-P40-F4,,,2025-11-17,89,,2025-11-20 09:17:20,VIDEOJET TECHNOLOGIES INT.,Und,1,,,,,COMPRA LOCAL,15.00,NO,,,0E-16,,0E-16,,0E-16,,
2026,2,1030 - BODEGA DISPONIBLE PARA LA VENTA UIO,CODIFICACION,VIDEOJET,CINTAS,,15-B33KQ25-600,15-B33KQ25-600,,,"Basic grade ribbon, 33mm width, 600 meters long, 25 rolls",Unidad,11.0000,0.0000,11.0000,12.7600,140.36,24.9000,11.2112,,,,,P34-N02,,,2025-11-17,89,,2025-11-20 09:17:20,VIDEOJET TECHNOLOGIES INT.,Und,1,,,,,COMPRA LOCAL,15.00,NO,,,0E-16,,0E-16,,0E-16,,
2026,2,2030 - BODEGA DISPONIBLE PARA LA VENTA GYE,CODIFICACION,WUHAN,REPUESTOS,,OP10010,OP10010,,,Bearing 1201,Unidad,12.0000,0.0000,12.0000,5.7125,68.55,9.5000,4.3000,,,,,B1-P59-F2,,,2025-11-18,89,,2025-11-20 09:58:10,WUHAN WIDODA CO.LTD,Und,1,,,,,COMPRA EXTERIOR,15.00,NO,,,0E-16,,0E-16,,0E-16,,
2026,2,2030 - BODEGA DISPONIBLE PARA LA VENTA GYE,CODIFICACION,KETAN,REPUESTOS,,KTP-000326,KTP-000326,,,Ventilador Sanyo Denki 40 mm 12VDC 109P0412H602,Unidad,6.0000,0.0000,6.0000,42.3300,253.98,81.9000,35.0000,,,,,B1-P60-F4,,,2025-11-20,82,,2025-11-27 18:54:49,KETAN ARGENTINA SOCIEDAD ANONIMA,Und,1,,,,,COMPRA EXTERIOR,15.00,NO,,,0E-16,,0E-16,,0E-16,,
2026,2,2030 - BODEGA DISPONIBLE PARA LA VENTA GYE,CODIFICACION,KETAN,REPUESTOS,,KTA-000005,KTA-000005,,,ELECTROVALVULA 3/5 VIAS CON CABLE (L14-T32C-AT-G18-1P3),Unidad,3.0000,0.0000,3.0000,280.5532,841.66,606.6700,260.0000,,,,,B1-P60-F4,,,2025-11-20,12,,2026-02-05 16:19:35.790000,KETAN ARGENTINA SOCIEDAD ANONIMA,Und,1,,,,,COMPRA EXTERIOR,15.00,NO,,,0E-16,,0E-16,,0E-16,,
2026,2,8003 - REMISIONES GUAYAQUIL,CODIFICACION,KETAN,REPUESTOS,,KTA-000005,KTA-000005,,,ELECTROVALVULA 3/5 VIAS CON CABLE (L14-T32C-AT-G18-1P3),Unidad,4.0000,0.0000,4.0000,280.5532,1122.21,606.6700,260.0000,,,,,,,,2025-11-20,12,2025-12-31 19:19:38,2026-02-05 16:19:35.790000,KETAN ARGENTINA SOCIEDAD ANONIMA,Und,1,,,,,COMPRA EXTERIOR,15.00,NO,,,0E-16,,0E-16,,0E-16,,
2026,2,8002 - REMISIONES QUITO,CODIFICACION,VIDEOJET,ACCESORIOS,,LE0024,LE0024,,,SUJETADOR DE CABEZAL (HOLDER),Unidad,4.0000,0.0000,4.0000,38.4000,153.60,138.9200,38.4000,,,,,,,,2025-11-27,75,,2025-12-04 22:30:00,VILLON CONSUEGRA NESTOR GONZALO,Und,1,,,,,COMPRA LOCAL,15.00,NO,,,0E-16,,0E-16,,0E-16,,
2026,2,8003 - REMISIONES GUAYAQUIL,CODIFICACION,VIDEOJET,ACCESORIOS,,LE0024,LE0024,,,SUJETADOR DE CABEZAL (HOLDER),Unidad,4.0000,0.0000,4.0000,38.4000,153.60,138.9200,38.4000,,,,,,,,2025-11-27,75,,2025-12-04 22:30:00,VILLON CONSUEGRA NESTOR GONZALO,Und,1,,,,,COMPRA LOCAL,15.00,NO,,,0E-16,,0E-16,,0E-16,,
2026,2,1031 - BODEGA EQUIPOS USADOS  OPERATIVOS UIO,CODIFICACION,VIDEOJET,ACCESORIOS,,LE0024,LE0024,,,SUJETADOR DE CABEZAL (HOLDER),Unidad,1.0000,0.0000,1.0000,38.4000,38.40,138.9200,38.4000,,,,,,,,2025-11-27,75,,2025-12-04 22:30:00,VILLON CONSUEGRA NESTOR GONZALO,Und,1,,,,,COMPRA LOCAL,15.00,NO,,,0E-16,,0E-16,,0E-16,,
2026,2,2030 - BODEGA DISPONIBLE PARA LA VENTA GYE,CODIFICACION,VIDEOJET,ACCESORIOS,,LE0024,LE0024,,,SUJETADOR DE CABEZAL (HOLDER),Unidad,1.0000,0.0000,1.0000,38.4000,38.40,138.9200,38.4000,,,,,B1-P59-F2,,,2025-11-27,75,2026-01-26 07:38:13,2025-12-04 22:30:00,VILLON CONSUEGRA NESTOR GONZALO,Und,1,,,,,COMPRA LOCAL,15.00,NO,,,0E-16,,0E-16,,0E-16,,
2026,2,1030 - BODEGA DISPONIBLE PARA LA VENTA UIO,CODIFICACION,VIDEOJET,ACCESORIOS,,LE0024,LE0024,,,SUJETADOR DE CABEZAL (HOLDER),Unidad,5.0000,0.0000,5.0000,38.4000,192.00,138.9200,38.4000,,,,,P35-N07,,,2025-11-27,75,2025-12-19 05:52:28,2025-12-04 22:30:00,VILLON CONSUEGRA NESTOR GONZALO,Und,1,,,,,COMPRA LOCAL,15.00,NO,,,0E-16,,0E-16,,0E-16,,
2026,2,8002 - REMISIONES QUITO,CODIFICACION,VIDEOJET,ACCESORIOS,,LE0025,LE0025,,,CABLE CONEC HEMBRA ANGULAR M8/4PIN 5M,Unidad,1.0000,0.0000,1.0000,35.9000,35.90,68.8200,39.8900,,,,,,,,2025-11-27,63,,2025-12-16 20:06:01.227000,ECUAINSETEC CIA. LTDA.,Und,1,,,,,COMPRA LOCAL,15.00,NO,,,0E-16,,0E-16,,0E-16,,
2026,2,2030 - BODEGA DISPONIBLE PARA LA VENTA GYE,CODIFICACION,VIDEOJET,ACCESORIOS,,LE0029,LE0029,,,SOPORTE DOBLE PARA EQUIPO 2380,Unidad,1.0000,0.0000,1.0000,433.0000,433.00,829.9200,433.0000,,,,,,,,2025-12-30,49,,2025-12-30 11:18:00,VILLON CONSUEGRA NESTOR GONZALO,Und,1,,,,,COMPRA LOCAL,15.00,NO,,,0E-16,,0E-16,,0E-16,,
2026,2,1030 - BODEGA DISPONIBLE PARA LA VENTA UIO,CODIFICACION,VIDEOJET,ACCESORIOS,,LE0032,LE0032,,,Sensor Inductive. 18-7DP M18 PNP-NO ALC:7MM 12-24VDC RASANTE 62MM,Unidad,1.0000,0.0000,1.0000,38.1200,38.12,73.0700,38.1200,,,,,,,,2026-01-09,26,,2026-01-22 11:22:39.173000,SIZA SIMBAÑA ROBERTO MARCELO,Und,1,,,,,COMPRA LOCAL,15.00,NO,,,0E-16,,0E-16,,0E-16,,
2026,2,2030 - BODEGA DISPONIBLE PARA LA VENTA GYE,CODIFICACION,VIDEOJET,ACCESORIOS,,LE0033,LE0033,,,UPS SAT 1000VA/480W A 4 SALIDAS,Unidad,1.0000,0.0000,1.0000,64.0000,64.00,122.6700,64.0000,,,,,,,,2026-01-09,35,,2026-01-13 16:06:19.037000,SIZA SIMBAÑA ROBERTO MARCELO,Und,1,,,,,COMPRA LOCAL,15.00,NO,,,0E-16,,0E-16,,0E-16,,
2026,2,2030 - BODEGA DISPONIBLE PARA LA VENTA GYE,CODIFICACION,MASTERCORP,RIBBON,,M-110X600 WHITE,M-110X600 WHITE,,,RIBBON RESINA 110MM X 600 WHITE,Unidad,7.0000,0.0000,7.0000,43.4100,303.87,119.8000,38.2800,,,,,B1-P49-F1,,,2026-01-09,36,2026-01-19 17:08:27,2026-01-12 07:16:32,MASTERCORP DO BRASIL EIRE LI,Und,1,,,,,COMPRA EXTERIOR,15.00,NO,,,0E-16,,0E-16,,0E-16,,
2026,2,8002 - REMISIONES QUITO,CODIFICACION,VIDEOJET,ACCESORIOS,,LE0034,LE0034,,,SENSOR PALPADOR SUPR FONDO LUZ ROJA AJUSTABLE 20..300MM PNP NA-NC CABLE 2M,Unidad,1.0000,0.0000,1.0000,96.9500,96.95,185.8200,107.7200,,,,,,,,2026-01-23,25,,2026-01-23 14:57:56.823000,ECUAINSETEC CIA. LTDA.,Und,1,,,,,COMPRA LOCAL,15.00,NO,,,0E-16,,0E-16,,0E-16,,
2026,2,8002 - REMISIONES QUITO,CODIFICACION,VIDEOJET,ACCESORIOS,,LE0035,LE0035,,,VERTICAL MOUNTING BRACKET FOR CX,Unidad,1.0000,0.0000,1.0000,2.1300,2.13,4.0900,2.3700,,,,,,,,2026-01-23,25,,2026-01-23 14:57:56.823000,ECUAINSETEC CIA. LTDA.,Und,1,,,,,COMPRA LOCAL,15.00,NO,,,0E-16,,0E-16,,0E-16,,
2026,2,8003 - REMISIONES GUAYAQUIL,CODIFICACION,VIDEOJET,ACCESORIOS,,LE0037,LE0037,,,VARIADOR DE VELOCIDAD WS-L 120 220 VAC,Unidad,10.0000,0.0000,10.0000,51.0000,510.00,98.1000,68.0000,,,,,,,,2026-01-23,21,,2026-01-27 10:32:46.977000,SIZA SIMBAÑA ROBERTO MARCELO,Und,1,,,,,COMPRA LOCAL,15.00,NO,,,0E-16,,0E-16,,0E-16,,
2026,2,1030 - BODEGA DISPONIBLE PARA LA VENTA UIO,CODIFICACION,VIDEOJET,ACCESORIOS,,LE0037,LE0037,,,VARIADOR DE VELOCIDAD WS-L 120 220 VAC,Unidad,3.0000,0.0000,3.0000,51.0000,153.00,98.1000,68.0000,,,,,,,,2026-01-23,21,,2026-01-27 10:32:46.977000,SIZA SIMBAÑA ROBERTO MARCELO,Und,1,,,,,COMPRA LOCAL,15.00,NO,,,0E-16,,0E-16,,0E-16,,
2026,2,2030 - BODEGA DISPONIBLE PARA LA VENTA GYE,CODIFICACION,VIDEOJET,ACCESORIOS,,LE0037,LE0037,,,VARIADOR DE VELOCIDAD WS-L 120 220 VAC,Unidad,2.0000,0.0000,2.0000,51.0000,102.00,98.1000,68.0000,,,,,B1-P60-F2,,,2026-01-23,21,,2026-01-27 10:32:46.977000,SIZA SIMBAÑA ROBERTO MARCELO,Und,1,,,,,COMPRA LOCAL,15.00,NO,,,0E-16,,0E-16,,0E-16,,
2026,2,2030 - BODEGA DISPONIBLE PARA LA VENTA GYE,CODIFICACION,VIDEOJET,ACCESORIOS,,LE0038,LE0038,,,SENSOR FOTO/DIFUSO PNP 12-24VDC BJ1M-DDT-P,Unidad,1.0000,0.0000,1.0000,75.0000,75.00,143.7500,75.0000,,,,,B1-P59-F2,,,2026-01-27,14,,2026-02-03 14:29:30.870000,SENSORCONTROL SENSORES Y CONTROLADORES S.A,Und,1,,,,,COMPRA LOCAL,15.00,NO,,,0E-16,,0E-16,,0E-16,,
2026,2,8001 - TRANSFERENCIAS EN TRÁNSITO,CODIFICACION,VIDEOJET,REPUESTOS,,153152,153152,,,"FILTER, RECLAIM 23-80",Unidad,3.0000,0.0000,3.0000,97.5600,292.68,229.2700,97.5600,,,,,,,,2026-02-09,5,,2026-02-12 15:00:55.323000,VIDEOJET TECHNOLOGIES INT.,Und,1,,,,,COMPRA EXTERIOR,15.00,NO,,,0E-16,,0E-16,,0E-16,,
2026,2,8001 - TRANSFERENCIAS EN TRÁNSITO,CODIFICACION,VIDEOJET,REPUESTOS,,153153,153153,,,MAINTENANCE KIT 23-80,Unidad,1.0000,0.0000,1.0000,281.6700,281.67,661.9200,281.6700,,,,,,,,2026-02-09,5,,2026-02-12 15:00:55.323000,VIDEOJET TECHNOLOGIES INT.,Und,1,,,,,COMPRA EXTERIOR,15.00,NO,,,0E-16,,0E-16,,0E-16,,
2026,2,2030 - BODEGA DISPONIBLE PARA LA VENTA GYE,CODIFICACION,VIDEOJET,REPUESTOS,,153153,153153,,,MAINTENANCE KIT 23-80,Unidad,1.0000,0.0000,1.0000,281.6700,281.67,661.9200,281.6700,,,,,,,,2026-02-09,5,,2026-02-12 15:00:55.323000,VIDEOJET TECHNOLOGIES INT.,Und,1,,,,,COMPRA EXTERIOR,15.00,NO,,,0E-16,,0E-16,,0E-16,,
2026,2,8001 - TRANSFERENCIAS EN TRÁNSITO,CODIFICACION,VIDEOJET,REPUESTOS,,153154,153154,,,Monobloque del Sistema de Tinta 23-80,Unidad,1.0000,0.0000,1.0000,1007.0900,1007.09,2366.6600,1007.0900,,,,,,,,2026-02-09,5,,2026-02-12 15:00:55.323000,VIDEOJET TECHNOLOGIES INT.,Und,1,,,,,COMPRA EXTERIOR,15.00,NO,,,0E-16,,0E-16,,0E-16,,
